material_id,material_name,product_family,tds_found,industry_level_1,category_level_2,application_level_3,is_primary_application,application_function_details,validation_status
1,GMS (Mono & Diglycerides of Fatty Acids),GMS (Mono & Diglycerides of Fatty Acids),Yes,Bakery,Cake & Bakery,Sponge Cake / Muffin,Yes,"Promotes rapid batter aeration, fine crumb structure, moisture retention, and anti-staling softness.",R&D Validated
1,GMS (Mono & Diglycerides of Fatty Acids),GMS (Mono & Diglycerides of Fatty Acids),Yes,Dairy,Butter & Margarine,Table / Industrial Margarine,No,Stabilizes water-in-oil emulsion and controls crystal morphology in shortenings and table spreads.,R&D Validated
1,GMS (Mono & Diglycerides of Fatty Acids),GMS (Mono & Diglycerides of Fatty Acids),Yes,Dairy,Frozen Dairy,Ice Cream & Frozen Desserts,No,"Promotes fat agglomeration, improves extrusion stiffness, and retards ice crystal growth.",R&D Validated
2,Cellulose casing - 23E*84,Cellulose Casings,Yes,Meat & Poultry,Sausage Casings,Shirred Cellulose Casings,Yes,"High mechanical tensile strength for automated stuffing of hot dogs, frankfurters, and smoked sausages, uniform caliber diameter, optimal smoke permeability, and clean peeling.",R&D Validated
3,NRE 1000,NRE 1000,Yes,Meat & Poultry,Processed Meat,Emulsified Sausages,Yes,Heat- and light-stable vivid cured pink-to-red hue in frankfurters and sausages.,R&D Validated
3,NRE 1000,NRE 1000,Yes,Dairy,Fermented Dairy,Yogurt,No,Vivid strawberry and cherry coloration in yogurts and dairy desserts.,R&D Validated
4,NRE 1500,NRE 1500,Yes,Meat & Poultry,Processed Meat,Emulsified Sausages,Yes,Heat- and light-stable vivid cured pink-to-red hue in frankfurters and sausages.,R&D Validated
4,NRE 1500,NRE 1500,Yes,Dairy,Fermented Dairy,Yogurt,No,Vivid strawberry and cherry coloration in yogurts and dairy desserts.,R&D Validated
5,ANTIFOAM COMPOUND,Antifoam Compounds,Yes,Beverages,Processing & Bottling,Carbonated Bottling & Juice Degassing,Yes,Rapid foam knockdown during carbonated beverage bottling and thermal fruit juice processing.,R&D Validated
5,ANTIFOAM COMPOUND,Antifoam Compounds,Yes,Dairy,Reconstitution & Milk Processing,Reconstituted Milk & Whey Processing,No,Suppresses foam formation during high-shear milk powder reconstitution and whey separation.,R&D Validated
5,ANTIFOAM COMPOUND,Antifoam Compounds,Yes,"Sauces, Condiments & Dressings",Sauces & Starch Cooking,Ketchup & Starch Washing,No,"Bubble suppression during sauce cooking, starch gelatinization, and potato washing.",R&D Validated
6,Revastab - M205,Revastab - M205,Yes,Dairy,Cheese & Dairy Systems,Processed Cheese & Dairy Spreads,Yes,"Functional dairy texturizer and stabilizer improving dry matter consistency, texture body, and shelf-life stability.",R&D Validated
6,Revastab - M205,Revastab - M205,Yes,Bakery,Cake & Bakery,Sponge Cake & Pastry Fillings,No,Texture enhancement and moisture stabilization.,R&D Validated
7,REVATEX -TS4,Textra Modified Starches,Yes,"Sauces, Condiments & Dressings",Tomato & Table Sauces,Ketchup & BBQ Sauces,Yes,"Delivers freeze-thaw stability, high shear resistance, glossy sheen, and smooth texture.",R&D Validated
7,REVATEX -TS4,Textra Modified Starches,Yes,Dairy,Fermented Dairy,Yogurt,No,Provides spoonable thickness and creaminess without syneresis.,R&D Validated
7,REVATEX -TS4,Textra Modified Starches,Yes,Bakery,Pastry Fillings,Bake-Stable Jams & Pie Fillings,No,Bake-stable body builder in fruit custards and fillings.,R&D Validated
8,TVP Soya Local,Soya Proteins & TVP,Yes,Meat & Poultry,Minced Meat & Meat Alternatives,"Burgers, Kofta & Plant-Based Nuggets",Yes,"Provides meat-like fibrous chewiness, binds fat and water, reduces formulation cost, and builds structure in meat patties and plant-based nuggets.",R&D Validated
8,TVP Soya Local,Soya Proteins & TVP,Yes,Bakery,Bread & Nutrition,High-Protein Bread & Energy Bars,No,"Enhances dough water absorption, strengthens gluten matrix, and boosts nutritional protein content.",R&D Validated
9,Microcrystalline Cellulose Gel (Type: H811F),Microcrystalline Cellulose Gel (Type: H811F),Yes,"Sauces, Condiments & Dressings",Emulsified Sauces & Dips,Mayonnaise / Salad Dressings,Yes,Thixotropic network builder providing fat-like body and suspension stability.,R&D Validated
9,Microcrystalline Cellulose Gel (Type: H811F),Microcrystalline Cellulose Gel (Type: H811F),Yes,Dairy,Frozen Dairy,Ice Cream & Frozen Desserts,No,Controls ice crystal growth and heat-shock stability.,R&D Validated
10,Sodium Nitrite-Germany-25kg,Sodium Nitrite Food Grade,Yes,Meat & Poultry,Processed Meat,Emulsified Sausages & Restructured Meat,Yes,"Optimizes meat protein binding, cured color fixation, texture cross-linking, and shelf-life extension in sausages, luncheon, and beef pastrami.",R&D Validated
11,"Paprika Oleoresin 20,000 CU",Paprika Oleoresin,Yes,Snacks & Savory Seasonings,Topical Seasonings & Dusting,Potato Chips / Extruded Snacks,Yes,Standardized carotenoid color (ASTA / Color Units) combined with authentic sweet paprika aroma.,R&D Validated
11,"Paprika Oleoresin 20,000 CU",Paprika Oleoresin,Yes,Meat & Poultry,Processed Meat,Emulsified Sausages,No,Natural red-orange color standardization and mild warm spice notes in sausages.,R&D Validated
11,"Paprika Oleoresin 20,000 CU",Paprika Oleoresin,Yes,"Sauces, Condiments & Dressings",Tomato & Table Sauces,Ketchup & BBQ Sauces,No,Enhances tomato hue and warm spice background in sauces.,R&D Validated
12,Technical Data Sheet of Natural red color,Technical Data Sheet of Natural red color,Yes,Meat & Poultry,Processed Meat,Emulsified Sausages,Yes,Heat- and light-stable vivid cured pink-to-red hue in frankfurters and sausages.,R&D Validated
12,Technical Data Sheet of Natural red color,Technical Data Sheet of Natural red color,Yes,Dairy,Fermented Dairy,Yogurt,No,Vivid strawberry and cherry coloration in yogurts and dairy desserts.,R&D Validated
13,Tex Mono 160,Tex Emulsifiers (Mono & Diglycerides),Yes,Bakery,Cake & Bakery,Sponge Cake / Muffin,Yes,"Promotes rapid batter aeration, fine crumb structure, moisture retention, and anti-staling softness.",R&D Validated
13,Tex Mono 160,Tex Emulsifiers (Mono & Diglycerides),Yes,Dairy,Butter & Margarine,Table / Industrial Margarine,No,Stabilizes water-in-oil emulsion and controls crystal morphology in shortenings and table spreads.,R&D Validated
13,Tex Mono 160,Tex Emulsifiers (Mono & Diglycerides),Yes,Dairy,Frozen Dairy,Ice Cream & Frozen Desserts,No,"Promotes fat agglomeration, improves extrusion stiffness, and retards ice crystal growth.",R&D Validated
14,Textra Bake C 10,Textra Bakery & Leavening Systems,Yes,Bakery,Pastry,Croissant / Laminated Pastry,Yes,"Strengthens gluten matrix, improves dough extensibility, and provides flaky crumb lamination.",R&D Validated
14,Textra Bake C 10,Textra Bakery & Leavening Systems,Yes,Bakery,Bread,Sliced Bread / Buns / Rolls,No,Improves gas retention and bread oven spring.,R&D Validated
15,Textra Baking 100,Textra Bakery & Leavening Systems,Yes,Bakery,Cake & Bakery,Sponge Cake / Muffin,Yes,Engineered double-acting chemical leavening blend ensuring controlled CO2 release for maximum batter volume.,R&D Validated
16,Textra Baking 150,Textra Bakery & Leavening Systems,Yes,Bakery,Cake & Bakery,Sponge Cake / Muffin,Yes,Engineered double-acting chemical leavening blend ensuring controlled CO2 release for maximum batter volume.,R&D Validated
17,Textra CM 110,Textra Dairy & Ice Cream Stabilizers,Yes,Bakery,Cake & Bakery,Sponge Cake / Muffin,Yes,"Promotes rapid batter aeration, fine crumb structure, moisture retention, and anti-staling softness.",R&D Validated
17,Textra CM 110,Textra Dairy & Ice Cream Stabilizers,Yes,Dairy,Butter & Margarine,Table / Industrial Margarine,No,Stabilizes water-in-oil emulsion and controls crystal morphology in shortenings and table spreads.,R&D Validated
17,Textra CM 110,Textra Dairy & Ice Cream Stabilizers,Yes,Dairy,Frozen Dairy,Ice Cream & Frozen Desserts,No,"Promotes fat agglomeration, improves extrusion stiffness, and retards ice crystal growth.",R&D Validated
18,Corn Starch-Local-25kg,Corn Starch-Local-25kg,Yes,"Sauces, Condiments & Dressings",Tomato & Table Sauces,Ketchup & BBQ Sauces,Yes,"Delivers freeze-thaw stability, high shear resistance, glossy sheen, and smooth texture.",R&D Validated
18,Corn Starch-Local-25kg,Corn Starch-Local-25kg,Yes,Dairy,Fermented Dairy,Yogurt,No,Provides spoonable thickness and creaminess without syneresis.,R&D Validated
18,Corn Starch-Local-25kg,Corn Starch-Local-25kg,Yes,Bakery,Pastry Fillings,Bake-Stable Jams & Pie Fillings,No,Bake-stable body builder in fruit custards and fillings.,R&D Validated
19,Antifoam LPD,Antifoam Compounds,Yes,Beverages,Processing & Bottling,Carbonated Bottling & Juice Degassing,Yes,Rapid foam knockdown during carbonated beverage bottling and thermal fruit juice processing.,R&D Validated
19,Antifoam LPD,Antifoam Compounds,Yes,Dairy,Reconstitution & Milk Processing,Reconstituted Milk & Whey Processing,No,Suppresses foam formation during high-shear milk powder reconstitution and whey separation.,R&D Validated
19,Antifoam LPD,Antifoam Compounds,Yes,"Sauces, Condiments & Dressings",Sauces & Starch Cooking,Ketchup & Starch Washing,No,"Bubble suppression during sauce cooking, starch gelatinization, and potato washing.",R&D Validated
23,Fell 120 R,Fell 120 R,Yes,Dairy,Cheese & Dairy Systems,Processed Cheese & Dairy Spreads,Yes,"Functional dairy texturizer and stabilizer improving dry matter consistency, texture body, and shelf-life stability.",R&D Validated
23,Fell 120 R,Fell 120 R,Yes,Bakery,Cake & Bakery,Sponge Cake & Pastry Fillings,No,Texture enhancement and moisture stabilization.,R&D Validated
24,Fell 120 RX,Fell 120 RX,Yes,Dairy,Cheese & Dairy Systems,Processed Cheese & Dairy Spreads,Yes,"Functional dairy texturizer and stabilizer improving dry matter consistency, texture body, and shelf-life stability.",R&D Validated
24,Fell 120 RX,Fell 120 RX,Yes,Bakery,Cake & Bakery,Sponge Cake & Pastry Fillings,No,Texture enhancement and moisture stabilization.,R&D Validated
25,Feta 341,Textra Cheese Stabilizers,Yes,Dairy,Cheese,White Cheese / Feta,Yes,"Enhances curd firmness, optimizes slicing integrity, improves yield, and binds moisture stably during refrigerated brine aging.",R&D Validated
26,Feta 400,Textra Cheese Stabilizers,Yes,Dairy,Cheese,Triangular Processed Cheese,Yes,Specialized texturizer and emulsification stabilizer to prevent fat separation and eliminate oiling-off in portioned foil triangles.,R&D Validated
26,Feta 400,Textra Cheese Stabilizers,Yes,Dairy,Cheese,Spreadable Processed Cheese,No,Delivers smooth velvety spreadability and emulsion stability in glass jars and plastic tubs.,R&D Validated
27,Meat Tenderizer,Meat Tenderizer,Yes,Meat & Poultry,Processed Meat,Emulsified Sausages & Restructured Meat,Yes,"Optimizes meat protein binding, cured color fixation, texture cross-linking, and shelf-life extension in sausages, luncheon, and beef pastrami.",R&D Validated
28,Ingreva RevaStab MC100,Textra / Revastab Meat & Gelling Blends,Yes,Dairy,Cheese & Dairy Systems,Processed Cheese & Dairy Spreads,Yes,"Functional dairy texturizer and stabilizer improving dry matter consistency, texture body, and shelf-life stability.",R&D Validated
28,Ingreva RevaStab MC100,Textra / Revastab Meat & Gelling Blends,Yes,Bakery,Cake & Bakery,Sponge Cake & Pastry Fillings,No,Texture enhancement and moisture stabilization.,R&D Validated
29,Ingreva RevaStab MCG,Textra / Revastab Meat & Gelling Blends,Yes,Dairy,Cheese & Dairy Systems,Processed Cheese & Dairy Spreads,Yes,"Functional dairy texturizer and stabilizer improving dry matter consistency, texture body, and shelf-life stability.",R&D Validated
29,Ingreva RevaStab MCG,Textra / Revastab Meat & Gelling Blends,Yes,Bakery,Cake & Bakery,Sponge Cake & Pastry Fillings,No,Texture enhancement and moisture stabilization.,R&D Validated
30,Ingreva RevaStab MCV,Textra / Revastab Meat & Gelling Blends,Yes,Dairy,Cheese & Dairy Systems,Processed Cheese & Dairy Spreads,Yes,"Functional dairy texturizer and stabilizer improving dry matter consistency, texture body, and shelf-life stability.",R&D Validated
30,Ingreva RevaStab MCV,Textra / Revastab Meat & Gelling Blends,Yes,Bakery,Cake & Bakery,Sponge Cake & Pastry Fillings,No,Texture enhancement and moisture stabilization.,R&D Validated
32,NRC 600,NRC 600,Yes,Dairy,Cheese & Dairy Systems,Processed Cheese & Dairy Spreads,Yes,"Functional dairy texturizer and stabilizer improving dry matter consistency, texture body, and shelf-life stability.",R&D Validated
32,NRC 600,NRC 600,Yes,Bakery,Cake & Bakery,Sponge Cake & Pastry Fillings,No,Texture enhancement and moisture stabilization.,R&D Validated
33,NRC500,NRC500,Yes,Dairy,Cheese & Dairy Systems,Processed Cheese & Dairy Spreads,Yes,"Functional dairy texturizer and stabilizer improving dry matter consistency, texture body, and shelf-life stability.",R&D Validated
33,NRC500,NRC500,Yes,Bakery,Cake & Bakery,Sponge Cake & Pastry Fillings,No,Texture enhancement and moisture stabilization.,R&D Validated
34,NRC600,NRC600,Yes,Dairy,Cheese & Dairy Systems,Processed Cheese & Dairy Spreads,Yes,"Functional dairy texturizer and stabilizer improving dry matter consistency, texture body, and shelf-life stability.",R&D Validated
34,NRC600,NRC600,Yes,Bakery,Cake & Bakery,Sponge Cake & Pastry Fillings,No,Texture enhancement and moisture stabilization.,R&D Validated
35,NRE 1400H,NRE 1400H,Yes,Dairy,Cheese & Dairy Systems,Processed Cheese & Dairy Spreads,Yes,"Functional dairy texturizer and stabilizer improving dry matter consistency, texture body, and shelf-life stability.",R&D Validated
35,NRE 1400H,NRE 1400H,Yes,Bakery,Cake & Bakery,Sponge Cake & Pastry Fillings,No,Texture enhancement and moisture stabilization.,R&D Validated
36,NRE1400,NRE1400,Yes,Dairy,Cheese & Dairy Systems,Processed Cheese & Dairy Spreads,Yes,"Functional dairy texturizer and stabilizer improving dry matter consistency, texture body, and shelf-life stability.",R&D Validated
36,NRE1400,NRE1400,Yes,Bakery,Cake & Bakery,Sponge Cake & Pastry Fillings,No,Texture enhancement and moisture stabilization.,R&D Validated
37,NRE1600,NRE1600,Yes,Dairy,Cheese & Dairy Systems,Processed Cheese & Dairy Spreads,Yes,"Functional dairy texturizer and stabilizer improving dry matter consistency, texture body, and shelf-life stability.",R&D Validated
37,NRE1600,NRE1600,Yes,Bakery,Cake & Bakery,Sponge Cake & Pastry Fillings,No,Texture enhancement and moisture stabilization.,R&D Validated
40,Phos 10,Phos 10,Yes,Meat & Poultry,Poultry Processing & Sausages,Injected Chicken / Turkey Breasts & Sausages,Yes,"Increases muscle protein ionic strength and pH, maximizing brine retention, reducing cooking purge, and enhancing sausage snap.",R&D Validated
40,Phos 10,Phos 10,Yes,Dairy,Cheese,Processed Cheese Melting Salts,No,Chelates calcium ions to convert insoluble paracasein into smooth emulsifying protein matrix in processed cheese slices and blocks.,R&D Validated
41,Phos 11,Phos 11,Yes,Meat & Poultry,Poultry Processing & Sausages,Injected Chicken / Turkey Breasts & Sausages,Yes,"Increases muscle protein ionic strength and pH, maximizing brine retention, reducing cooking purge, and enhancing sausage snap.",R&D Validated
41,Phos 11,Phos 11,Yes,Dairy,Cheese,Processed Cheese Melting Salts,No,Chelates calcium ions to convert insoluble paracasein into smooth emulsifying protein matrix in processed cheese slices and blocks.,R&D Validated
42,Phos 8,Phos 8,Yes,Meat & Poultry,Poultry Processing & Sausages,Injected Chicken / Turkey Breasts & Sausages,Yes,"Increases muscle protein ionic strength and pH, maximizing brine retention, reducing cooking purge, and enhancing sausage snap.",R&D Validated
42,Phos 8,Phos 8,Yes,Dairy,Cheese,Processed Cheese Melting Salts,No,Chelates calcium ions to convert insoluble paracasein into smooth emulsifying protein matrix in processed cheese slices and blocks.,R&D Validated
43,Phos AC04,Phos AC04,Yes,Meat & Poultry,Poultry Processing & Sausages,Injected Chicken / Turkey Breasts & Sausages,Yes,"Increases muscle protein ionic strength and pH, maximizing brine retention, reducing cooking purge, and enhancing sausage snap.",R&D Validated
43,Phos AC04,Phos AC04,Yes,Dairy,Cheese,Processed Cheese Melting Salts,No,Chelates calcium ions to convert insoluble paracasein into smooth emulsifying protein matrix in processed cheese slices and blocks.,R&D Validated
44,Phos B200,Phos B200,Yes,Meat & Poultry,Poultry Processing & Sausages,Injected Chicken / Turkey Breasts & Sausages,Yes,"Increases muscle protein ionic strength and pH, maximizing brine retention, reducing cooking purge, and enhancing sausage snap.",R&D Validated
44,Phos B200,Phos B200,Yes,Dairy,Cheese,Processed Cheese Melting Salts,No,Chelates calcium ions to convert insoluble paracasein into smooth emulsifying protein matrix in processed cheese slices and blocks.,R&D Validated
45,Phos B250,Phos B250,Yes,Meat & Poultry,Poultry Processing & Sausages,Injected Chicken / Turkey Breasts & Sausages,Yes,"Increases muscle protein ionic strength and pH, maximizing brine retention, reducing cooking purge, and enhancing sausage snap.",R&D Validated
45,Phos B250,Phos B250,Yes,Dairy,Cheese,Processed Cheese Melting Salts,No,Chelates calcium ions to convert insoluble paracasein into smooth emulsifying protein matrix in processed cheese slices and blocks.,R&D Validated
46,Phos B300,Phos B300,Yes,Meat & Poultry,Poultry Processing & Sausages,Injected Chicken / Turkey Breasts & Sausages,Yes,"Increases muscle protein ionic strength and pH, maximizing brine retention, reducing cooking purge, and enhancing sausage snap.",R&D Validated
46,Phos B300,Phos B300,Yes,Dairy,Cheese,Processed Cheese Melting Salts,No,Chelates calcium ions to convert insoluble paracasein into smooth emulsifying protein matrix in processed cheese slices and blocks.,R&D Validated
47,Phos B350,Phos B350,Yes,Meat & Poultry,Poultry Processing & Sausages,Injected Chicken / Turkey Breasts & Sausages,Yes,"Increases muscle protein ionic strength and pH, maximizing brine retention, reducing cooking purge, and enhancing sausage snap.",R&D Validated
47,Phos B350,Phos B350,Yes,Dairy,Cheese,Processed Cheese Melting Salts,No,Chelates calcium ions to convert insoluble paracasein into smooth emulsifying protein matrix in processed cheese slices and blocks.,R&D Validated
48,Phos CR116,Phos CR116,Yes,Meat & Poultry,Poultry Processing & Sausages,Injected Chicken / Turkey Breasts & Sausages,Yes,"Increases muscle protein ionic strength and pH, maximizing brine retention, reducing cooking purge, and enhancing sausage snap.",R&D Validated
48,Phos CR116,Phos CR116,Yes,Dairy,Cheese,Processed Cheese Melting Salts,No,Chelates calcium ions to convert insoluble paracasein into smooth emulsifying protein matrix in processed cheese slices and blocks.,R&D Validated
49,Phos CR120,Phos CR120,Yes,Meat & Poultry,Poultry Processing & Sausages,Injected Chicken / Turkey Breasts & Sausages,Yes,"Increases muscle protein ionic strength and pH, maximizing brine retention, reducing cooking purge, and enhancing sausage snap.",R&D Validated
49,Phos CR120,Phos CR120,Yes,Dairy,Cheese,Processed Cheese Melting Salts,No,Chelates calcium ions to convert insoluble paracasein into smooth emulsifying protein matrix in processed cheese slices and blocks.,R&D Validated
50,Phos KC12,Phos KC12,Yes,Meat & Poultry,Poultry Processing & Sausages,Injected Chicken / Turkey Breasts & Sausages,Yes,"Increases muscle protein ionic strength and pH, maximizing brine retention, reducing cooking purge, and enhancing sausage snap.",R&D Validated
50,Phos KC12,Phos KC12,Yes,Dairy,Cheese,Processed Cheese Melting Salts,No,Chelates calcium ions to convert insoluble paracasein into smooth emulsifying protein matrix in processed cheese slices and blocks.,R&D Validated
51,Phos MSL400,Phos MSL400,Yes,Meat & Poultry,Poultry Processing & Sausages,Injected Chicken / Turkey Breasts & Sausages,Yes,"Increases muscle protein ionic strength and pH, maximizing brine retention, reducing cooking purge, and enhancing sausage snap.",R&D Validated
51,Phos MSL400,Phos MSL400,Yes,Dairy,Cheese,Processed Cheese Melting Salts,No,Chelates calcium ions to convert insoluble paracasein into smooth emulsifying protein matrix in processed cheese slices and blocks.,R&D Validated
52,Phos MSL440,Phos MSL440,Yes,Meat & Poultry,Poultry Processing & Sausages,Injected Chicken / Turkey Breasts & Sausages,Yes,"Increases muscle protein ionic strength and pH, maximizing brine retention, reducing cooking purge, and enhancing sausage snap.",R&D Validated
52,Phos MSL440,Phos MSL440,Yes,Dairy,Cheese,Processed Cheese Melting Salts,No,Chelates calcium ions to convert insoluble paracasein into smooth emulsifying protein matrix in processed cheese slices and blocks.,R&D Validated
53,Phos MSL500,Phos MSL500,Yes,Meat & Poultry,Poultry Processing & Sausages,Injected Chicken / Turkey Breasts & Sausages,Yes,"Increases muscle protein ionic strength and pH, maximizing brine retention, reducing cooking purge, and enhancing sausage snap.",R&D Validated
53,Phos MSL500,Phos MSL500,Yes,Dairy,Cheese,Processed Cheese Melting Salts,No,Chelates calcium ions to convert insoluble paracasein into smooth emulsifying protein matrix in processed cheese slices and blocks.,R&D Validated
54,Phos MU100,Phos MU100,Yes,Meat & Poultry,Poultry Processing & Sausages,Injected Chicken / Turkey Breasts & Sausages,Yes,"Increases muscle protein ionic strength and pH, maximizing brine retention, reducing cooking purge, and enhancing sausage snap.",R&D Validated
54,Phos MU100,Phos MU100,Yes,Dairy,Cheese,Processed Cheese Melting Salts,No,Chelates calcium ions to convert insoluble paracasein into smooth emulsifying protein matrix in processed cheese slices and blocks.,R&D Validated
55,Phos MU200,Phos MU200,Yes,Meat & Poultry,Poultry Processing & Sausages,Injected Chicken / Turkey Breasts & Sausages,Yes,"Increases muscle protein ionic strength and pH, maximizing brine retention, reducing cooking purge, and enhancing sausage snap.",R&D Validated
55,Phos MU200,Phos MU200,Yes,Dairy,Cheese,Processed Cheese Melting Salts,No,Chelates calcium ions to convert insoluble paracasein into smooth emulsifying protein matrix in processed cheese slices and blocks.,R&D Validated
56,Phos MU300,Phos MU300,Yes,Meat & Poultry,Poultry Processing & Sausages,Injected Chicken / Turkey Breasts & Sausages,Yes,"Increases muscle protein ionic strength and pH, maximizing brine retention, reducing cooking purge, and enhancing sausage snap.",R&D Validated
56,Phos MU300,Phos MU300,Yes,Dairy,Cheese,Processed Cheese Melting Salts,No,Chelates calcium ions to convert insoluble paracasein into smooth emulsifying protein matrix in processed cheese slices and blocks.,R&D Validated
57,Phos SP101,Phos SP101,Yes,Meat & Poultry,Poultry Processing & Sausages,Injected Chicken / Turkey Breasts & Sausages,Yes,"Increases muscle protein ionic strength and pH, maximizing brine retention, reducing cooking purge, and enhancing sausage snap.",R&D Validated
57,Phos SP101,Phos SP101,Yes,Dairy,Cheese,Processed Cheese Melting Salts,No,Chelates calcium ions to convert insoluble paracasein into smooth emulsifying protein matrix in processed cheese slices and blocks.,R&D Validated
58,Phos SP102,Phos SP102,Yes,Meat & Poultry,Poultry Processing & Sausages,Injected Chicken / Turkey Breasts & Sausages,Yes,"Increases muscle protein ionic strength and pH, maximizing brine retention, reducing cooking purge, and enhancing sausage snap.",R&D Validated
58,Phos SP102,Phos SP102,Yes,Dairy,Cheese,Processed Cheese Melting Salts,No,Chelates calcium ions to convert insoluble paracasein into smooth emulsifying protein matrix in processed cheese slices and blocks.,R&D Validated
59,Phos SP120,Phos SP120,Yes,Meat & Poultry,Poultry Processing & Sausages,Injected Chicken / Turkey Breasts & Sausages,Yes,"Increases muscle protein ionic strength and pH, maximizing brine retention, reducing cooking purge, and enhancing sausage snap.",R&D Validated
59,Phos SP120,Phos SP120,Yes,Dairy,Cheese,Processed Cheese Melting Salts,No,Chelates calcium ions to convert insoluble paracasein into smooth emulsifying protein matrix in processed cheese slices and blocks.,R&D Validated
60,Phos SP122,Phos SP122,Yes,Meat & Poultry,Poultry Processing & Sausages,Injected Chicken / Turkey Breasts & Sausages,Yes,"Increases muscle protein ionic strength and pH, maximizing brine retention, reducing cooking purge, and enhancing sausage snap.",R&D Validated
60,Phos SP122,Phos SP122,Yes,Dairy,Cheese,Processed Cheese Melting Salts,No,Chelates calcium ions to convert insoluble paracasein into smooth emulsifying protein matrix in processed cheese slices and blocks.,R&D Validated
61,Phos SP125,Phos SP125,Yes,Meat & Poultry,Poultry Processing & Sausages,Injected Chicken / Turkey Breasts & Sausages,Yes,"Increases muscle protein ionic strength and pH, maximizing brine retention, reducing cooking purge, and enhancing sausage snap.",R&D Validated
61,Phos SP125,Phos SP125,Yes,Dairy,Cheese,Processed Cheese Melting Salts,No,Chelates calcium ions to convert insoluble paracasein into smooth emulsifying protein matrix in processed cheese slices and blocks.,R&D Validated
62,Phos SP130,Phos SP130,Yes,Meat & Poultry,Poultry Processing & Sausages,Injected Chicken / Turkey Breasts & Sausages,Yes,"Increases muscle protein ionic strength and pH, maximizing brine retention, reducing cooking purge, and enhancing sausage snap.",R&D Validated
62,Phos SP130,Phos SP130,Yes,Dairy,Cheese,Processed Cheese Melting Salts,No,Chelates calcium ions to convert insoluble paracasein into smooth emulsifying protein matrix in processed cheese slices and blocks.,R&D Validated
63,Phos SP135,Phos SP135,Yes,Meat & Poultry,Poultry Processing & Sausages,Injected Chicken / Turkey Breasts & Sausages,Yes,"Increases muscle protein ionic strength and pH, maximizing brine retention, reducing cooking purge, and enhancing sausage snap.",R&D Validated
63,Phos SP135,Phos SP135,Yes,Dairy,Cheese,Processed Cheese Melting Salts,No,Chelates calcium ions to convert insoluble paracasein into smooth emulsifying protein matrix in processed cheese slices and blocks.,R&D Validated
64,Phos SP140,Phos SP140,Yes,Meat & Poultry,Poultry Processing & Sausages,Injected Chicken / Turkey Breasts & Sausages,Yes,"Increases muscle protein ionic strength and pH, maximizing brine retention, reducing cooking purge, and enhancing sausage snap.",R&D Validated
64,Phos SP140,Phos SP140,Yes,Dairy,Cheese,Processed Cheese Melting Salts,No,Chelates calcium ions to convert insoluble paracasein into smooth emulsifying protein matrix in processed cheese slices and blocks.,R&D Validated
65,Phos SP145,Phos SP145,Yes,Meat & Poultry,Poultry Processing & Sausages,Injected Chicken / Turkey Breasts & Sausages,Yes,"Increases muscle protein ionic strength and pH, maximizing brine retention, reducing cooking purge, and enhancing sausage snap.",R&D Validated
65,Phos SP145,Phos SP145,Yes,Dairy,Cheese,Processed Cheese Melting Salts,No,Chelates calcium ions to convert insoluble paracasein into smooth emulsifying protein matrix in processed cheese slices and blocks.,R&D Validated
66,Phos SP152,Phos SP152,Yes,Meat & Poultry,Poultry Processing & Sausages,Injected Chicken / Turkey Breasts & Sausages,Yes,"Increases muscle protein ionic strength and pH, maximizing brine retention, reducing cooking purge, and enhancing sausage snap.",R&D Validated
66,Phos SP152,Phos SP152,Yes,Dairy,Cheese,Processed Cheese Melting Salts,No,Chelates calcium ions to convert insoluble paracasein into smooth emulsifying protein matrix in processed cheese slices and blocks.,R&D Validated
67,Phos SP154,Phos SP154,Yes,Meat & Poultry,Poultry Processing & Sausages,Injected Chicken / Turkey Breasts & Sausages,Yes,"Increases muscle protein ionic strength and pH, maximizing brine retention, reducing cooking purge, and enhancing sausage snap.",R&D Validated
67,Phos SP154,Phos SP154,Yes,Dairy,Cheese,Processed Cheese Melting Salts,No,Chelates calcium ions to convert insoluble paracasein into smooth emulsifying protein matrix in processed cheese slices and blocks.,R&D Validated
68,Phos SP227,Phos SP227,Yes,Meat & Poultry,Poultry Processing & Sausages,Injected Chicken / Turkey Breasts & Sausages,Yes,"Increases muscle protein ionic strength and pH, maximizing brine retention, reducing cooking purge, and enhancing sausage snap.",R&D Validated
68,Phos SP227,Phos SP227,Yes,Dairy,Cheese,Processed Cheese Melting Salts,No,Chelates calcium ions to convert insoluble paracasein into smooth emulsifying protein matrix in processed cheese slices and blocks.,R&D Validated
69,Phos-BS,Phos-BS,Yes,Meat & Poultry,Poultry Processing & Sausages,Injected Chicken / Turkey Breasts & Sausages,Yes,"Increases muscle protein ionic strength and pH, maximizing brine retention, reducing cooking purge, and enhancing sausage snap.",R&D Validated
69,Phos-BS,Phos-BS,Yes,Dairy,Cheese,Processed Cheese Melting Salts,No,Chelates calcium ions to convert insoluble paracasein into smooth emulsifying protein matrix in processed cheese slices and blocks.,R&D Validated
70,RevaStab ID 15 - Copy,RevaStab ID 15 - Copy,Yes,Dairy,Cheese & Dairy Systems,Processed Cheese & Dairy Spreads,Yes,"Functional dairy texturizer and stabilizer improving dry matter consistency, texture body, and shelf-life stability.",R&D Validated
70,RevaStab ID 15 - Copy,RevaStab ID 15 - Copy,Yes,Bakery,Cake & Bakery,Sponge Cake & Pastry Fillings,No,Texture enhancement and moisture stabilization.,R&D Validated
71,RevaStab ID 15,RevaStab ID 15,Yes,Dairy,Cheese & Dairy Systems,Processed Cheese & Dairy Spreads,Yes,"Functional dairy texturizer and stabilizer improving dry matter consistency, texture body, and shelf-life stability.",R&D Validated
71,RevaStab ID 15,RevaStab ID 15,Yes,Bakery,Cake & Bakery,Sponge Cake & Pastry Fillings,No,Texture enhancement and moisture stabilization.,R&D Validated
72,RevaStab NF04,RevaStab NF04,Yes,Dairy,Cheese & Dairy Systems,Processed Cheese & Dairy Spreads,Yes,"Functional dairy texturizer and stabilizer improving dry matter consistency, texture body, and shelf-life stability.",R&D Validated
72,RevaStab NF04,RevaStab NF04,Yes,Bakery,Cake & Bakery,Sponge Cake & Pastry Fillings,No,Texture enhancement and moisture stabilization.,R&D Validated
73,RevaStab PZ,RevaStab PZ,Yes,Dairy,Cheese & Dairy Systems,Processed Cheese & Dairy Spreads,Yes,"Functional dairy texturizer and stabilizer improving dry matter consistency, texture body, and shelf-life stability.",R&D Validated
73,RevaStab PZ,RevaStab PZ,Yes,Bakery,Cake & Bakery,Sponge Cake & Pastry Fillings,No,Texture enhancement and moisture stabilization.,R&D Validated
74,Revastab MCG,Textra / Revastab Meat & Gelling Blends,Yes,Dairy,Cheese & Dairy Systems,Processed Cheese & Dairy Spreads,Yes,"Functional dairy texturizer and stabilizer improving dry matter consistency, texture body, and shelf-life stability.",R&D Validated
74,Revastab MCG,Textra / Revastab Meat & Gelling Blends,Yes,Bakery,Cake & Bakery,Sponge Cake & Pastry Fillings,No,Texture enhancement and moisture stabilization.,R&D Validated
75,Revastab SF22,Revastab SF22,Yes,Dairy,Cheese & Dairy Systems,Processed Cheese & Dairy Spreads,Yes,"Functional dairy texturizer and stabilizer improving dry matter consistency, texture body, and shelf-life stability.",R&D Validated
75,Revastab SF22,Revastab SF22,Yes,Bakery,Cake & Bakery,Sponge Cake & Pastry Fillings,No,Texture enhancement and moisture stabilization.,R&D Validated
76,Revastab-VPM 15,Revastab-VPM 15,Yes,Dairy,Cheese & Dairy Systems,Processed Cheese & Dairy Spreads,Yes,"Functional dairy texturizer and stabilizer improving dry matter consistency, texture body, and shelf-life stability.",R&D Validated
76,Revastab-VPM 15,Revastab-VPM 15,Yes,Bakery,Cake & Bakery,Sponge Cake & Pastry Fillings,No,Texture enhancement and moisture stabilization.,R&D Validated
77,Revastab-VPM 30,Revastab-VPM 30,Yes,Dairy,Cheese & Dairy Systems,Processed Cheese & Dairy Spreads,Yes,"Functional dairy texturizer and stabilizer improving dry matter consistency, texture body, and shelf-life stability.",R&D Validated
77,Revastab-VPM 30,Revastab-VPM 30,Yes,Bakery,Cake & Bakery,Sponge Cake & Pastry Fillings,No,Texture enhancement and moisture stabilization.,R&D Validated
78,RevastabID-06,RevastabID-06,Yes,Dairy,Cheese & Dairy Systems,Processed Cheese & Dairy Spreads,Yes,"Functional dairy texturizer and stabilizer improving dry matter consistency, texture body, and shelf-life stability.",R&D Validated
78,RevastabID-06,RevastabID-06,Yes,Bakery,Cake & Bakery,Sponge Cake & Pastry Fillings,No,Texture enhancement and moisture stabilization.,R&D Validated
79,SF19,SF19,Yes,Dairy,Cheese & Dairy Systems,Processed Cheese & Dairy Spreads,Yes,"Functional dairy texturizer and stabilizer improving dry matter consistency, texture body, and shelf-life stability.",R&D Validated
79,SF19,SF19,Yes,Bakery,Cake & Bakery,Sponge Cake & Pastry Fillings,No,Texture enhancement and moisture stabilization.,R&D Validated
80,SF20,SF20,Yes,Dairy,Cheese & Dairy Systems,Processed Cheese & Dairy Spreads,Yes,"Functional dairy texturizer and stabilizer improving dry matter consistency, texture body, and shelf-life stability.",R&D Validated
80,SF20,SF20,Yes,Bakery,Cake & Bakery,Sponge Cake & Pastry Fillings,No,Texture enhancement and moisture stabilization.,R&D Validated
81,SF22,SF22,Yes,Dairy,Cheese & Dairy Systems,Processed Cheese & Dairy Spreads,Yes,"Functional dairy texturizer and stabilizer improving dry matter consistency, texture body, and shelf-life stability.",R&D Validated
81,SF22,SF22,Yes,Bakery,Cake & Bakery,Sponge Cake & Pastry Fillings,No,Texture enhancement and moisture stabilization.,R&D Validated
82,STARPRO - PDS (HP-CF T0577) Tapioca,STARPRO - PDS (HP-CF T0577) Tapioca,Yes,"Sauces, Condiments & Dressings",Tomato & Table Sauces,Ketchup & BBQ Sauces,Yes,"Delivers freeze-thaw stability, high shear resistance, glossy sheen, and smooth texture.",R&D Validated
82,STARPRO - PDS (HP-CF T0577) Tapioca,STARPRO - PDS (HP-CF T0577) Tapioca,Yes,Dairy,Fermented Dairy,Yogurt,No,Provides spoonable thickness and creaminess without syneresis.,R&D Validated
82,STARPRO - PDS (HP-CF T0577) Tapioca,STARPRO - PDS (HP-CF T0577) Tapioca,Yes,Bakery,Pastry Fillings,Bake-Stable Jams & Pie Fillings,No,Bake-stable body builder in fruit custards and fillings.,R&D Validated
83,Siveele Technical Sheet Nataseen-L,Siveele Technical Sheet Nataseen-L,Yes,Dairy,Cheese,Cheese Surface Protection,Yes,Natural antifungal/antibacterial bio-preservation preventing surface mold and bacterial spoilage without affecting fermentation cultures.,R&D Validated
83,Siveele Technical Sheet Nataseen-L,Siveele Technical Sheet Nataseen-L,Yes,Meat & Poultry,Processed Meat,Cooked Sausages & Fermented Salami,No,Natural bio-preservation inhibiting spoilage and pathogenic bacteria.,R&D Validated
84,Siveele Technical Sheet NiseenR-S,Siveele Technical Sheet NiseenR-S,Yes,Dairy,Cheese,Cheese Surface Protection,Yes,Natural antifungal/antibacterial bio-preservation preventing surface mold and bacterial spoilage without affecting fermentation cultures.,R&D Validated
84,Siveele Technical Sheet NiseenR-S,Siveele Technical Sheet NiseenR-S,Yes,Meat & Poultry,Processed Meat,Cooked Sausages & Fermented Salami,No,Natural bio-preservation inhibiting spoilage and pathogenic bacteria.,R&D Validated
85,Sweetex 2E,Sweetex 2E,Yes,Beverages,Carbonated Drinks & Juices,Sugar-Free Soft Drinks & Flavored Waters,Yes,High-intensity clean sweetness profile with zero calories and synergistic sweetening power.,R&D Validated
85,Sweetex 2E,Sweetex 2E,Yes,Dairy,Fermented Dairy,Diet Yogurts & Flavored Milk,No,Calorie reduction while maintaining full sweet taste perception.,R&D Validated
86,Sweetex 2F,Sweetex 2F,Yes,Beverages,Carbonated Drinks & Juices,Sugar-Free Soft Drinks & Flavored Waters,Yes,High-intensity clean sweetness profile with zero calories and synergistic sweetening power.,R&D Validated
86,Sweetex 2F,Sweetex 2F,Yes,Dairy,Fermented Dairy,Diet Yogurts & Flavored Milk,No,Calorie reduction while maintaining full sweet taste perception.,R&D Validated
87,Sweetex 2P,Sweetex 2P,Yes,Beverages,Carbonated Drinks & Juices,Sugar-Free Soft Drinks & Flavored Waters,Yes,High-intensity clean sweetness profile with zero calories and synergistic sweetening power.,R&D Validated
87,Sweetex 2P,Sweetex 2P,Yes,Dairy,Fermented Dairy,Diet Yogurts & Flavored Milk,No,Calorie reduction while maintaining full sweet taste perception.,R&D Validated
88,Sweetex S,Sweetex S,Yes,Beverages,Carbonated Drinks & Juices,Sugar-Free Soft Drinks & Flavored Waters,Yes,High-intensity clean sweetness profile with zero calories and synergistic sweetening power.,R&D Validated
88,Sweetex S,Sweetex S,Yes,Dairy,Fermented Dairy,Diet Yogurts & Flavored Milk,No,Calorie reduction while maintaining full sweet taste perception.,R&D Validated
89,Sweetex SS,Sweetex SS,Yes,Beverages,Carbonated Drinks & Juices,Sugar-Free Soft Drinks & Flavored Waters,Yes,High-intensity clean sweetness profile with zero calories and synergistic sweetening power.,R&D Validated
89,Sweetex SS,Sweetex SS,Yes,Dairy,Fermented Dairy,Diet Yogurts & Flavored Milk,No,Calorie reduction while maintaining full sweet taste perception.,R&D Validated
90,ID-20,ID-20,Yes,Dairy,Cheese & Dairy Systems,Processed Cheese & Dairy Spreads,Yes,"Functional dairy texturizer and stabilizer improving dry matter consistency, texture body, and shelf-life stability.",R&D Validated
90,ID-20,ID-20,Yes,Bakery,Cake & Bakery,Sponge Cake & Pastry Fillings,No,Texture enhancement and moisture stabilization.,R&D Validated
91,TEXTRA BV100,TEXTRA BV100,Yes,Dairy,Cheese & Dairy Systems,Processed Cheese & Dairy Spreads,Yes,"Functional dairy texturizer and stabilizer improving dry matter consistency, texture body, and shelf-life stability.",R&D Validated
91,TEXTRA BV100,TEXTRA BV100,Yes,Bakery,Cake & Bakery,Sponge Cake & Pastry Fillings,No,Texture enhancement and moisture stabilization.,R&D Validated
92,TEXTRA _ D237,TEXTRA _ D237,Yes,Dairy,Cheese & Dairy Systems,Processed Cheese & Dairy Spreads,Yes,"Functional dairy texturizer and stabilizer improving dry matter consistency, texture body, and shelf-life stability.",R&D Validated
92,TEXTRA _ D237,TEXTRA _ D237,Yes,Bakery,Cake & Bakery,Sponge Cake & Pastry Fillings,No,Texture enhancement and moisture stabilization.,R&D Validated
93,TVP TDS-A+,TVP TDS-A+,Yes,Meat & Poultry,Minced Meat & Meat Alternatives,"Burgers, Kofta & Plant-Based Nuggets",Yes,"Provides meat-like fibrous chewiness, binds fat and water, reduces formulation cost, and builds structure in meat patties and plant-based nuggets.",R&D Validated
93,TVP TDS-A+,TVP TDS-A+,Yes,Bakery,Bread & Nutrition,High-Protein Bread & Energy Bars,No,"Enhances dough water absorption, strengthens gluten matrix, and boosts nutritional protein content.",R&D Validated
94,TVP,TVP,Yes,Meat & Poultry,Minced Meat & Meat Alternatives,"Burgers, Kofta & Plant-Based Nuggets",Yes,"Provides meat-like fibrous chewiness, binds fat and water, reduces formulation cost, and builds structure in meat patties and plant-based nuggets.",R&D Validated
94,TVP,TVP,Yes,Bakery,Bread & Nutrition,High-Protein Bread & Energy Bars,No,"Enhances dough water absorption, strengthens gluten matrix, and boosts nutritional protein content.",R&D Validated
95,Talaga 300,Talaga 300,Yes,Dairy,Cheese,Triangular Processed Cheese,Yes,Specialized texturizer and emulsification stabilizer to prevent fat separation and eliminate oiling-off in portioned foil triangles.,R&D Validated
95,Talaga 300,Talaga 300,Yes,Dairy,Cheese,Spreadable Processed Cheese,No,Delivers smooth velvety spreadability and emulsion stability in glass jars and plastic tubs.,R&D Validated
96,Textra - D237,Textra - D237,Yes,Dairy,Cheese & Dairy Systems,Processed Cheese & Dairy Spreads,Yes,"Functional dairy texturizer and stabilizer improving dry matter consistency, texture body, and shelf-life stability.",R&D Validated
96,Textra - D237,Textra - D237,Yes,Bakery,Cake & Bakery,Sponge Cake & Pastry Fillings,No,Texture enhancement and moisture stabilization.,R&D Validated
97,Textra BV238,Textra BV238,Yes,Dairy,Cheese & Dairy Systems,Processed Cheese & Dairy Spreads,Yes,"Functional dairy texturizer and stabilizer improving dry matter consistency, texture body, and shelf-life stability.",R&D Validated
97,Textra BV238,Textra BV238,Yes,Bakery,Cake & Bakery,Sponge Cake & Pastry Fillings,No,Texture enhancement and moisture stabilization.,R&D Validated
98,Textra CM ICE 200ⓩ,Textra Dairy & Ice Cream Stabilizers,Yes,Dairy,Frozen Dairy,Ice Cream & Frozen Desserts,Yes,"Provides controlled overrun (air incorporation), creamy texture, and melting resistance.",R&D Validated
99,Textra CM Ice 200 ⓢ,Textra Dairy & Ice Cream Stabilizers,Yes,Dairy,Frozen Dairy,Ice Cream & Frozen Desserts,Yes,"Provides controlled overrun (air incorporation), creamy texture, and melting resistance.",R&D Validated
100,Textra Cream 300,Textra Cream 300,Yes,Dairy,Frozen Dairy,Ice Cream & Frozen Desserts,Yes,"Provides controlled overrun (air incorporation), creamy texture, and melting resistance.",R&D Validated
101,Textra F 136,Textra F 136,Yes,Dairy,Cheese & Dairy Systems,Processed Cheese & Dairy Spreads,Yes,"Functional dairy texturizer and stabilizer improving dry matter consistency, texture body, and shelf-life stability.",R&D Validated
101,Textra F 136,Textra F 136,Yes,Bakery,Cake & Bakery,Sponge Cake & Pastry Fillings,No,Texture enhancement and moisture stabilization.,R&D Validated
102,Textra FM 200X,Textra FM 200X,Yes,Dairy,Cheese & Dairy Systems,Processed Cheese & Dairy Spreads,Yes,"Functional dairy texturizer and stabilizer improving dry matter consistency, texture body, and shelf-life stability.",R&D Validated
102,Textra FM 200X,Textra FM 200X,Yes,Bakery,Cake & Bakery,Sponge Cake & Pastry Fillings,No,Texture enhancement and moisture stabilization.,R&D Validated
103,Textra Feta 152,Textra Cheese Stabilizers,Yes,Dairy,Cheese & Dairy Systems,Processed Cheese & Dairy Spreads,Yes,"Functional dairy texturizer and stabilizer improving dry matter consistency, texture body, and shelf-life stability.",R&D Validated
103,Textra Feta 152,Textra Cheese Stabilizers,Yes,Bakery,Cake & Bakery,Sponge Cake & Pastry Fillings,No,Texture enhancement and moisture stabilization.,R&D Validated
104,Textra Feta 341,Textra Cheese Stabilizers,Yes,Dairy,Cheese,White Cheese / Feta,Yes,"Enhances curd firmness, optimizes slicing integrity, improves yield, and binds moisture stably during refrigerated brine aging.",R&D Validated
105,Textra Feta 400,Textra Cheese Stabilizers,Yes,Dairy,Cheese,Triangular Processed Cheese,Yes,Specialized texturizer and emulsification stabilizer to prevent fat separation and eliminate oiling-off in portioned foil triangles.,R&D Validated
105,Textra Feta 400,Textra Cheese Stabilizers,Yes,Dairy,Cheese,Spreadable Processed Cheese,No,Delivers smooth velvety spreadability and emulsion stability in glass jars and plastic tubs.,R&D Validated
106,Textra MA243,Textra Modified Starches,Yes,"Sauces, Condiments & Dressings",Tomato & Table Sauces,Ketchup & BBQ Sauces,Yes,"Delivers freeze-thaw stability, high shear resistance, glossy sheen, and smooth texture.",R&D Validated
106,Textra MA243,Textra Modified Starches,Yes,Dairy,Fermented Dairy,Yogurt,No,Provides spoonable thickness and creaminess without syneresis.,R&D Validated
106,Textra MA243,Textra Modified Starches,Yes,Bakery,Pastry Fillings,Bake-Stable Jams & Pie Fillings,No,Bake-stable body builder in fruit custards and fillings.,R&D Validated
107,Textra MS 4060,Textra Modified Starches,Yes,"Sauces, Condiments & Dressings",Tomato & Table Sauces,Ketchup & BBQ Sauces,Yes,"Delivers freeze-thaw stability, high shear resistance, glossy sheen, and smooth texture.",R&D Validated
107,Textra MS 4060,Textra Modified Starches,Yes,Dairy,Fermented Dairy,Yogurt,No,Provides spoonable thickness and creaminess without syneresis.,R&D Validated
107,Textra MS 4060,Textra Modified Starches,Yes,Bakery,Pastry Fillings,Bake-Stable Jams & Pie Fillings,No,Bake-stable body builder in fruit custards and fillings.,R&D Validated
108,Textra MS Pro,Textra Modified Starches,Yes,"Sauces, Condiments & Dressings",Tomato & Table Sauces,Ketchup & BBQ Sauces,Yes,"Delivers freeze-thaw stability, high shear resistance, glossy sheen, and smooth texture.",R&D Validated
108,Textra MS Pro,Textra Modified Starches,Yes,Dairy,Fermented Dairy,Yogurt,No,Provides spoonable thickness and creaminess without syneresis.,R&D Validated
108,Textra MS Pro,Textra Modified Starches,Yes,Bakery,Pastry Fillings,Bake-Stable Jams & Pie Fillings,No,Bake-stable body builder in fruit custards and fillings.,R&D Validated
109,Textra ND203,Textra ND203,Yes,Dairy,Cheese & Dairy Systems,Processed Cheese & Dairy Spreads,Yes,"Functional dairy texturizer and stabilizer improving dry matter consistency, texture body, and shelf-life stability.",R&D Validated
109,Textra ND203,Textra ND203,Yes,Bakery,Cake & Bakery,Sponge Cake & Pastry Fillings,No,Texture enhancement and moisture stabilization.,R&D Validated
110,Textra P 105,Textra / Revastab Meat & Gelling Blends,Yes,Meat & Poultry,Processed Meat,Emulsified Sausages,Yes,"Optimizes myofibrillar protein activation, binds fat and water tightly, and enhances casing bite in frankfurters.",R&D Validated
110,Textra P 105,Textra / Revastab Meat & Gelling Blends,Yes,Meat & Poultry,Minced Meat & Meat Alternatives,"Burgers, Kofta & Meatballs",No,"Reduces cooking shrinkage, maintains juiciness, and prevents fat-out in burger patties.",R&D Validated
110,Textra P 105,Textra / Revastab Meat & Gelling Blends,Yes,Meat & Poultry,Poultry Processing,Injected Chicken / Turkey Breasts,No,Improves yield and texture in injected whole muscle poultry and nuggets.,R&D Validated
111,Textra P106,Textra / Revastab Meat & Gelling Blends,Yes,Dairy,Cheese & Dairy Systems,Processed Cheese & Dairy Spreads,Yes,"Functional dairy texturizer and stabilizer improving dry matter consistency, texture body, and shelf-life stability.",R&D Validated
111,Textra P106,Textra / Revastab Meat & Gelling Blends,Yes,Bakery,Cake & Bakery,Sponge Cake & Pastry Fillings,No,Texture enhancement and moisture stabilization.,R&D Validated
112,Textra P 108 AH,Textra / Revastab Meat & Gelling Blends,Yes,Meat & Poultry,Processed Meat,Emulsified Sausages,Yes,"Optimizes myofibrillar protein activation, binds fat and water tightly, and enhances casing bite in frankfurters.",R&D Validated
112,Textra P 108 AH,Textra / Revastab Meat & Gelling Blends,Yes,Meat & Poultry,Minced Meat & Meat Alternatives,"Burgers, Kofta & Meatballs",No,"Reduces cooking shrinkage, maintains juiciness, and prevents fat-out in burger patties.",R&D Validated
112,Textra P 108 AH,Textra / Revastab Meat & Gelling Blends,Yes,Meat & Poultry,Poultry Processing,Injected Chicken / Turkey Breasts,No,Improves yield and texture in injected whole muscle poultry and nuggets.,R&D Validated
113,Textra P 125,Textra / Revastab Meat & Gelling Blends,Yes,Meat & Poultry,Processed Meat,Emulsified Sausages,Yes,"Optimizes myofibrillar protein activation, binds fat and water tightly, and enhances casing bite in frankfurters.",R&D Validated
113,Textra P 125,Textra / Revastab Meat & Gelling Blends,Yes,Meat & Poultry,Minced Meat & Meat Alternatives,"Burgers, Kofta & Meatballs",No,"Reduces cooking shrinkage, maintains juiciness, and prevents fat-out in burger patties.",R&D Validated
113,Textra P 125,Textra / Revastab Meat & Gelling Blends,Yes,Meat & Poultry,Poultry Processing,Injected Chicken / Turkey Breasts,No,Improves yield and texture in injected whole muscle poultry and nuggets.,R&D Validated
114,Textra P 204,Textra / Revastab Meat & Gelling Blends,Yes,Meat & Poultry,Processed Meat,Emulsified Sausages,Yes,"Optimizes myofibrillar protein activation, binds fat and water tightly, and enhances casing bite in frankfurters.",R&D Validated
114,Textra P 204,Textra / Revastab Meat & Gelling Blends,Yes,Meat & Poultry,Minced Meat & Meat Alternatives,"Burgers, Kofta & Meatballs",No,"Reduces cooking shrinkage, maintains juiciness, and prevents fat-out in burger patties.",R&D Validated
114,Textra P 204,Textra / Revastab Meat & Gelling Blends,Yes,Meat & Poultry,Poultry Processing,Injected Chicken / Turkey Breasts,No,Improves yield and texture in injected whole muscle poultry and nuggets.,R&D Validated
115,TEXTRA     P 104   25 kg,TEXTRA     P 104   25 kg,Yes,Dairy,Cheese & Dairy Systems,Processed Cheese & Dairy Spreads,Yes,Standardized food grade functional ingredient.,R&D Validated
116,Textra P105K,Textra / Revastab Meat & Gelling Blends,Yes,Meat & Poultry,Processed Meat,Emulsified Sausages,Yes,"Optimizes myofibrillar protein activation, binds fat and water tightly, and enhances casing bite in frankfurters.",R&D Validated
116,Textra P105K,Textra / Revastab Meat & Gelling Blends,Yes,Meat & Poultry,Minced Meat & Meat Alternatives,"Burgers, Kofta & Meatballs",No,"Reduces cooking shrinkage, maintains juiciness, and prevents fat-out in burger patties.",R&D Validated
116,Textra P105K,Textra / Revastab Meat & Gelling Blends,Yes,Meat & Poultry,Poultry Processing,Injected Chicken / Turkey Breasts,No,Improves yield and texture in injected whole muscle poultry and nuggets.,R&D Validated
117,Textra P106 R,Textra / Revastab Meat & Gelling Blends,Yes,Dairy,Cheese & Dairy Systems,Processed Cheese & Dairy Spreads,Yes,"Functional dairy texturizer and stabilizer improving dry matter consistency, texture body, and shelf-life stability.",R&D Validated
117,Textra P106 R,Textra / Revastab Meat & Gelling Blends,Yes,Bakery,Cake & Bakery,Sponge Cake & Pastry Fillings,No,Texture enhancement and moisture stabilization.,R&D Validated
118,Textra P106 X,Textra / Revastab Meat & Gelling Blends,Yes,Dairy,Cheese & Dairy Systems,Processed Cheese & Dairy Spreads,Yes,"Functional dairy texturizer and stabilizer improving dry matter consistency, texture body, and shelf-life stability.",R&D Validated
118,Textra P106 X,Textra / Revastab Meat & Gelling Blends,Yes,Bakery,Cake & Bakery,Sponge Cake & Pastry Fillings,No,Texture enhancement and moisture stabilization.,R&D Validated
119,Textra P53,Textra / Revastab Meat & Gelling Blends,Yes,Meat & Poultry,Processed Meat,Emulsified Sausages,Yes,"Optimizes myofibrillar protein activation, binds fat and water tightly, and enhances casing bite in frankfurters.",R&D Validated
119,Textra P53,Textra / Revastab Meat & Gelling Blends,Yes,Meat & Poultry,Minced Meat & Meat Alternatives,"Burgers, Kofta & Meatballs",No,"Reduces cooking shrinkage, maintains juiciness, and prevents fat-out in burger patties.",R&D Validated
119,Textra P53,Textra / Revastab Meat & Gelling Blends,Yes,Meat & Poultry,Poultry Processing,Injected Chicken / Turkey Breasts,No,Improves yield and texture in injected whole muscle poultry and nuggets.,R&D Validated
120,Textra T 13,Textra T 13,Yes,Dairy,Cheese & Dairy Systems,Processed Cheese & Dairy Spreads,Yes,Standardized food grade functional ingredient.,R&D Validated
121,Textra TP 100,Textra TP 100,Yes,Meat & Poultry,Processed Meat,Emulsified Sausages,Yes,"Optimizes myofibrillar protein activation, binds fat and water tightly, and enhances casing bite in frankfurters.",R&D Validated
121,Textra TP 100,Textra TP 100,Yes,Meat & Poultry,Minced Meat & Meat Alternatives,"Burgers, Kofta & Meatballs",No,"Reduces cooking shrinkage, maintains juiciness, and prevents fat-out in burger patties.",R&D Validated
121,Textra TP 100,Textra TP 100,Yes,Meat & Poultry,Poultry Processing,Injected Chicken / Turkey Breasts,No,Improves yield and texture in injected whole muscle poultry and nuggets.,R&D Validated
122,Textra Talaga 1000,Textra Talaga 1000,Yes,Dairy,Cheese,Triangular Processed Cheese,Yes,Specialized texturizer and emulsification stabilizer to prevent fat separation and eliminate oiling-off in portioned foil triangles.,R&D Validated
122,Textra Talaga 1000,Textra Talaga 1000,Yes,Dairy,Cheese,Spreadable Processed Cheese,No,Delivers smooth velvety spreadability and emulsion stability in glass jars and plastic tubs.,R&D Validated
123,Valiren 2400 Granular,Valiren 2400 Granular,Yes,Dairy,Cheese,Hard & White Cheese Coagulation,Yes,High-purity microbial coagulant ensuring clean enzymatic milk clotting and high curd yield.,R&D Validated
124,Vanillia-01,Vanillia-01,Yes,Bakery,Cake & Bakery,"Cakes, Cookies & Wafers",Yes,Heat-stable rich vanilla aroma and sweet dairy notes in baked goods.,R&D Validated
124,Vanillia-01,Vanillia-01,Yes,Dairy,Frozen Dairy,Vanilla Ice Cream & Custards,No,Smooth natural vanilla top-notes.,R&D Validated
125,textra w 138,textra w 138,Yes,Dairy,Cheese & Dairy Systems,Processed Cheese & Dairy Spreads,Yes,"Functional dairy texturizer and stabilizer improving dry matter consistency, texture body, and shelf-life stability.",R&D Validated
125,textra w 138,textra w 138,Yes,Bakery,Cake & Bakery,Sponge Cake & Pastry Fillings,No,Texture enhancement and moisture stabilization.,R&D Validated
126,Solvarin ACAD-B,Solvarin ACAD-B,Yes,"Sauces, Condiments & Dressings",Tomato & Table Sauces,Ketchup & BBQ Sauces,Yes,"Delivers freeze-thaw stability, high shear resistance, glossy sheen, and smooth texture.",R&D Validated
126,Solvarin ACAD-B,Solvarin ACAD-B,Yes,Dairy,Fermented Dairy,Yogurt,No,Provides spoonable thickness and creaminess without syneresis.,R&D Validated
126,Solvarin ACAD-B,Solvarin ACAD-B,Yes,Bakery,Pastry Fillings,Bake-Stable Jams & Pie Fillings,No,Bake-stable body builder in fruit custards and fillings.,R&D Validated
127,"Paprika Oleoresin 100,000 CU",Paprika Oleoresin,Yes,Snacks & Savory Seasonings,Topical Seasonings & Dusting,Potato Chips / Extruded Snacks,Yes,Standardized carotenoid color (ASTA / Color Units) combined with authentic sweet paprika aroma.,R&D Validated
127,"Paprika Oleoresin 100,000 CU",Paprika Oleoresin,Yes,Meat & Poultry,Processed Meat,Emulsified Sausages,No,Natural red-orange color standardization and mild warm spice notes in sausages.,R&D Validated
127,"Paprika Oleoresin 100,000 CU",Paprika Oleoresin,Yes,"Sauces, Condiments & Dressings",Tomato & Table Sauces,Ketchup & BBQ Sauces,No,Enhances tomato hue and warm spice background in sauces.,R&D Validated
128,Rosemary Oleoresin 1001,Rosemary Oleoresin,Yes,Snacks & Savory Seasonings,Topical Seasonings & Dusting,Potato Chips / Extruded Snacks,Yes,Concentrated standardized spice flavor profile for topical dusting and snacks.,R&D Validated
128,Rosemary Oleoresin 1001,Rosemary Oleoresin,Yes,Meat & Poultry,Processed Meat,Emulsified Sausages,No,Even seasoning dispersion in cutter or tumbler without microbial load.,R&D Validated
129,Thyme Oleoresin 1001,Thyme Oleoresin,Yes,Snacks & Savory Seasonings,Topical Seasonings & Dusting,Potato Chips / Extruded Snacks,Yes,Concentrated standardized spice flavor profile for topical dusting and snacks.,R&D Validated
129,Thyme Oleoresin 1001,Thyme Oleoresin,Yes,Meat & Poultry,Processed Meat,Emulsified Sausages,No,Even seasoning dispersion in cutter or tumbler without microbial load.,R&D Validated
130,OLEORESIN TURMERIC,OLEORESIN TURMERIC,Yes,Snacks & Savory Seasonings,Topical Seasonings & Dusting,Potato Chips / Extruded Snacks,Yes,Concentrated standardized spice flavor profile for topical dusting and snacks.,R&D Validated
130,OLEORESIN TURMERIC,OLEORESIN TURMERIC,Yes,Meat & Poultry,Processed Meat,Emulsified Sausages,No,Even seasoning dispersion in cutter or tumbler without microbial load.,R&D Validated
131,Pepper White Oleoresin 1001,Pepper White Oleoresin,Yes,Snacks & Savory Seasonings,Topical Seasonings & Dusting,Potato Chips / Extruded Snacks,Yes,Concentrated standardized spice flavor profile for topical dusting and snacks.,R&D Validated
131,Pepper White Oleoresin 1001,Pepper White Oleoresin,Yes,Meat & Poultry,Processed Meat,Emulsified Sausages,No,Even seasoning dispersion in cutter or tumbler without microbial load.,R&D Validated
132,Pepper Black Oleoresin 1001,Pepper Black Oleoresin,Yes,Snacks & Savory Seasonings,Topical Seasonings & Dusting,Potato Chips / Extruded Snacks,Yes,Instant pungent piperine impact and uniform distribution on potato/corn chips.,R&D Validated
132,Pepper Black Oleoresin 1001,Pepper Black Oleoresin,Yes,Meat & Poultry,Processed Meat,Emulsified Sausages,No,Standardized black pepper heat and terpene aroma without microbial contamination.,R&D Validated
132,Pepper Black Oleoresin 1001,Pepper Black Oleoresin,Yes,"Sauces, Condiments & Dressings",Marinades & Pickling,Meat / Poultry Marinades,No,Standardized spice profile for tumbling marinades and table gravies.,R&D Validated
133,Fennel Oleoresin 1001,Fennel Oleoresin,Yes,Snacks & Savory Seasonings,Topical Seasonings & Dusting,Potato Chips / Extruded Snacks,Yes,Concentrated standardized spice flavor profile for topical dusting and snacks.,R&D Validated
133,Fennel Oleoresin 1001,Fennel Oleoresin,Yes,Meat & Poultry,Processed Meat,Emulsified Sausages,No,Even seasoning dispersion in cutter or tumbler without microbial load.,R&D Validated
134,Oleoresin Basil,Oleoresin Basil,Yes,Snacks & Savory Seasonings,Topical Seasonings & Dusting,Potato Chips / Extruded Snacks,Yes,Concentrated standardized spice flavor profile for topical dusting and snacks.,R&D Validated
134,Oleoresin Basil,Oleoresin Basil,Yes,Meat & Poultry,Processed Meat,Emulsified Sausages,No,Even seasoning dispersion in cutter or tumbler without microbial load.,R&D Validated
135,Capsicum Oleoresin 1001,Capsicum Oleoresin,Yes,Snacks & Savory Seasonings,Topical Seasonings & Dusting,Potato Chips / Extruded Snacks,Yes,Concentrated standardized spice flavor profile for topical dusting and snacks.,R&D Validated
135,Capsicum Oleoresin 1001,Capsicum Oleoresin,Yes,Meat & Poultry,Processed Meat,Emulsified Sausages,No,Even seasoning dispersion in cutter or tumbler without microbial load.,R&D Validated
136,Cardamom Oleoresin 1001,Cardamom Oleoresin,Yes,Snacks & Savory Seasonings,Topical Seasonings & Dusting,Potato Chips / Extruded Snacks,Yes,Concentrated standardized spice flavor profile for topical dusting and snacks.,R&D Validated
136,Cardamom Oleoresin 1001,Cardamom Oleoresin,Yes,Meat & Poultry,Processed Meat,Emulsified Sausages,No,Even seasoning dispersion in cutter or tumbler without microbial load.,R&D Validated
137,OLEORESIN CELERY,OLEORESIN CELERY,Yes,Snacks & Savory Seasonings,Topical Seasonings & Dusting,Potato Chips / Extruded Snacks,Yes,Concentrated standardized spice flavor profile for topical dusting and snacks.,R&D Validated
137,OLEORESIN CELERY,OLEORESIN CELERY,Yes,Meat & Poultry,Processed Meat,Emulsified Sausages,No,Even seasoning dispersion in cutter or tumbler without microbial load.,R&D Validated
138,Cassia Oleoresin 1001,Cassia / Cinnamon Oleoresin,Yes,Snacks & Savory Seasonings,Topical Seasonings & Dusting,Potato Chips / Extruded Snacks,Yes,Concentrated standardized spice flavor profile for topical dusting and snacks.,R&D Validated
138,Cassia Oleoresin 1001,Cassia / Cinnamon Oleoresin,Yes,Meat & Poultry,Processed Meat,Emulsified Sausages,No,Even seasoning dispersion in cutter or tumbler without microbial load.,R&D Validated
139,Clove Bud Oleoresin 1001,Clove Bud Oleoresin,Yes,Snacks & Savory Seasonings,Topical Seasonings & Dusting,Potato Chips / Extruded Snacks,Yes,Concentrated standardized spice flavor profile for topical dusting and snacks.,R&D Validated
139,Clove Bud Oleoresin 1001,Clove Bud Oleoresin,Yes,Meat & Poultry,Processed Meat,Emulsified Sausages,No,Even seasoning dispersion in cutter or tumbler without microbial load.,R&D Validated
140,Coriander Oleoresin 1001,Coriander Oleoresin,Yes,Snacks & Savory Seasonings,Topical Seasonings & Dusting,Potato Chips / Extruded Snacks,Yes,Concentrated standardized spice flavor profile for topical dusting and snacks.,R&D Validated
140,Coriander Oleoresin 1001,Coriander Oleoresin,Yes,Meat & Poultry,Processed Meat,Emulsified Sausages,No,Even seasoning dispersion in cutter or tumbler without microbial load.,R&D Validated
141,Cumin Oleoresin 1001,Cumin Oleoresin,Yes,Snacks & Savory Seasonings,Topical Seasonings & Dusting,Potato Chips / Extruded Snacks,Yes,Concentrated standardized spice flavor profile for topical dusting and snacks.,R&D Validated
141,Cumin Oleoresin 1001,Cumin Oleoresin,Yes,Meat & Poultry,Processed Meat,Emulsified Sausages,No,Even seasoning dispersion in cutter or tumbler without microbial load.,R&D Validated
142,Fenugreek Oleoresin 1001,Fenugreek Oleoresin,Yes,Snacks & Savory Seasonings,Topical Seasonings & Dusting,Potato Chips / Extruded Snacks,Yes,Concentrated standardized spice flavor profile for topical dusting and snacks.,R&D Validated
142,Fenugreek Oleoresin 1001,Fenugreek Oleoresin,Yes,Meat & Poultry,Processed Meat,Emulsified Sausages,No,Even seasoning dispersion in cutter or tumbler without microbial load.,R&D Validated
143,Ginger Oleoresin 1001,Ginger Oleoresin,Yes,Snacks & Savory Seasonings,Topical Seasonings & Dusting,Potato Chips / Extruded Snacks,Yes,Concentrated standardized spice flavor profile for topical dusting and snacks.,R&D Validated
143,Ginger Oleoresin 1001,Ginger Oleoresin,Yes,Meat & Poultry,Processed Meat,Emulsified Sausages,No,Even seasoning dispersion in cutter or tumbler without microbial load.,R&D Validated
144,Mace Oleoresin,Mace Oleoresin,Yes,Snacks & Savory Seasonings,Topical Seasonings & Dusting,Potato Chips / Extruded Snacks,Yes,Concentrated standardized spice flavor profile for topical dusting and snacks.,R&D Validated
144,Mace Oleoresin,Mace Oleoresin,Yes,Meat & Poultry,Processed Meat,Emulsified Sausages,No,Even seasoning dispersion in cutter or tumbler without microbial load.,R&D Validated
145,Nutmeg Oleoresin 1001,Nutmeg Oleoresin,Yes,Snacks & Savory Seasonings,Topical Seasonings & Dusting,Potato Chips / Extruded Snacks,Yes,Concentrated standardized spice flavor profile for topical dusting and snacks.,R&D Validated
145,Nutmeg Oleoresin 1001,Nutmeg Oleoresin,Yes,Meat & Poultry,Processed Meat,Emulsified Sausages,No,Even seasoning dispersion in cutter or tumbler without microbial load.,R&D Validated
146,Oregano Oleoresin 1001,Oregano Oleoresin,Yes,Snacks & Savory Seasonings,Topical Seasonings & Dusting,Potato Chips / Extruded Snacks,Yes,Concentrated standardized spice flavor profile for topical dusting and snacks.,R&D Validated
146,Oregano Oleoresin 1001,Oregano Oleoresin,Yes,Meat & Poultry,Processed Meat,Emulsified Sausages,No,Even seasoning dispersion in cutter or tumbler without microbial load.,R&D Validated
147,Celery Seed Oil,Celery Seed Oil,Yes,Snacks & Savory Seasonings,Topical Seasonings & Dusting,Potato Chips / Extruded Snacks,Yes,Concentrated standardized spice flavor profile for topical dusting and snacks.,R&D Validated
147,Celery Seed Oil,Celery Seed Oil,Yes,Meat & Poultry,Processed Meat,Emulsified Sausages,No,Even seasoning dispersion in cutter or tumbler without microbial load.,R&D Validated
148,CINNAMON LEAF OIL,CINNAMON LEAF OIL,Yes,Snacks & Savory Seasonings,Topical Seasonings & Dusting,Potato Chips / Extruded Snacks,Yes,Concentrated standardized spice flavor profile for topical dusting and snacks.,R&D Validated
148,CINNAMON LEAF OIL,CINNAMON LEAF OIL,Yes,Meat & Poultry,Processed Meat,Emulsified Sausages,No,Even seasoning dispersion in cutter or tumbler without microbial load.,R&D Validated
149,CLOVE LEAF OIL,CLOVE LEAF OIL,Yes,Snacks & Savory Seasonings,Topical Seasonings & Dusting,Potato Chips / Extruded Snacks,Yes,Concentrated standardized spice flavor profile for topical dusting and snacks.,R&D Validated
149,CLOVE LEAF OIL,CLOVE LEAF OIL,Yes,Meat & Poultry,Processed Meat,Emulsified Sausages,No,Even seasoning dispersion in cutter or tumbler without microbial load.,R&D Validated
150,Coriander Oleoresin 1001,Coriander Oleoresin,Yes,Snacks & Savory Seasonings,Topical Seasonings & Dusting,Potato Chips / Extruded Snacks,Yes,Concentrated standardized spice flavor profile for topical dusting and snacks.,R&D Validated
150,Coriander Oleoresin 1001,Coriander Oleoresin,Yes,Meat & Poultry,Processed Meat,Emulsified Sausages,No,Even seasoning dispersion in cutter or tumbler without microbial load.,R&D Validated
151,Cumin Oleoresin 1001,Cumin Oleoresin,Yes,Snacks & Savory Seasonings,Topical Seasonings & Dusting,Potato Chips / Extruded Snacks,Yes,Concentrated standardized spice flavor profile for topical dusting and snacks.,R&D Validated
151,Cumin Oleoresin 1001,Cumin Oleoresin,Yes,Meat & Poultry,Processed Meat,Emulsified Sausages,No,Even seasoning dispersion in cutter or tumbler without microbial load.,R&D Validated
152,Dill Oleoresin 1001,Dill Oleoresin,Yes,Snacks & Savory Seasonings,Topical Seasonings & Dusting,Potato Chips / Extruded Snacks,Yes,Concentrated standardized spice flavor profile for topical dusting and snacks.,R&D Validated
152,Dill Oleoresin 1001,Dill Oleoresin,Yes,Meat & Poultry,Processed Meat,Emulsified Sausages,No,Even seasoning dispersion in cutter or tumbler without microbial load.,R&D Validated
153,EUGENOL,EUGENOL,Yes,Dairy,Cheese & Dairy Systems,Processed Cheese & Dairy Spreads,Yes,Standardized food grade functional ingredient.,R&D Validated
154,Garlic Oleoresin 1001,Garlic Oleoresin,Yes,Snacks & Savory Seasonings,Topical Seasonings & Dusting,Potato Chips / Extruded Snacks,Yes,Authentic pungent allium sulfur aroma and fresh taste notes at micro-dosage.,R&D Validated
154,Garlic Oleoresin 1001,Garlic Oleoresin,Yes,Meat & Poultry,Minced Meat & Meat Alternatives,"Burgers, Kofta & Meatballs",No,Clean allium flavor integration without scorching on open grills.,R&D Validated
154,Garlic Oleoresin 1001,Garlic Oleoresin,Yes,"Sauces, Condiments & Dressings",Emulsified Sauces & Dips,Mayonnaise / Salad Dressings,No,"Provides garlic/onion top notes in dressings, ranch, and dipping sauces.",R&D Validated
155,Ginger Oleoresin 1001,Ginger Oleoresin,Yes,Snacks & Savory Seasonings,Topical Seasonings & Dusting,Potato Chips / Extruded Snacks,Yes,Concentrated standardized spice flavor profile for topical dusting and snacks.,R&D Validated
155,Ginger Oleoresin 1001,Ginger Oleoresin,Yes,Meat & Poultry,Processed Meat,Emulsified Sausages,No,Even seasoning dispersion in cutter or tumbler without microbial load.,R&D Validated
156,Mace OIL,Mace OIL,Yes,Snacks & Savory Seasonings,Topical Seasonings & Dusting,Potato Chips / Extruded Snacks,Yes,Concentrated standardized spice flavor profile for topical dusting and snacks.,R&D Validated
156,Mace OIL,Mace OIL,Yes,Meat & Poultry,Processed Meat,Emulsified Sausages,No,Even seasoning dispersion in cutter or tumbler without microbial load.,R&D Validated
157,Mustard Oleoresin 1001,Mustard Oleoresin,Yes,Snacks & Savory Seasonings,Topical Seasonings & Dusting,Potato Chips / Extruded Snacks,Yes,Concentrated standardized spice flavor profile for topical dusting and snacks.,R&D Validated
157,Mustard Oleoresin 1001,Mustard Oleoresin,Yes,Meat & Poultry,Processed Meat,Emulsified Sausages,No,Even seasoning dispersion in cutter or tumbler without microbial load.,R&D Validated
158,Nutmeg Oleoresin 1001,Nutmeg Oleoresin,Yes,Snacks & Savory Seasonings,Topical Seasonings & Dusting,Potato Chips / Extruded Snacks,Yes,Concentrated standardized spice flavor profile for topical dusting and snacks.,R&D Validated
158,Nutmeg Oleoresin 1001,Nutmeg Oleoresin,Yes,Meat & Poultry,Processed Meat,Emulsified Sausages,No,Even seasoning dispersion in cutter or tumbler without microbial load.,R&D Validated
159,Onion Oleoresin 1001,Onion Oleoresin,Yes,Snacks & Savory Seasonings,Topical Seasonings & Dusting,Potato Chips / Extruded Snacks,Yes,Authentic pungent allium sulfur aroma and fresh taste notes at micro-dosage.,R&D Validated
159,Onion Oleoresin 1001,Onion Oleoresin,Yes,Meat & Poultry,Minced Meat & Meat Alternatives,"Burgers, Kofta & Meatballs",No,Clean allium flavor integration without scorching on open grills.,R&D Validated
159,Onion Oleoresin 1001,Onion Oleoresin,Yes,"Sauces, Condiments & Dressings",Emulsified Sauces & Dips,Mayonnaise / Salad Dressings,No,"Provides garlic/onion top notes in dressings, ranch, and dipping sauces.",R&D Validated
160,Oregano Oleoresin 1001,Oregano Oleoresin,Yes,Snacks & Savory Seasonings,Topical Seasonings & Dusting,Potato Chips / Extruded Snacks,Yes,Concentrated standardized spice flavor profile for topical dusting and snacks.,R&D Validated
160,Oregano Oleoresin 1001,Oregano Oleoresin,Yes,Meat & Poultry,Processed Meat,Emulsified Sausages,No,Even seasoning dispersion in cutter or tumbler without microbial load.,R&D Validated
161,Rosemary Oleoresin 1001,Rosemary Oleoresin,Yes,Snacks & Savory Seasonings,Topical Seasonings & Dusting,Potato Chips / Extruded Snacks,Yes,Concentrated standardized spice flavor profile for topical dusting and snacks.,R&D Validated
161,Rosemary Oleoresin 1001,Rosemary Oleoresin,Yes,Meat & Poultry,Processed Meat,Emulsified Sausages,No,Even seasoning dispersion in cutter or tumbler without microbial load.,R&D Validated
162,Thyme Oleoresin 1001,Thyme Oleoresin,Yes,Snacks & Savory Seasonings,Topical Seasonings & Dusting,Potato Chips / Extruded Snacks,Yes,Concentrated standardized spice flavor profile for topical dusting and snacks.,R&D Validated
162,Thyme Oleoresin 1001,Thyme Oleoresin,Yes,Meat & Poultry,Processed Meat,Emulsified Sausages,No,Even seasoning dispersion in cutter or tumbler without microbial load.,R&D Validated
163,Aniseed Oil,Aniseed Oil,Yes,Snacks & Savory Seasonings,Topical Seasonings & Dusting,Potato Chips / Extruded Snacks,Yes,Concentrated standardized spice flavor profile for topical dusting and snacks.,R&D Validated
163,Aniseed Oil,Aniseed Oil,Yes,Meat & Poultry,Processed Meat,Emulsified Sausages,No,Even seasoning dispersion in cutter or tumbler without microbial load.,R&D Validated
164,Pepper Black Oleoresin 1001,Pepper Black Oleoresin,Yes,Snacks & Savory Seasonings,Topical Seasonings & Dusting,Potato Chips / Extruded Snacks,Yes,Instant pungent piperine impact and uniform distribution on potato/corn chips.,R&D Validated
164,Pepper Black Oleoresin 1001,Pepper Black Oleoresin,Yes,Meat & Poultry,Processed Meat,Emulsified Sausages,No,Standardized black pepper heat and terpene aroma without microbial contamination.,R&D Validated
164,Pepper Black Oleoresin 1001,Pepper Black Oleoresin,Yes,"Sauces, Condiments & Dressings",Marinades & Pickling,Meat / Poultry Marinades,No,Standardized spice profile for tumbling marinades and table gravies.,R&D Validated
165,Cardamom Oleoresin 1001,Cardamom Oleoresin,Yes,Snacks & Savory Seasonings,Topical Seasonings & Dusting,Potato Chips / Extruded Snacks,Yes,Concentrated standardized spice flavor profile for topical dusting and snacks.,R&D Validated
165,Cardamom Oleoresin 1001,Cardamom Oleoresin,Yes,Meat & Poultry,Processed Meat,Emulsified Sausages,No,Even seasoning dispersion in cutter or tumbler without microbial load.,R&D Validated
166,Cassia Oleoresin 1001,Cassia / Cinnamon Oleoresin,Yes,Snacks & Savory Seasonings,Topical Seasonings & Dusting,Potato Chips / Extruded Snacks,Yes,Concentrated standardized spice flavor profile for topical dusting and snacks.,R&D Validated
166,Cassia Oleoresin 1001,Cassia / Cinnamon Oleoresin,Yes,Meat & Poultry,Processed Meat,Emulsified Sausages,No,Even seasoning dispersion in cutter or tumbler without microbial load.,R&D Validated
167,Natural Mixed Tocopherols,Natural Mixed Tocopherols,Yes,Dairy,Cheese & Dairy Systems,Processed Cheese & Dairy Spreads,Yes,Standardized food grade functional ingredient.,R&D Validated
168,Thyme Oleoresin 1001,Thyme Oleoresin,Yes,Snacks & Savory Seasonings,Topical Seasonings & Dusting,Potato Chips / Extruded Snacks,Yes,Concentrated standardized spice flavor profile for topical dusting and snacks.,R&D Validated
168,Thyme Oleoresin 1001,Thyme Oleoresin,Yes,Meat & Poultry,Processed Meat,Emulsified Sausages,No,Even seasoning dispersion in cutter or tumbler without microbial load.,R&D Validated
169,Oleoresin Basil,Oleoresin Basil,Yes,Snacks & Savory Seasonings,Topical Seasonings & Dusting,Potato Chips / Extruded Snacks,Yes,Concentrated standardized spice flavor profile for topical dusting and snacks.,R&D Validated
169,Oleoresin Basil,Oleoresin Basil,Yes,Meat & Poultry,Processed Meat,Emulsified Sausages,No,Even seasoning dispersion in cutter or tumbler without microbial load.,R&D Validated
170,Oregano Oleoresin 1001,Oregano Oleoresin,Yes,Snacks & Savory Seasonings,Topical Seasonings & Dusting,Potato Chips / Extruded Snacks,Yes,Concentrated standardized spice flavor profile for topical dusting and snacks.,R&D Validated
170,Oregano Oleoresin 1001,Oregano Oleoresin,Yes,Meat & Poultry,Processed Meat,Emulsified Sausages,No,Even seasoning dispersion in cutter or tumbler without microbial load.,R&D Validated
171,Rosemary Oleoresin 1001,Rosemary Oleoresin,Yes,Snacks & Savory Seasonings,Topical Seasonings & Dusting,Potato Chips / Extruded Snacks,Yes,Concentrated standardized spice flavor profile for topical dusting and snacks.,R&D Validated
171,Rosemary Oleoresin 1001,Rosemary Oleoresin,Yes,Meat & Poultry,Processed Meat,Emulsified Sausages,No,Even seasoning dispersion in cutter or tumbler without microbial load.,R&D Validated
172,Oleoresin spinach,Oleoresin spinach,Yes,Snacks & Savory Seasonings,Topical Seasonings & Dusting,Potato Chips / Extruded Snacks,Yes,Concentrated standardized spice flavor profile for topical dusting and snacks.,R&D Validated
172,Oleoresin spinach,Oleoresin spinach,Yes,Meat & Poultry,Processed Meat,Emulsified Sausages,No,Even seasoning dispersion in cutter or tumbler without microbial load.,R&D Validated
173,Burger Spice Blend,Burger Spice Blend,Yes,Snacks & Savory Seasonings,Topical Seasonings & Dusting,Potato Chips / Extruded Snacks,Yes,Concentrated standardized spice flavor profile for topical dusting and snacks.,R&D Validated
173,Burger Spice Blend,Burger Spice Blend,Yes,Meat & Poultry,Processed Meat,Emulsified Sausages,No,Even seasoning dispersion in cutter or tumbler without microbial load.,R&D Validated
174,HOT DOG SPICE BLEND,HOT DOG SPICE BLEND,Yes,Snacks & Savory Seasonings,Topical Seasonings & Dusting,Potato Chips / Extruded Snacks,Yes,Concentrated standardized spice flavor profile for topical dusting and snacks.,R&D Validated
174,HOT DOG SPICE BLEND,HOT DOG SPICE BLEND,Yes,Meat & Poultry,Processed Meat,Emulsified Sausages,No,Even seasoning dispersion in cutter or tumbler without microbial load.,R&D Validated
175,Ketch up oil 1001 - SM,Ketch up oil 1001 - SM,Yes,Snacks & Savory Seasonings,Topical Seasonings & Dusting,Potato Chips / Extruded Snacks,Yes,Concentrated standardized spice flavor profile for topical dusting and snacks.,R&D Validated
175,Ketch up oil 1001 - SM,Ketch up oil 1001 - SM,Yes,Meat & Poultry,Processed Meat,Emulsified Sausages,No,Even seasoning dispersion in cutter or tumbler without microbial load.,R&D Validated
176,Kofta Spice Blend,Kofta Spice Blend,Yes,Snacks & Savory Seasonings,Topical Seasonings & Dusting,Potato Chips / Extruded Snacks,Yes,Concentrated standardized spice flavor profile for topical dusting and snacks.,R&D Validated
176,Kofta Spice Blend,Kofta Spice Blend,Yes,Meat & Poultry,Processed Meat,Emulsified Sausages,No,Even seasoning dispersion in cutter or tumbler without microbial load.,R&D Validated
177,Luncheon Spice Blend,Luncheon Spice Blend,Yes,Snacks & Savory Seasonings,Topical Seasonings & Dusting,Potato Chips / Extruded Snacks,Yes,Concentrated standardized spice flavor profile for topical dusting and snacks.,R&D Validated
177,Luncheon Spice Blend,Luncheon Spice Blend,Yes,Meat & Poultry,Processed Meat,Emulsified Sausages,No,Even seasoning dispersion in cutter or tumbler without microbial load.,R&D Validated
178,Oriental Sausage Spice Blend,Oriental Sausage Spice Blend,Yes,Snacks & Savory Seasonings,Topical Seasonings & Dusting,Potato Chips / Extruded Snacks,Yes,Concentrated standardized spice flavor profile for topical dusting and snacks.,R&D Validated
178,Oriental Sausage Spice Blend,Oriental Sausage Spice Blend,Yes,Meat & Poultry,Processed Meat,Emulsified Sausages,No,Even seasoning dispersion in cutter or tumbler without microbial load.,R&D Validated
179,Pastrami Spice Blend,Pastrami Spice Blend,Yes,Snacks & Savory Seasonings,Topical Seasonings & Dusting,Potato Chips / Extruded Snacks,Yes,Concentrated standardized spice flavor profile for topical dusting and snacks.,R&D Validated
179,Pastrami Spice Blend,Pastrami Spice Blend,Yes,Meat & Poultry,Processed Meat,Emulsified Sausages,No,Even seasoning dispersion in cutter or tumbler without microbial load.,R&D Validated
180,Pizza Spice Blend,Pizza Spice Blend,Yes,Snacks & Savory Seasonings,Topical Seasonings & Dusting,Potato Chips / Extruded Snacks,Yes,Concentrated standardized spice flavor profile for topical dusting and snacks.,R&D Validated
180,Pizza Spice Blend,Pizza Spice Blend,Yes,Meat & Poultry,Processed Meat,Emulsified Sausages,No,Even seasoning dispersion in cutter or tumbler without microbial load.,R&D Validated
181,Roasted Beef Spice Blend,Roasted Beef Spice Blend,Yes,Snacks & Savory Seasonings,Topical Seasonings & Dusting,Potato Chips / Extruded Snacks,Yes,Concentrated standardized spice flavor profile for topical dusting and snacks.,R&D Validated
181,Roasted Beef Spice Blend,Roasted Beef Spice Blend,Yes,Meat & Poultry,Processed Meat,Emulsified Sausages,No,Even seasoning dispersion in cutter or tumbler without microbial load.,R&D Validated
182,AGLUPECTIN HS-MR,Pectin Functional Systems,Not found for any variants,Bakery,Pastry Fillings,Bake-Stable Jams & Pie Fillings,Yes,Bake-stable gelling resisting boil-out during oven baking.,Analyst Proposed
182,AGLUPECTIN HS-MR,Pectin Functional Systems,Not found for any variants,Dairy,Fermented Dairy,Yogurt Fruit Preparations,No,Suspends whole fruit chunks in yogurts without syneresis.,Analyst Proposed
183,AGLUPECTIN HS-R-E440(I),Pectin Functional Systems,Not found for any variants,Bakery,Pastry Fillings,Bake-Stable Jams & Pie Fillings,Yes,Bake-stable gelling resisting boil-out during oven baking.,Analyst Proposed
183,AGLUPECTIN HS-R-E440(I),Pectin Functional Systems,Not found for any variants,Dairy,Fermented Dairy,Yogurt Fruit Preparations,No,Suspends whole fruit chunks in yogurts without syneresis.,Analyst Proposed
184,AGLUPECTIN HS-SB13Z,Pectin Functional Systems,Not found for any variants,Bakery,Pastry Fillings,Bake-Stable Jams & Pie Fillings,Yes,Bake-stable gelling resisting boil-out during oven baking.,Analyst Proposed
184,AGLUPECTIN HS-SB13Z,Pectin Functional Systems,Not found for any variants,Dairy,Fermented Dairy,Yogurt Fruit Preparations,No,Suspends whole fruit chunks in yogurts without syneresis.,Analyst Proposed
185,Annatto 2.2 WS 1KG,Annatto Natural Color,Not found for any variants,Dairy,Cheese,Processed Cheese,Yes,Stable yellow-to-orange coloration (Bixin / Norbixin) with high milk protein affinity.,Analyst Proposed
185,Annatto 2.2 WS 1KG,Annatto Natural Color,Not found for any variants,Snacks & Savory Seasonings,Topical Seasonings & Dusting,Potato Chips / Extruded Snacks,No,Delivers bright golden cheese and butter hues on snack dusting.,Analyst Proposed
186,Annatto 4% WS 1kg,Annatto Natural Color,Not found for any variants,Dairy,Cheese,Processed Cheese,Yes,Stable yellow-to-orange coloration (Bixin / Norbixin) with high milk protein affinity.,Analyst Proposed
186,Annatto 4% WS 1kg,Annatto Natural Color,Not found for any variants,Snacks & Savory Seasonings,Topical Seasonings & Dusting,Potato Chips / Extruded Snacks,No,Delivers bright golden cheese and butter hues on snack dusting.,Analyst Proposed
187,Annatto Turmeric,Annatto Natural Color,Not found for any variants,Dairy,Cheese,Processed Cheese,Yes,Stable yellow-to-orange coloration (Bixin / Norbixin) with high milk protein affinity.,Analyst Proposed
187,Annatto Turmeric,Annatto Natural Color,Not found for any variants,Snacks & Savory Seasonings,Topical Seasonings & Dusting,Potato Chips / Extruded Snacks,No,Delivers bright golden cheese and butter hues on snack dusting.,Analyst Proposed
188,Annatto WS 2.2 % 5 KG,Annatto Natural Color,Not found for any variants,Dairy,Cheese,Processed Cheese,Yes,Stable yellow-to-orange coloration (Bixin / Norbixin) with high milk protein affinity.,Analyst Proposed
188,Annatto WS 2.2 % 5 KG,Annatto Natural Color,Not found for any variants,Snacks & Savory Seasonings,Topical Seasonings & Dusting,Potato Chips / Extruded Snacks,No,Delivers bright golden cheese and butter hues on snack dusting.,Analyst Proposed
189,Annatto WS 3.50 %,Annatto Natural Color,Not found for any variants,Dairy,Cheese,Processed Cheese,Yes,Stable yellow-to-orange coloration (Bixin / Norbixin) with high milk protein affinity.,Analyst Proposed
189,Annatto WS 3.50 %,Annatto Natural Color,Not found for any variants,Snacks & Savory Seasonings,Topical Seasonings & Dusting,Potato Chips / Extruded Snacks,No,Delivers bright golden cheese and butter hues on snack dusting.,Analyst Proposed
190,Annatto WS 4 % 5 KG,Annatto Natural Color,Not found for any variants,Dairy,Cheese,Processed Cheese,Yes,Stable yellow-to-orange coloration (Bixin / Norbixin) with high milk protein affinity.,Analyst Proposed
190,Annatto WS 4 % 5 KG,Annatto Natural Color,Not found for any variants,Snacks & Savory Seasonings,Topical Seasonings & Dusting,Potato Chips / Extruded Snacks,No,Delivers bright golden cheese and butter hues on snack dusting.,Analyst Proposed
191,Antifoam,Antifoam Compounds,"No, but copied variant",Beverages,Processing & Bottling,Carbonated Bottling & Juice Degassing,Yes,Rapid foam knockdown during carbonated beverage bottling and thermal fruit juice processing.,Analyst Proposed
191,Antifoam,Antifoam Compounds,"No, but copied variant",Dairy,Reconstitution & Milk Processing,Reconstituted Milk & Whey Processing,No,Suppresses foam formation during high-shear milk powder reconstitution and whey separation.,Analyst Proposed
191,Antifoam,Antifoam Compounds,"No, but copied variant","Sauces, Condiments & Dressings",Sauces & Starch Cooking,Ketchup & Starch Washing,No,"Bubble suppression during sauce cooking, starch gelatinization, and potato washing.",Analyst Proposed
192,Ascorbic Acid China,Ascorbic Acid China,"No, and doesn't have variants",Dairy,Cheese & Dairy Systems,Processed Cheese & Dairy Spreads,Yes,Standardized food grade functional ingredient.,Analyst Proposed
193,Beet root extract,Beet Root Color,"No, and doesn't have variants",Meat & Poultry,Processed Meat,Emulsified Sausages,Yes,Heat- and light-stable vivid cured pink-to-red hue in frankfurters and sausages.,Analyst Proposed
193,Beet root extract,Beet Root Color,"No, and doesn't have variants",Dairy,Fermented Dairy,Yogurt,No,Vivid strawberry and cherry coloration in yogurts and dairy desserts.,Analyst Proposed
194,Blackcurrant Anthocyanin,Anthocyanin Natural Color,Not found for any variants,Meat & Poultry,Processed Meat,Emulsified Sausages,Yes,Heat- and light-stable vivid cured pink-to-red hue in frankfurters and sausages.,Analyst Proposed
194,Blackcurrant Anthocyanin,Anthocyanin Natural Color,Not found for any variants,Dairy,Fermented Dairy,Yogurt,No,Vivid strawberry and cherry coloration in yogurts and dairy desserts.,Analyst Proposed
195,Blackcurrant Anthocyanin 20 KG,Anthocyanin Natural Color,Not found for any variants,Meat & Poultry,Processed Meat,Emulsified Sausages,Yes,Heat- and light-stable vivid cured pink-to-red hue in frankfurters and sausages.,Analyst Proposed
195,Blackcurrant Anthocyanin 20 KG,Anthocyanin Natural Color,Not found for any variants,Dairy,Fermented Dairy,Yogurt,No,Vivid strawberry and cherry coloration in yogurts and dairy desserts.,Analyst Proposed
196,Calcium Chloride-25kg,Calcium Chloride-25kg,"No, and doesn't have variants",Beverages,Carbonated Drinks,Cola / Carbonated Soft Drinks,Yes,"Provides crisp tart acidity, enhances fruit flavor perception, and regulates formulation pH.",Analyst Proposed
196,Calcium Chloride-25kg,Calcium Chloride-25kg,"No, and doesn't have variants",Dairy,Cheese,Processed Cheese,No,Buffering salt assisting calcium chelation and protein emulsification.,Analyst Proposed
197,Calcium Propionate China-25kg,Calcium Propionate,Not found for any variants,Bakery,Bread,Sliced Bread / Buns / Rolls,Yes,"Inhibits mold (Aspergillus, Penicillium) extending shelf-life by 7-14 days.",Analyst Proposed
198,Calcium Propionate Macco-20kg,Calcium Propionate,Not found for any variants,Bakery,Bread,Sliced Bread / Buns / Rolls,Yes,"Inhibits mold (Aspergillus, Penicillium) extending shelf-life by 7-14 days.",Analyst Proposed
199,Capsicum Oleoresin 1000,Capsicum Oleoresin,"No, but copied variant",Snacks & Savory Seasonings,Topical Seasonings & Dusting,Potato Chips / Extruded Snacks,Yes,Concentrated standardized spice flavor profile for topical dusting and snacks.,Analyst Proposed
199,Capsicum Oleoresin 1000,Capsicum Oleoresin,"No, but copied variant",Meat & Poultry,Processed Meat,Emulsified Sausages,No,Even seasoning dispersion in cutter or tumbler without microbial load.,Analyst Proposed
200,Capsicum Oleoresin 1002,Capsicum Oleoresin,"No, but copied variant",Snacks & Savory Seasonings,Topical Seasonings & Dusting,Potato Chips / Extruded Snacks,Yes,Concentrated standardized spice flavor profile for topical dusting and snacks.,Analyst Proposed
200,Capsicum Oleoresin 1002,Capsicum Oleoresin,"No, but copied variant",Meat & Poultry,Processed Meat,Emulsified Sausages,No,Even seasoning dispersion in cutter or tumbler without microbial load.,Analyst Proposed
201,Capsicum Oleoresin 1003,Capsicum Oleoresin,"No, but copied variant",Snacks & Savory Seasonings,Topical Seasonings & Dusting,Potato Chips / Extruded Snacks,Yes,Concentrated standardized spice flavor profile for topical dusting and snacks.,Analyst Proposed
201,Capsicum Oleoresin 1003,Capsicum Oleoresin,"No, but copied variant",Meat & Poultry,Processed Meat,Emulsified Sausages,No,Even seasoning dispersion in cutter or tumbler without microbial load.,Analyst Proposed
202,"Capsicum Oleoresin 500,000 SHU",Capsicum Oleoresin,"No, but copied variant",Snacks & Savory Seasonings,Topical Seasonings & Dusting,Potato Chips / Extruded Snacks,Yes,Concentrated standardized spice flavor profile for topical dusting and snacks.,Analyst Proposed
202,"Capsicum Oleoresin 500,000 SHU",Capsicum Oleoresin,"No, but copied variant",Meat & Poultry,Processed Meat,Emulsified Sausages,No,Even seasoning dispersion in cutter or tumbler without microbial load.,Analyst Proposed
203,Caramel (E150D),Caramel Color,Not found for any variants,Beverages,Carbonated Drinks,Cola / Carbonated Soft Drinks,Yes,Imparts deep amber to dark brown coloration with excellent acid stability.,Analyst Proposed
203,Caramel (E150D),Caramel Color,Not found for any variants,"Sauces, Condiments & Dressings",Tomato & Table Sauces,Ketchup & BBQ Sauces,No,Provides dark rich brown color in soy sauces and BBQ glazes.,Analyst Proposed
204,Caramel liquid Type E150A 30KG,Caramel Color,Not found for any variants,Beverages,Carbonated Drinks,Cola / Carbonated Soft Drinks,Yes,Imparts deep amber to dark brown coloration with excellent acid stability.,Analyst Proposed
204,Caramel liquid Type E150A 30KG,Caramel Color,Not found for any variants,"Sauces, Condiments & Dressings",Tomato & Table Sauces,Ketchup & BBQ Sauces,No,Provides dark rich brown color in soy sauces and BBQ glazes.,Analyst Proposed
205,Caramel Liquid Type E150D,Caramel Color,Not found for any variants,Beverages,Carbonated Drinks,Cola / Carbonated Soft Drinks,Yes,Imparts deep amber to dark brown coloration with excellent acid stability.,Analyst Proposed
205,Caramel Liquid Type E150D,Caramel Color,Not found for any variants,"Sauces, Condiments & Dressings",Tomato & Table Sauces,Ketchup & BBQ Sauces,No,Provides dark rich brown color in soy sauces and BBQ glazes.,Analyst Proposed
206,Caramel Liquid Type E150D 30KG,Caramel Color,Not found for any variants,Beverages,Carbonated Drinks,Cola / Carbonated Soft Drinks,Yes,Imparts deep amber to dark brown coloration with excellent acid stability.,Analyst Proposed
206,Caramel Liquid Type E150D 30KG,Caramel Color,Not found for any variants,"Sauces, Condiments & Dressings",Tomato & Table Sauces,Ketchup & BBQ Sauces,No,Provides dark rich brown color in soy sauces and BBQ glazes.,Analyst Proposed
207,Caramel Powder (E150D),Caramel Color,Not found for any variants,Beverages,Carbonated Drinks,Cola / Carbonated Soft Drinks,Yes,Imparts deep amber to dark brown coloration with excellent acid stability.,Analyst Proposed
207,Caramel Powder (E150D),Caramel Color,Not found for any variants,"Sauces, Condiments & Dressings",Tomato & Table Sauces,Ketchup & BBQ Sauces,No,Provides dark rich brown color in soy sauces and BBQ glazes.,Analyst Proposed
208,Caramel powder Type E150A 20KG,Caramel Color,Not found for any variants,Beverages,Carbonated Drinks,Cola / Carbonated Soft Drinks,Yes,Imparts deep amber to dark brown coloration with excellent acid stability.,Analyst Proposed
208,Caramel powder Type E150A 20KG,Caramel Color,Not found for any variants,"Sauces, Condiments & Dressings",Tomato & Table Sauces,Ketchup & BBQ Sauces,No,Provides dark rich brown color in soy sauces and BBQ glazes.,Analyst Proposed
209,Caramel powder Type E150c 20KG,Caramel Color,Not found for any variants,Beverages,Carbonated Drinks,Cola / Carbonated Soft Drinks,Yes,Imparts deep amber to dark brown coloration with excellent acid stability.,Analyst Proposed
209,Caramel powder Type E150c 20KG,Caramel Color,Not found for any variants,"Sauces, Condiments & Dressings",Tomato & Table Sauces,Ketchup & BBQ Sauces,No,Provides dark rich brown color in soy sauces and BBQ glazes.,Analyst Proposed
210,Caramel powder Type E150d 20KG,Caramel Color,Not found for any variants,Beverages,Carbonated Drinks,Cola / Carbonated Soft Drinks,Yes,Imparts deep amber to dark brown coloration with excellent acid stability.,Analyst Proposed
210,Caramel powder Type E150d 20KG,Caramel Color,Not found for any variants,"Sauces, Condiments & Dressings",Tomato & Table Sauces,Ketchup & BBQ Sauces,No,Provides dark rich brown color in soy sauces and BBQ glazes.,Analyst Proposed
211,Cardamom Oleoresin 1002,Cardamom Oleoresin,"No, but copied variant",Snacks & Savory Seasonings,Topical Seasonings & Dusting,Potato Chips / Extruded Snacks,Yes,Concentrated standardized spice flavor profile for topical dusting and snacks.,Analyst Proposed
211,Cardamom Oleoresin 1002,Cardamom Oleoresin,"No, but copied variant",Meat & Poultry,Processed Meat,Emulsified Sausages,No,Even seasoning dispersion in cutter or tumbler without microbial load.,Analyst Proposed
212,Carmine WS 50 %,Carmine Natural Color,"No, and doesn't have variants",Meat & Poultry,Processed Meat,Emulsified Sausages,Yes,Heat- and light-stable vivid cured pink-to-red hue in frankfurters and sausages.,Analyst Proposed
212,Carmine WS 50 %,Carmine Natural Color,"No, and doesn't have variants",Dairy,Fermented Dairy,Yogurt,No,Vivid strawberry and cherry coloration in yogurts and dairy desserts.,Analyst Proposed
213,CARRAGEENAN CK-500,Carrageenan CK/M Series,"No, and doesn't have variants",Meat & Poultry,Processed Meat,Emulsified Sausages & Injected Poultry,Yes,"Forms thermo-irreversible protein gel network, increasing cooking yield and slice elasticity.",Analyst Proposed
214,Cellulose casing - 26E*84,Cellulose Casings,"No, but copied variant",Meat & Poultry,Sausage Casings,Shirred Cellulose Casings,Yes,"High mechanical tensile strength for automated stuffing of hot dogs, frankfurters, and smoked sausages, uniform caliber diameter, optimal smoke permeability, and clean peeling.",Analyst Proposed
215,Cellulose casing - 21E*84,Cellulose Casings,"No, but copied variant",Meat & Poultry,Sausage Casings,Shirred Cellulose Casings,Yes,"High mechanical tensile strength for automated stuffing of hot dogs, frankfurters, and smoked sausages, uniform caliber diameter, optimal smoke permeability, and clean peeling.",Analyst Proposed
216,Cellulose casing - 28E*84,Cellulose Casings,"No, but copied variant",Meat & Poultry,Sausage Casings,Shirred Cellulose Casings,Yes,"High mechanical tensile strength for automated stuffing of hot dogs, frankfurters, and smoked sausages, uniform caliber diameter, optimal smoke permeability, and clean peeling.",Analyst Proposed
217,Chlorophyll,Chlorophyll Natural Color,Not found for any variants,Confectionery,Sugar Confectionery,Hard / Soft Candies,Yes,Vibrant olive-to-bright green natural coloration (E140/E141).,Analyst Proposed
217,Chlorophyll,Chlorophyll Natural Color,Not found for any variants,Beverages,Juices & Nectars,Fruit Juices / Pulp Suspensions,No,"Lime, mint, and green tea beverage coloration.",Analyst Proposed
218,Chlorophyll OS,Chlorophyll Natural Color,Not found for any variants,Confectionery,Sugar Confectionery,Hard / Soft Candies,Yes,Vibrant olive-to-bright green natural coloration (E140/E141).,Analyst Proposed
218,Chlorophyll OS,Chlorophyll Natural Color,Not found for any variants,Beverages,Juices & Nectars,Fruit Juices / Pulp Suspensions,No,"Lime, mint, and green tea beverage coloration.",Analyst Proposed
219,Chlorophyll WS 14 %,Chlorophyll Natural Color,Not found for any variants,Confectionery,Sugar Confectionery,Hard / Soft Candies,Yes,Vibrant olive-to-bright green natural coloration (E140/E141).,Analyst Proposed
219,Chlorophyll WS 14 %,Chlorophyll Natural Color,Not found for any variants,Beverages,Juices & Nectars,Fruit Juices / Pulp Suspensions,No,"Lime, mint, and green tea beverage coloration.",Analyst Proposed
220,Chlorophyll WS 20 %,Chlorophyll Natural Color,Not found for any variants,Confectionery,Sugar Confectionery,Hard / Soft Candies,Yes,Vibrant olive-to-bright green natural coloration (E140/E141).,Analyst Proposed
220,Chlorophyll WS 20 %,Chlorophyll Natural Color,Not found for any variants,Beverages,Juices & Nectars,Fruit Juices / Pulp Suspensions,No,"Lime, mint, and green tea beverage coloration.",Analyst Proposed
221,Citric Acid Anhydrous-25kg,Citric Acid,Not found for any variants,Beverages,Carbonated Drinks,Cola / Carbonated Soft Drinks,Yes,"Provides crisp tart acidity, enhances fruit flavor perception, and regulates formulation pH.",Analyst Proposed
221,Citric Acid Anhydrous-25kg,Citric Acid,Not found for any variants,Dairy,Cheese,Processed Cheese,No,Buffering salt assisting calcium chelation and protein emulsification.,Analyst Proposed
222,Citric Acid Monohydrate,Citric Acid,Not found for any variants,Bakery,Cake & Bakery,Sponge Cake / Muffin,Yes,"Promotes rapid batter aeration, fine crumb structure, moisture retention, and anti-staling softness.",Analyst Proposed
222,Citric Acid Monohydrate,Citric Acid,Not found for any variants,Dairy,Butter & Margarine,Table / Industrial Margarine,No,Stabilizes water-in-oil emulsion and controls crystal morphology in shortenings and table spreads.,Analyst Proposed
222,Citric Acid Monohydrate,Citric Acid,Not found for any variants,Dairy,Frozen Dairy,Ice Cream & Frozen Desserts,No,"Promotes fat agglomeration, improves extrusion stiffness, and retards ice crystal growth.",Analyst Proposed
223,Cocoa Butter Substitute-local-25kg,Cocoa Powders & Fats,Not found for any variants,Confectionery,Chocolate,"Compound Chocolate, Pralines & Fillings",Yes,"Imparts rich authentic cocoa/nut flavor, deep coloration, and smooth fat crystallization profile.",Analyst Proposed
223,Cocoa Butter Substitute-local-25kg,Cocoa Powders & Fats,Not found for any variants,Bakery,Cake & Bakery,Cookies / Biscuits / Wafers,No,"Provides flavor and color in chocolate doughs, cookies, and sandwich fillings.",Analyst Proposed
223,Cocoa Butter Substitute-local-25kg,Cocoa Powders & Fats,Not found for any variants,Beverages,Juices & Dairy Drinks,Chocolate Milk / RTD Drinks,No,Suspension stability and rich chocolate taste notes.,Analyst Proposed
224,Cocoa Powder G100-25kg,Cocoa Powders & Fats,Not found for any variants,Confectionery,Chocolate,"Compound Chocolate, Pralines & Fillings",Yes,"Imparts rich authentic cocoa/nut flavor, deep coloration, and smooth fat crystallization profile.",Analyst Proposed
224,Cocoa Powder G100-25kg,Cocoa Powders & Fats,Not found for any variants,Bakery,Cake & Bakery,Cookies / Biscuits / Wafers,No,"Provides flavor and color in chocolate doughs, cookies, and sandwich fillings.",Analyst Proposed
224,Cocoa Powder G100-25kg,Cocoa Powders & Fats,Not found for any variants,Beverages,Juices & Dairy Drinks,Chocolate Milk / RTD Drinks,No,Suspension stability and rich chocolate taste notes.,Analyst Proposed
225,Cocoa Powder JB800-25kg,Cocoa Powders & Fats,Not found for any variants,Confectionery,Chocolate,"Compound Chocolate, Pralines & Fillings",Yes,"Imparts rich authentic cocoa/nut flavor, deep coloration, and smooth fat crystallization profile.",Analyst Proposed
225,Cocoa Powder JB800-25kg,Cocoa Powders & Fats,Not found for any variants,Bakery,Cake & Bakery,Cookies / Biscuits / Wafers,No,"Provides flavor and color in chocolate doughs, cookies, and sandwich fillings.",Analyst Proposed
225,Cocoa Powder JB800-25kg,Cocoa Powders & Fats,Not found for any variants,Beverages,Juices & Dairy Drinks,Chocolate Milk / RTD Drinks,No,Suspension stability and rich chocolate taste notes.,Analyst Proposed
226,Cocoa Powder S9-25kg,Cocoa Powders & Fats,Not found for any variants,Confectionery,Chocolate,"Compound Chocolate, Pralines & Fillings",Yes,"Imparts rich authentic cocoa/nut flavor, deep coloration, and smooth fat crystallization profile.",Analyst Proposed
226,Cocoa Powder S9-25kg,Cocoa Powders & Fats,Not found for any variants,Bakery,Cake & Bakery,Cookies / Biscuits / Wafers,No,"Provides flavor and color in chocolate doughs, cookies, and sandwich fillings.",Analyst Proposed
226,Cocoa Powder S9-25kg,Cocoa Powders & Fats,Not found for any variants,Beverages,Juices & Dairy Drinks,Chocolate Milk / RTD Drinks,No,Suspension stability and rich chocolate taste notes.,Analyst Proposed
227,Cocoa Powder SL60-25kg,Cocoa Powders & Fats,Not found for any variants,Confectionery,Chocolate,"Compound Chocolate, Pralines & Fillings",Yes,"Imparts rich authentic cocoa/nut flavor, deep coloration, and smooth fat crystallization profile.",Analyst Proposed
227,Cocoa Powder SL60-25kg,Cocoa Powders & Fats,Not found for any variants,Bakery,Cake & Bakery,Cookies / Biscuits / Wafers,No,"Provides flavor and color in chocolate doughs, cookies, and sandwich fillings.",Analyst Proposed
227,Cocoa Powder SL60-25kg,Cocoa Powders & Fats,Not found for any variants,Beverages,Juices & Dairy Drinks,Chocolate Milk / RTD Drinks,No,Suspension stability and rich chocolate taste notes.,Analyst Proposed
228,Cocoa Powder SP70-25kg,Cocoa Powders & Fats,Not found for any variants,Confectionery,Chocolate,"Compound Chocolate, Pralines & Fillings",Yes,"Imparts rich authentic cocoa/nut flavor, deep coloration, and smooth fat crystallization profile.",Analyst Proposed
228,Cocoa Powder SP70-25kg,Cocoa Powders & Fats,Not found for any variants,Bakery,Cake & Bakery,Cookies / Biscuits / Wafers,No,"Provides flavor and color in chocolate doughs, cookies, and sandwich fillings.",Analyst Proposed
228,Cocoa Powder SP70-25kg,Cocoa Powders & Fats,Not found for any variants,Beverages,Juices & Dairy Drinks,Chocolate Milk / RTD Drinks,No,Suspension stability and rich chocolate taste notes.,Analyst Proposed
229,Cocoa Powder V98-25kg,Cocoa Powders & Fats,Not found for any variants,Confectionery,Chocolate,"Compound Chocolate, Pralines & Fillings",Yes,"Imparts rich authentic cocoa/nut flavor, deep coloration, and smooth fat crystallization profile.",Analyst Proposed
229,Cocoa Powder V98-25kg,Cocoa Powders & Fats,Not found for any variants,Bakery,Cake & Bakery,Cookies / Biscuits / Wafers,No,"Provides flavor and color in chocolate doughs, cookies, and sandwich fillings.",Analyst Proposed
229,Cocoa Powder V98-25kg,Cocoa Powders & Fats,Not found for any variants,Beverages,Juices & Dairy Drinks,Chocolate Milk / RTD Drinks,No,Suspension stability and rich chocolate taste notes.,Analyst Proposed
230,Curcumin WS 10 %,Curcumin Natural Color,Not found for any variants,Confectionery,Sugar Confectionery,Hard / Soft Candies,Yes,Brilliant lemon-yellow natural shade with clean sensory profile.,Analyst Proposed
230,Curcumin WS 10 %,Curcumin Natural Color,Not found for any variants,Dairy,Frozen Dairy,Ice Cream & Frozen Desserts,No,Vibrant yellow color in ice creams and dairy custards.,Analyst Proposed
231,Curcumin WS 15 %,Curcumin Natural Color,Not found for any variants,Confectionery,Sugar Confectionery,Hard / Soft Candies,Yes,Brilliant lemon-yellow natural shade with clean sensory profile.,Analyst Proposed
231,Curcumin WS 15 %,Curcumin Natural Color,Not found for any variants,Dairy,Frozen Dairy,Ice Cream & Frozen Desserts,No,Vibrant yellow color in ice creams and dairy custards.,Analyst Proposed
232,Curcumin WS 5 %,Curcumin Natural Color,Not found for any variants,Confectionery,Sugar Confectionery,Hard / Soft Candies,Yes,Brilliant lemon-yellow natural shade with clean sensory profile.,Analyst Proposed
232,Curcumin WS 5 %,Curcumin Natural Color,Not found for any variants,Dairy,Frozen Dairy,Ice Cream & Frozen Desserts,No,Vibrant yellow color in ice creams and dairy custards.,Analyst Proposed
233,Dairy anti foam,Dairy anti foam,"No, and doesn't have variants",Dairy,Cheese & Dairy Systems,Processed Cheese & Dairy Spreads,Yes,Standardized food grade functional ingredient.,Analyst Proposed
234,Dextrose Anhydrous-25kg,Dextrose,Not found for any variants,Beverages,Instant Drinks & Clouding,Instant RTD Mixes & Cloudy Beverages,Yes,"Provides cloud opacity, mouthfeel creaminess, body, and carrier functionality.",Analyst Proposed
234,Dextrose Anhydrous-25kg,Dextrose,Not found for any variants,Bakery,Cake & Bakery,Sponge Cake & Cookies,No,"Moisture retention, browning, and structural bulk.",Analyst Proposed
235,Dextrose Monohydrate-25kg,Dextrose,Not found for any variants,Bakery,Cake & Bakery,Sponge Cake / Muffin,Yes,"Promotes rapid batter aeration, fine crumb structure, moisture retention, and anti-staling softness.",Analyst Proposed
235,Dextrose Monohydrate-25kg,Dextrose,Not found for any variants,Dairy,Butter & Margarine,Table / Industrial Margarine,No,Stabilizes water-in-oil emulsion and controls crystal morphology in shortenings and table spreads.,Analyst Proposed
235,Dextrose Monohydrate-25kg,Dextrose,Not found for any variants,Dairy,Frozen Dairy,Ice Cream & Frozen Desserts,No,"Promotes fat agglomeration, improves extrusion stiffness, and retards ice crystal growth.",Analyst Proposed
236,Fish Collagen,Fish Collagen,"No, and doesn't have variants",Meat & Poultry,Minced Meat & Meat Alternatives,"Burgers, Kofta & Plant-Based Nuggets",Yes,"Provides meat-like fibrous chewiness, binds fat and water, reduces formulation cost, and builds structure in meat patties and plant-based nuggets.",Analyst Proposed
236,Fish Collagen,Fish Collagen,"No, and doesn't have variants",Bakery,Bread & Nutrition,High-Protein Bread & Energy Bars,No,"Enhances dough water absorption, strengthens gluten matrix, and boosts nutritional protein content.",Analyst Proposed
237,Frankfurte casing 24/84,Cellulose Casings,"No, but copied variant",Meat & Poultry,Sausage Casings,Shirred Cellulose Casings,Yes,"High mechanical tensile strength for automated stuffing of hot dogs, frankfurters, and smoked sausages, uniform caliber diameter, optimal smoke permeability, and clean peeling.",Analyst Proposed
238,Garlic Oleoresin 1002,Garlic Oleoresin,"No, but copied variant",Snacks & Savory Seasonings,Topical Seasonings & Dusting,Potato Chips / Extruded Snacks,Yes,Authentic pungent allium sulfur aroma and fresh taste notes at micro-dosage.,Analyst Proposed
238,Garlic Oleoresin 1002,Garlic Oleoresin,"No, but copied variant",Meat & Poultry,Minced Meat & Meat Alternatives,"Burgers, Kofta & Meatballs",No,Clean allium flavor integration without scorching on open grills.,Analyst Proposed
238,Garlic Oleoresin 1002,Garlic Oleoresin,"No, but copied variant","Sauces, Condiments & Dressings",Emulsified Sauces & Dips,Mayonnaise / Salad Dressings,No,"Provides garlic/onion top notes in dressings, ranch, and dipping sauces.",Analyst Proposed
239,Garlic Oleoresin 1003,Garlic Oleoresin,"No, but copied variant",Snacks & Savory Seasonings,Topical Seasonings & Dusting,Potato Chips / Extruded Snacks,Yes,Authentic pungent allium sulfur aroma and fresh taste notes at micro-dosage.,Analyst Proposed
239,Garlic Oleoresin 1003,Garlic Oleoresin,"No, but copied variant",Meat & Poultry,Minced Meat & Meat Alternatives,"Burgers, Kofta & Meatballs",No,Clean allium flavor integration without scorching on open grills.,Analyst Proposed
239,Garlic Oleoresin 1003,Garlic Oleoresin,"No, but copied variant","Sauces, Condiments & Dressings",Emulsified Sauces & Dips,Mayonnaise / Salad Dressings,No,"Provides garlic/onion top notes in dressings, ranch, and dipping sauces.",Analyst Proposed
240,Garlic Oleoresin 1004,Garlic Oleoresin,"No, but copied variant",Snacks & Savory Seasonings,Topical Seasonings & Dusting,Potato Chips / Extruded Snacks,Yes,Authentic pungent allium sulfur aroma and fresh taste notes at micro-dosage.,Analyst Proposed
240,Garlic Oleoresin 1004,Garlic Oleoresin,"No, but copied variant",Meat & Poultry,Minced Meat & Meat Alternatives,"Burgers, Kofta & Meatballs",No,Clean allium flavor integration without scorching on open grills.,Analyst Proposed
240,Garlic Oleoresin 1004,Garlic Oleoresin,"No, but copied variant","Sauces, Condiments & Dressings",Emulsified Sauces & Dips,Mayonnaise / Salad Dressings,No,"Provides garlic/onion top notes in dressings, ranch, and dipping sauces.",Analyst Proposed
241,Garlic Oleoresin 1005,Garlic Oleoresin,"No, but copied variant",Snacks & Savory Seasonings,Topical Seasonings & Dusting,Potato Chips / Extruded Snacks,Yes,Authentic pungent allium sulfur aroma and fresh taste notes at micro-dosage.,Analyst Proposed
241,Garlic Oleoresin 1005,Garlic Oleoresin,"No, but copied variant",Meat & Poultry,Minced Meat & Meat Alternatives,"Burgers, Kofta & Meatballs",No,Clean allium flavor integration without scorching on open grills.,Analyst Proposed
241,Garlic Oleoresin 1005,Garlic Oleoresin,"No, but copied variant","Sauces, Condiments & Dressings",Emulsified Sauces & Dips,Mayonnaise / Salad Dressings,No,"Provides garlic/onion top notes in dressings, ranch, and dipping sauces.",Analyst Proposed
242,Garlic Oleoresin 50/50,Garlic Oleoresin,"No, but copied variant",Snacks & Savory Seasonings,Topical Seasonings & Dusting,Potato Chips / Extruded Snacks,Yes,Authentic pungent allium sulfur aroma and fresh taste notes at micro-dosage.,Analyst Proposed
242,Garlic Oleoresin 50/50,Garlic Oleoresin,"No, but copied variant",Meat & Poultry,Minced Meat & Meat Alternatives,"Burgers, Kofta & Meatballs",No,Clean allium flavor integration without scorching on open grills.,Analyst Proposed
242,Garlic Oleoresin 50/50,Garlic Oleoresin,"No, but copied variant","Sauces, Condiments & Dressings",Emulsified Sauces & Dips,Mayonnaise / Salad Dressings,No,"Provides garlic/onion top notes in dressings, ranch, and dipping sauces.",Analyst Proposed
243,Garlic Oleoresin 60/40,Garlic Oleoresin,"No, but copied variant",Snacks & Savory Seasonings,Topical Seasonings & Dusting,Potato Chips / Extruded Snacks,Yes,Authentic pungent allium sulfur aroma and fresh taste notes at micro-dosage.,Analyst Proposed
243,Garlic Oleoresin 60/40,Garlic Oleoresin,"No, but copied variant",Meat & Poultry,Minced Meat & Meat Alternatives,"Burgers, Kofta & Meatballs",No,Clean allium flavor integration without scorching on open grills.,Analyst Proposed
243,Garlic Oleoresin 60/40,Garlic Oleoresin,"No, but copied variant","Sauces, Condiments & Dressings",Emulsified Sauces & Dips,Mayonnaise / Salad Dressings,No,"Provides garlic/onion top notes in dressings, ranch, and dipping sauces.",Analyst Proposed
244,Guar gum - 5000 CPS,Guar Gum,Not found for any variants,Dairy,Frozen Dairy,Ice Cream & Frozen Desserts,Yes,"Delivers rapid cold hydration, binds free water, and eliminates icy crystal growth.",Analyst Proposed
244,Guar gum - 5000 CPS,Guar Gum,Not found for any variants,Bakery,Bread,Sliced Bread / Buns / Rolls,No,Increases dough water absorption and crumb softness.,Analyst Proposed
245,Guar gum - 6000 CPS,Guar Gum,Not found for any variants,Dairy,Frozen Dairy,Ice Cream & Frozen Desserts,Yes,"Delivers rapid cold hydration, binds free water, and eliminates icy crystal growth.",Analyst Proposed
245,Guar gum - 6000 CPS,Guar Gum,Not found for any variants,Bakery,Bread,Sliced Bread / Buns / Rolls,No,Increases dough water absorption and crumb softness.,Analyst Proposed
246,HAZELNUT PASTE,HAZELNUT PASTE,"No, and doesn't have variants",Confectionery,Chocolate,"Compound Chocolate, Pralines & Fillings",Yes,"Imparts rich authentic cocoa/nut flavor, deep coloration, and smooth fat crystallization profile.",Analyst Proposed
246,HAZELNUT PASTE,HAZELNUT PASTE,"No, and doesn't have variants",Bakery,Cake & Bakery,Cookies / Biscuits / Wafers,No,"Provides flavor and color in chocolate doughs, cookies, and sandwich fillings.",Analyst Proposed
246,HAZELNUT PASTE,HAZELNUT PASTE,"No, and doesn't have variants",Beverages,Juices & Dairy Drinks,Chocolate Milk / RTD Drinks,No,Suspension stability and rich chocolate taste notes.,Analyst Proposed
247,HAZELNUT PASTE TYPE C,HAZELNUT PASTE TYPE C,"No, and doesn't have variants",Confectionery,Chocolate,"Compound Chocolate, Pralines & Fillings",Yes,"Imparts rich authentic cocoa/nut flavor, deep coloration, and smooth fat crystallization profile.",Analyst Proposed
247,HAZELNUT PASTE TYPE C,HAZELNUT PASTE TYPE C,"No, and doesn't have variants",Bakery,Cake & Bakery,Cookies / Biscuits / Wafers,No,"Provides flavor and color in chocolate doughs, cookies, and sandwich fillings.",Analyst Proposed
247,HAZELNUT PASTE TYPE C,HAZELNUT PASTE TYPE C,"No, and doesn't have variants",Beverages,Juices & Dairy Drinks,Chocolate Milk / RTD Drinks,No,Suspension stability and rich chocolate taste notes.,Analyst Proposed
248,Lactose-Imported-25kg,Lactose-Imported-25kg,"No, and doesn't have variants",Beverages,Instant Drinks & Clouding,Instant RTD Mixes & Cloudy Beverages,Yes,"Provides cloud opacity, mouthfeel creaminess, body, and carrier functionality.",Analyst Proposed
248,Lactose-Imported-25kg,Lactose-Imported-25kg,"No, and doesn't have variants",Bakery,Cake & Bakery,Sponge Cake & Cookies,No,"Moisture retention, browning, and structural bulk.",Analyst Proposed
249,Laurel Oleoresin 1001,Laurel Oleoresin,"No, and doesn't have variants",Snacks & Savory Seasonings,Topical Seasonings & Dusting,Potato Chips / Extruded Snacks,Yes,Concentrated standardized spice flavor profile for topical dusting and snacks.,Analyst Proposed
249,Laurel Oleoresin 1001,Laurel Oleoresin,"No, and doesn't have variants",Meat & Poultry,Processed Meat,Emulsified Sausages,No,Even seasoning dispersion in cutter or tumbler without microbial load.,Analyst Proposed
250,Lemon cloud,Lemon cloud,"No, and doesn't have variants",Beverages,Instant Drinks & Clouding,Instant RTD Mixes & Cloudy Beverages,Yes,"Provides cloud opacity, mouthfeel creaminess, body, and carrier functionality.",Analyst Proposed
250,Lemon cloud,Lemon cloud,"No, and doesn't have variants",Bakery,Cake & Bakery,Sponge Cake & Cookies,No,"Moisture retention, browning, and structural bulk.",Analyst Proposed
251,Liquid Smoke,Liquid Smoke,"No, and doesn't have variants",Meat & Poultry,Processed Meat,Emulsified Sausages & Restructured Meat,Yes,"Optimizes meat protein binding, cured color fixation, texture cross-linking, and shelf-life extension in sausages, luncheon, and beef pastrami.",Analyst Proposed
252,Locust Bean Gum,Locust Bean Gum,"No, and doesn't have variants",Dairy,Frozen Dairy,Ice Cream & Frozen Desserts,Yes,"Delivers rapid cold hydration, binds free water, and eliminates icy crystal growth.",Analyst Proposed
252,Locust Bean Gum,Locust Bean Gum,"No, and doesn't have variants",Bakery,Bread,Sliced Bread / Buns / Rolls,No,Increases dough water absorption and crumb softness.,Analyst Proposed
253,L-Tartaric Acid China-25kg,L-Tartaric Acid China-25kg,"No, and doesn't have variants",Beverages,Carbonated Drinks,Cola / Carbonated Soft Drinks,Yes,"Provides crisp tart acidity, enhances fruit flavor perception, and regulates formulation pH.",Analyst Proposed
253,L-Tartaric Acid China-25kg,L-Tartaric Acid China-25kg,"No, and doesn't have variants",Dairy,Cheese,Processed Cheese,No,Buffering salt assisting calcium chelation and protein emulsification.,Analyst Proposed
254,Lutein WS 10%,Lutein Natural Color,Not found for any variants,Confectionery,Sugar Confectionery,Hard / Soft Candies,Yes,Brilliant lemon-yellow natural shade with clean sensory profile.,Analyst Proposed
254,Lutein WS 10%,Lutein Natural Color,Not found for any variants,Dairy,Frozen Dairy,Ice Cream & Frozen Desserts,No,Vibrant yellow color in ice creams and dairy custards.,Analyst Proposed
255,Lutein WS 5%,Lutein Natural Color,Not found for any variants,Confectionery,Sugar Confectionery,Hard / Soft Candies,Yes,Brilliant lemon-yellow natural shade with clean sensory profile.,Analyst Proposed
255,Lutein WS 5%,Lutein Natural Color,Not found for any variants,Dairy,Frozen Dairy,Ice Cream & Frozen Desserts,No,Vibrant yellow color in ice creams and dairy custards.,Analyst Proposed
256,Maltodextrine-Local-25kg,Maltodextrine-Local-25kg,"No, and doesn't have variants",Beverages,Instant Drinks & Clouding,Instant RTD Mixes & Cloudy Beverages,Yes,"Provides cloud opacity, mouthfeel creaminess, body, and carrier functionality.",Analyst Proposed
256,Maltodextrine-Local-25kg,Maltodextrine-Local-25kg,"No, and doesn't have variants",Bakery,Cake & Bakery,Sponge Cake & Cookies,No,"Moisture retention, browning, and structural bulk.",Analyst Proposed
257,Marjoram Oleoresin 1001,Marjoram Oleoresin,"No, and doesn't have variants",Snacks & Savory Seasonings,Topical Seasonings & Dusting,Potato Chips / Extruded Snacks,Yes,Concentrated standardized spice flavor profile for topical dusting and snacks.,Analyst Proposed
257,Marjoram Oleoresin 1001,Marjoram Oleoresin,"No, and doesn't have variants",Meat & Poultry,Processed Meat,Emulsified Sausages,No,Even seasoning dispersion in cutter or tumbler without microbial load.,Analyst Proposed
258,MEAT FLAVOR S0843603,MEAT FLAVOR S0843603,"No, and doesn't have variants",Meat & Poultry,Processed Meat,Emulsified Sausages & Restructured Meat,Yes,"Optimizes meat protein binding, cured color fixation, texture cross-linking, and shelf-life extension in sausages, luncheon, and beef pastrami.",Analyst Proposed
259,Meat Protein,Meat Protein,"No, and doesn't have variants",Meat & Poultry,Minced Meat & Meat Alternatives,"Burgers, Kofta & Plant-Based Nuggets",Yes,"Provides meat-like fibrous chewiness, binds fat and water, reduces formulation cost, and builds structure in meat patties and plant-based nuggets.",Analyst Proposed
259,Meat Protein,Meat Protein,"No, and doesn't have variants",Bakery,Bread & Nutrition,High-Protein Bread & Energy Bars,No,"Enhances dough water absorption, strengthens gluten matrix, and boosts nutritional protein content.",Analyst Proposed
260,Non Dairy Creamer,Non Dairy Creamer,"No, and doesn't have variants",Beverages,Instant Drinks & Clouding,Instant RTD Mixes & Cloudy Beverages,Yes,"Provides cloud opacity, mouthfeel creaminess, body, and carrier functionality.",Analyst Proposed
260,Non Dairy Creamer,Non Dairy Creamer,"No, and doesn't have variants",Bakery,Cake & Bakery,Sponge Cake & Cookies,No,"Moisture retention, browning, and structural bulk.",Analyst Proposed
261,Onion Oleoresin 1002,Onion Oleoresin,"No, but copied variant",Snacks & Savory Seasonings,Topical Seasonings & Dusting,Potato Chips / Extruded Snacks,Yes,Authentic pungent allium sulfur aroma and fresh taste notes at micro-dosage.,Analyst Proposed
261,Onion Oleoresin 1002,Onion Oleoresin,"No, but copied variant",Meat & Poultry,Minced Meat & Meat Alternatives,"Burgers, Kofta & Meatballs",No,Clean allium flavor integration without scorching on open grills.,Analyst Proposed
261,Onion Oleoresin 1002,Onion Oleoresin,"No, but copied variant","Sauces, Condiments & Dressings",Emulsified Sauces & Dips,Mayonnaise / Salad Dressings,No,"Provides garlic/onion top notes in dressings, ranch, and dipping sauces.",Analyst Proposed
262,Onion Oleoresin 1003,Onion Oleoresin,"No, but copied variant",Snacks & Savory Seasonings,Topical Seasonings & Dusting,Potato Chips / Extruded Snacks,Yes,Authentic pungent allium sulfur aroma and fresh taste notes at micro-dosage.,Analyst Proposed
262,Onion Oleoresin 1003,Onion Oleoresin,"No, but copied variant",Meat & Poultry,Minced Meat & Meat Alternatives,"Burgers, Kofta & Meatballs",No,Clean allium flavor integration without scorching on open grills.,Analyst Proposed
262,Onion Oleoresin 1003,Onion Oleoresin,"No, but copied variant","Sauces, Condiments & Dressings",Emulsified Sauces & Dips,Mayonnaise / Salad Dressings,No,"Provides garlic/onion top notes in dressings, ranch, and dipping sauces.",Analyst Proposed
263,Onion Oleoresin 1004,Onion Oleoresin,"No, but copied variant",Snacks & Savory Seasonings,Topical Seasonings & Dusting,Potato Chips / Extruded Snacks,Yes,Authentic pungent allium sulfur aroma and fresh taste notes at micro-dosage.,Analyst Proposed
263,Onion Oleoresin 1004,Onion Oleoresin,"No, but copied variant",Meat & Poultry,Minced Meat & Meat Alternatives,"Burgers, Kofta & Meatballs",No,Clean allium flavor integration without scorching on open grills.,Analyst Proposed
263,Onion Oleoresin 1004,Onion Oleoresin,"No, but copied variant","Sauces, Condiments & Dressings",Emulsified Sauces & Dips,Mayonnaise / Salad Dressings,No,"Provides garlic/onion top notes in dressings, ranch, and dipping sauces.",Analyst Proposed
264,Onion Oleoresin 50/50,Onion Oleoresin,"No, but copied variant",Snacks & Savory Seasonings,Topical Seasonings & Dusting,Potato Chips / Extruded Snacks,Yes,Authentic pungent allium sulfur aroma and fresh taste notes at micro-dosage.,Analyst Proposed
264,Onion Oleoresin 50/50,Onion Oleoresin,"No, but copied variant",Meat & Poultry,Minced Meat & Meat Alternatives,"Burgers, Kofta & Meatballs",No,Clean allium flavor integration without scorching on open grills.,Analyst Proposed
264,Onion Oleoresin 50/50,Onion Oleoresin,"No, but copied variant","Sauces, Condiments & Dressings",Emulsified Sauces & Dips,Mayonnaise / Salad Dressings,No,"Provides garlic/onion top notes in dressings, ranch, and dipping sauces.",Analyst Proposed
265,Onion Oleoresin 60/40,Onion Oleoresin,"No, but copied variant",Snacks & Savory Seasonings,Topical Seasonings & Dusting,Potato Chips / Extruded Snacks,Yes,Authentic pungent allium sulfur aroma and fresh taste notes at micro-dosage.,Analyst Proposed
265,Onion Oleoresin 60/40,Onion Oleoresin,"No, but copied variant",Meat & Poultry,Minced Meat & Meat Alternatives,"Burgers, Kofta & Meatballs",No,Clean allium flavor integration without scorching on open grills.,Analyst Proposed
265,Onion Oleoresin 60/40,Onion Oleoresin,"No, but copied variant","Sauces, Condiments & Dressings",Emulsified Sauces & Dips,Mayonnaise / Salad Dressings,No,"Provides garlic/onion top notes in dressings, ranch, and dipping sauces.",Analyst Proposed
266,Onion Oleoresin 70/30,Onion Oleoresin,"No, but copied variant",Snacks & Savory Seasonings,Topical Seasonings & Dusting,Potato Chips / Extruded Snacks,Yes,Authentic pungent allium sulfur aroma and fresh taste notes at micro-dosage.,Analyst Proposed
266,Onion Oleoresin 70/30,Onion Oleoresin,"No, but copied variant",Meat & Poultry,Minced Meat & Meat Alternatives,"Burgers, Kofta & Meatballs",No,Clean allium flavor integration without scorching on open grills.,Analyst Proposed
266,Onion Oleoresin 70/30,Onion Oleoresin,"No, but copied variant","Sauces, Condiments & Dressings",Emulsified Sauces & Dips,Mayonnaise / Salad Dressings,No,"Provides garlic/onion top notes in dressings, ranch, and dipping sauces.",Analyst Proposed
267,Onion Oleoresin 80/20,Onion Oleoresin,"No, but copied variant",Snacks & Savory Seasonings,Topical Seasonings & Dusting,Potato Chips / Extruded Snacks,Yes,Authentic pungent allium sulfur aroma and fresh taste notes at micro-dosage.,Analyst Proposed
267,Onion Oleoresin 80/20,Onion Oleoresin,"No, but copied variant",Meat & Poultry,Minced Meat & Meat Alternatives,"Burgers, Kofta & Meatballs",No,Clean allium flavor integration without scorching on open grills.,Analyst Proposed
267,Onion Oleoresin 80/20,Onion Oleoresin,"No, but copied variant","Sauces, Condiments & Dressings",Emulsified Sauces & Dips,Mayonnaise / Salad Dressings,No,"Provides garlic/onion top notes in dressings, ranch, and dipping sauces.",Analyst Proposed
268,Onion Oleoresin 90/10,Onion Oleoresin,"No, but copied variant",Snacks & Savory Seasonings,Topical Seasonings & Dusting,Potato Chips / Extruded Snacks,Yes,Authentic pungent allium sulfur aroma and fresh taste notes at micro-dosage.,Analyst Proposed
268,Onion Oleoresin 90/10,Onion Oleoresin,"No, but copied variant",Meat & Poultry,Minced Meat & Meat Alternatives,"Burgers, Kofta & Meatballs",No,Clean allium flavor integration without scorching on open grills.,Analyst Proposed
268,Onion Oleoresin 90/10,Onion Oleoresin,"No, but copied variant","Sauces, Condiments & Dressings",Emulsified Sauces & Dips,Mayonnaise / Salad Dressings,No,"Provides garlic/onion top notes in dressings, ranch, and dipping sauces.",Analyst Proposed
269,Paprika Oleoresin 1000,Paprika Oleoresin,"No, but copied variant",Snacks & Savory Seasonings,Topical Seasonings & Dusting,Potato Chips / Extruded Snacks,Yes,Standardized carotenoid color (ASTA / Color Units) combined with authentic sweet paprika aroma.,Analyst Proposed
269,Paprika Oleoresin 1000,Paprika Oleoresin,"No, but copied variant",Meat & Poultry,Processed Meat,Emulsified Sausages,No,Natural red-orange color standardization and mild warm spice notes in sausages.,Analyst Proposed
269,Paprika Oleoresin 1000,Paprika Oleoresin,"No, but copied variant","Sauces, Condiments & Dressings",Tomato & Table Sauces,Ketchup & BBQ Sauces,No,Enhances tomato hue and warm spice background in sauces.,Analyst Proposed
270,Paprika Oleoresin 1001,Paprika Oleoresin,"No, but copied variant",Snacks & Savory Seasonings,Topical Seasonings & Dusting,Potato Chips / Extruded Snacks,Yes,Standardized carotenoid color (ASTA / Color Units) combined with authentic sweet paprika aroma.,Analyst Proposed
270,Paprika Oleoresin 1001,Paprika Oleoresin,"No, but copied variant",Meat & Poultry,Processed Meat,Emulsified Sausages,No,Natural red-orange color standardization and mild warm spice notes in sausages.,Analyst Proposed
270,Paprika Oleoresin 1001,Paprika Oleoresin,"No, but copied variant","Sauces, Condiments & Dressings",Tomato & Table Sauces,Ketchup & BBQ Sauces,No,Enhances tomato hue and warm spice background in sauces.,Analyst Proposed
271,Paprika Oleoresin 1002,Paprika Oleoresin,"No, but copied variant",Snacks & Savory Seasonings,Topical Seasonings & Dusting,Potato Chips / Extruded Snacks,Yes,Standardized carotenoid color (ASTA / Color Units) combined with authentic sweet paprika aroma.,Analyst Proposed
271,Paprika Oleoresin 1002,Paprika Oleoresin,"No, but copied variant",Meat & Poultry,Processed Meat,Emulsified Sausages,No,Natural red-orange color standardization and mild warm spice notes in sausages.,Analyst Proposed
271,Paprika Oleoresin 1002,Paprika Oleoresin,"No, but copied variant","Sauces, Condiments & Dressings",Tomato & Table Sauces,Ketchup & BBQ Sauces,No,Enhances tomato hue and warm spice background in sauces.,Analyst Proposed
272,Paprika Oleoresin 1003,Paprika Oleoresin,"No, but copied variant",Snacks & Savory Seasonings,Topical Seasonings & Dusting,Potato Chips / Extruded Snacks,Yes,Standardized carotenoid color (ASTA / Color Units) combined with authentic sweet paprika aroma.,Analyst Proposed
272,Paprika Oleoresin 1003,Paprika Oleoresin,"No, but copied variant",Meat & Poultry,Processed Meat,Emulsified Sausages,No,Natural red-orange color standardization and mild warm spice notes in sausages.,Analyst Proposed
272,Paprika Oleoresin 1003,Paprika Oleoresin,"No, but copied variant","Sauces, Condiments & Dressings",Tomato & Table Sauces,Ketchup & BBQ Sauces,No,Enhances tomato hue and warm spice background in sauces.,Analyst Proposed
273,Paprika Oleoresin 1004,Paprika Oleoresin,"No, but copied variant",Snacks & Savory Seasonings,Topical Seasonings & Dusting,Potato Chips / Extruded Snacks,Yes,Standardized carotenoid color (ASTA / Color Units) combined with authentic sweet paprika aroma.,Analyst Proposed
273,Paprika Oleoresin 1004,Paprika Oleoresin,"No, but copied variant",Meat & Poultry,Processed Meat,Emulsified Sausages,No,Natural red-orange color standardization and mild warm spice notes in sausages.,Analyst Proposed
273,Paprika Oleoresin 1004,Paprika Oleoresin,"No, but copied variant","Sauces, Condiments & Dressings",Tomato & Table Sauces,Ketchup & BBQ Sauces,No,Enhances tomato hue and warm spice background in sauces.,Analyst Proposed
274,Paprika Oleoresin 1005,Paprika Oleoresin,"No, but copied variant",Snacks & Savory Seasonings,Topical Seasonings & Dusting,Potato Chips / Extruded Snacks,Yes,Standardized carotenoid color (ASTA / Color Units) combined with authentic sweet paprika aroma.,Analyst Proposed
274,Paprika Oleoresin 1005,Paprika Oleoresin,"No, but copied variant",Meat & Poultry,Processed Meat,Emulsified Sausages,No,Natural red-orange color standardization and mild warm spice notes in sausages.,Analyst Proposed
274,Paprika Oleoresin 1005,Paprika Oleoresin,"No, but copied variant","Sauces, Condiments & Dressings",Tomato & Table Sauces,Ketchup & BBQ Sauces,No,Enhances tomato hue and warm spice background in sauces.,Analyst Proposed
275,Paprika Oleoresin 1006,Paprika Oleoresin,"No, but copied variant",Snacks & Savory Seasonings,Topical Seasonings & Dusting,Potato Chips / Extruded Snacks,Yes,Standardized carotenoid color (ASTA / Color Units) combined with authentic sweet paprika aroma.,Analyst Proposed
275,Paprika Oleoresin 1006,Paprika Oleoresin,"No, but copied variant",Meat & Poultry,Processed Meat,Emulsified Sausages,No,Natural red-orange color standardization and mild warm spice notes in sausages.,Analyst Proposed
275,Paprika Oleoresin 1006,Paprika Oleoresin,"No, but copied variant","Sauces, Condiments & Dressings",Tomato & Table Sauces,Ketchup & BBQ Sauces,No,Enhances tomato hue and warm spice background in sauces.,Analyst Proposed
276,Paprika Oleoresin 1007,Paprika Oleoresin,"No, but copied variant",Snacks & Savory Seasonings,Topical Seasonings & Dusting,Potato Chips / Extruded Snacks,Yes,Standardized carotenoid color (ASTA / Color Units) combined with authentic sweet paprika aroma.,Analyst Proposed
276,Paprika Oleoresin 1007,Paprika Oleoresin,"No, but copied variant",Meat & Poultry,Processed Meat,Emulsified Sausages,No,Natural red-orange color standardization and mild warm spice notes in sausages.,Analyst Proposed
276,Paprika Oleoresin 1007,Paprika Oleoresin,"No, but copied variant","Sauces, Condiments & Dressings",Tomato & Table Sauces,Ketchup & BBQ Sauces,No,Enhances tomato hue and warm spice background in sauces.,Analyst Proposed
277,Paprika Oleoresin 1008,Paprika Oleoresin,"No, but copied variant",Snacks & Savory Seasonings,Topical Seasonings & Dusting,Potato Chips / Extruded Snacks,Yes,Standardized carotenoid color (ASTA / Color Units) combined with authentic sweet paprika aroma.,Analyst Proposed
277,Paprika Oleoresin 1008,Paprika Oleoresin,"No, but copied variant",Meat & Poultry,Processed Meat,Emulsified Sausages,No,Natural red-orange color standardization and mild warm spice notes in sausages.,Analyst Proposed
277,Paprika Oleoresin 1008,Paprika Oleoresin,"No, but copied variant","Sauces, Condiments & Dressings",Tomato & Table Sauces,Ketchup & BBQ Sauces,No,Enhances tomato hue and warm spice background in sauces.,Analyst Proposed
278,Paprika Oleoresin 1009,Paprika Oleoresin,"No, but copied variant",Snacks & Savory Seasonings,Topical Seasonings & Dusting,Potato Chips / Extruded Snacks,Yes,Standardized carotenoid color (ASTA / Color Units) combined with authentic sweet paprika aroma.,Analyst Proposed
278,Paprika Oleoresin 1009,Paprika Oleoresin,"No, but copied variant",Meat & Poultry,Processed Meat,Emulsified Sausages,No,Natural red-orange color standardization and mild warm spice notes in sausages.,Analyst Proposed
278,Paprika Oleoresin 1009,Paprika Oleoresin,"No, but copied variant","Sauces, Condiments & Dressings",Tomato & Table Sauces,Ketchup & BBQ Sauces,No,Enhances tomato hue and warm spice background in sauces.,Analyst Proposed
279,Paprika Oleoresin 1010,Paprika Oleoresin,"No, but copied variant",Snacks & Savory Seasonings,Topical Seasonings & Dusting,Potato Chips / Extruded Snacks,Yes,Standardized carotenoid color (ASTA / Color Units) combined with authentic sweet paprika aroma.,Analyst Proposed
279,Paprika Oleoresin 1010,Paprika Oleoresin,"No, but copied variant",Meat & Poultry,Processed Meat,Emulsified Sausages,No,Natural red-orange color standardization and mild warm spice notes in sausages.,Analyst Proposed
279,Paprika Oleoresin 1010,Paprika Oleoresin,"No, but copied variant","Sauces, Condiments & Dressings",Tomato & Table Sauces,Ketchup & BBQ Sauces,No,Enhances tomato hue and warm spice background in sauces.,Analyst Proposed
280,Paprika Oleoresin 1011,Paprika Oleoresin,"No, but copied variant",Snacks & Savory Seasonings,Topical Seasonings & Dusting,Potato Chips / Extruded Snacks,Yes,Standardized carotenoid color (ASTA / Color Units) combined with authentic sweet paprika aroma.,Analyst Proposed
280,Paprika Oleoresin 1011,Paprika Oleoresin,"No, but copied variant",Meat & Poultry,Processed Meat,Emulsified Sausages,No,Natural red-orange color standardization and mild warm spice notes in sausages.,Analyst Proposed
280,Paprika Oleoresin 1011,Paprika Oleoresin,"No, but copied variant","Sauces, Condiments & Dressings",Tomato & Table Sauces,Ketchup & BBQ Sauces,No,Enhances tomato hue and warm spice background in sauces.,Analyst Proposed
281,Paprika Oleoresin 1012,Paprika Oleoresin,"No, but copied variant",Snacks & Savory Seasonings,Topical Seasonings & Dusting,Potato Chips / Extruded Snacks,Yes,Standardized carotenoid color (ASTA / Color Units) combined with authentic sweet paprika aroma.,Analyst Proposed
281,Paprika Oleoresin 1012,Paprika Oleoresin,"No, but copied variant",Meat & Poultry,Processed Meat,Emulsified Sausages,No,Natural red-orange color standardization and mild warm spice notes in sausages.,Analyst Proposed
281,Paprika Oleoresin 1012,Paprika Oleoresin,"No, but copied variant","Sauces, Condiments & Dressings",Tomato & Table Sauces,Ketchup & BBQ Sauces,No,Enhances tomato hue and warm spice background in sauces.,Analyst Proposed
282,Paprika Oleoresin 1013,Paprika Oleoresin,"No, but copied variant",Snacks & Savory Seasonings,Topical Seasonings & Dusting,Potato Chips / Extruded Snacks,Yes,Standardized carotenoid color (ASTA / Color Units) combined with authentic sweet paprika aroma.,Analyst Proposed
282,Paprika Oleoresin 1013,Paprika Oleoresin,"No, but copied variant",Meat & Poultry,Processed Meat,Emulsified Sausages,No,Natural red-orange color standardization and mild warm spice notes in sausages.,Analyst Proposed
282,Paprika Oleoresin 1013,Paprika Oleoresin,"No, but copied variant","Sauces, Condiments & Dressings",Tomato & Table Sauces,Ketchup & BBQ Sauces,No,Enhances tomato hue and warm spice background in sauces.,Analyst Proposed
283,Paprika Oleoresin 1014,Paprika Oleoresin,"No, but copied variant",Snacks & Savory Seasonings,Topical Seasonings & Dusting,Potato Chips / Extruded Snacks,Yes,Standardized carotenoid color (ASTA / Color Units) combined with authentic sweet paprika aroma.,Analyst Proposed
283,Paprika Oleoresin 1014,Paprika Oleoresin,"No, but copied variant",Meat & Poultry,Processed Meat,Emulsified Sausages,No,Natural red-orange color standardization and mild warm spice notes in sausages.,Analyst Proposed
283,Paprika Oleoresin 1014,Paprika Oleoresin,"No, but copied variant","Sauces, Condiments & Dressings",Tomato & Table Sauces,Ketchup & BBQ Sauces,No,Enhances tomato hue and warm spice background in sauces.,Analyst Proposed
284,Paprika Oleoresin 1015,Paprika Oleoresin,"No, but copied variant",Snacks & Savory Seasonings,Topical Seasonings & Dusting,Potato Chips / Extruded Snacks,Yes,Standardized carotenoid color (ASTA / Color Units) combined with authentic sweet paprika aroma.,Analyst Proposed
284,Paprika Oleoresin 1015,Paprika Oleoresin,"No, but copied variant",Meat & Poultry,Processed Meat,Emulsified Sausages,No,Natural red-orange color standardization and mild warm spice notes in sausages.,Analyst Proposed
284,Paprika Oleoresin 1015,Paprika Oleoresin,"No, but copied variant","Sauces, Condiments & Dressings",Tomato & Table Sauces,Ketchup & BBQ Sauces,No,Enhances tomato hue and warm spice background in sauces.,Analyst Proposed
285,Paprika Oleoresin 1016,Paprika Oleoresin,"No, but copied variant",Snacks & Savory Seasonings,Topical Seasonings & Dusting,Potato Chips / Extruded Snacks,Yes,Standardized carotenoid color (ASTA / Color Units) combined with authentic sweet paprika aroma.,Analyst Proposed
285,Paprika Oleoresin 1016,Paprika Oleoresin,"No, but copied variant",Meat & Poultry,Processed Meat,Emulsified Sausages,No,Natural red-orange color standardization and mild warm spice notes in sausages.,Analyst Proposed
285,Paprika Oleoresin 1016,Paprika Oleoresin,"No, but copied variant","Sauces, Condiments & Dressings",Tomato & Table Sauces,Ketchup & BBQ Sauces,No,Enhances tomato hue and warm spice background in sauces.,Analyst Proposed
286,Paprika Oleoresin 1017,Paprika Oleoresin,"No, but copied variant",Snacks & Savory Seasonings,Topical Seasonings & Dusting,Potato Chips / Extruded Snacks,Yes,Standardized carotenoid color (ASTA / Color Units) combined with authentic sweet paprika aroma.,Analyst Proposed
286,Paprika Oleoresin 1017,Paprika Oleoresin,"No, but copied variant",Meat & Poultry,Processed Meat,Emulsified Sausages,No,Natural red-orange color standardization and mild warm spice notes in sausages.,Analyst Proposed
286,Paprika Oleoresin 1017,Paprika Oleoresin,"No, but copied variant","Sauces, Condiments & Dressings",Tomato & Table Sauces,Ketchup & BBQ Sauces,No,Enhances tomato hue and warm spice background in sauces.,Analyst Proposed
287,Paprika Oleoresin 1018,Paprika Oleoresin,"No, but copied variant",Snacks & Savory Seasonings,Topical Seasonings & Dusting,Potato Chips / Extruded Snacks,Yes,Standardized carotenoid color (ASTA / Color Units) combined with authentic sweet paprika aroma.,Analyst Proposed
287,Paprika Oleoresin 1018,Paprika Oleoresin,"No, but copied variant",Meat & Poultry,Processed Meat,Emulsified Sausages,No,Natural red-orange color standardization and mild warm spice notes in sausages.,Analyst Proposed
287,Paprika Oleoresin 1018,Paprika Oleoresin,"No, but copied variant","Sauces, Condiments & Dressings",Tomato & Table Sauces,Ketchup & BBQ Sauces,No,Enhances tomato hue and warm spice background in sauces.,Analyst Proposed
288,Paprika Oleoresin 1019,Paprika Oleoresin,"No, but copied variant",Snacks & Savory Seasonings,Topical Seasonings & Dusting,Potato Chips / Extruded Snacks,Yes,Standardized carotenoid color (ASTA / Color Units) combined with authentic sweet paprika aroma.,Analyst Proposed
288,Paprika Oleoresin 1019,Paprika Oleoresin,"No, but copied variant",Meat & Poultry,Processed Meat,Emulsified Sausages,No,Natural red-orange color standardization and mild warm spice notes in sausages.,Analyst Proposed
288,Paprika Oleoresin 1019,Paprika Oleoresin,"No, but copied variant","Sauces, Condiments & Dressings",Tomato & Table Sauces,Ketchup & BBQ Sauces,No,Enhances tomato hue and warm spice background in sauces.,Analyst Proposed
289,Paprika Oleoresin 1020,Paprika Oleoresin,"No, but copied variant",Snacks & Savory Seasonings,Topical Seasonings & Dusting,Potato Chips / Extruded Snacks,Yes,Standardized carotenoid color (ASTA / Color Units) combined with authentic sweet paprika aroma.,Analyst Proposed
289,Paprika Oleoresin 1020,Paprika Oleoresin,"No, but copied variant",Meat & Poultry,Processed Meat,Emulsified Sausages,No,Natural red-orange color standardization and mild warm spice notes in sausages.,Analyst Proposed
289,Paprika Oleoresin 1020,Paprika Oleoresin,"No, but copied variant","Sauces, Condiments & Dressings",Tomato & Table Sauces,Ketchup & BBQ Sauces,No,Enhances tomato hue and warm spice background in sauces.,Analyst Proposed
290,Paprika Oleoresin 1021,Paprika Oleoresin,"No, but copied variant",Snacks & Savory Seasonings,Topical Seasonings & Dusting,Potato Chips / Extruded Snacks,Yes,Standardized carotenoid color (ASTA / Color Units) combined with authentic sweet paprika aroma.,Analyst Proposed
290,Paprika Oleoresin 1021,Paprika Oleoresin,"No, but copied variant",Meat & Poultry,Processed Meat,Emulsified Sausages,No,Natural red-orange color standardization and mild warm spice notes in sausages.,Analyst Proposed
290,Paprika Oleoresin 1021,Paprika Oleoresin,"No, but copied variant","Sauces, Condiments & Dressings",Tomato & Table Sauces,Ketchup & BBQ Sauces,No,Enhances tomato hue and warm spice background in sauces.,Analyst Proposed
291,Paprika Oleoresin 1022,Paprika Oleoresin,"No, but copied variant",Snacks & Savory Seasonings,Topical Seasonings & Dusting,Potato Chips / Extruded Snacks,Yes,Standardized carotenoid color (ASTA / Color Units) combined with authentic sweet paprika aroma.,Analyst Proposed
291,Paprika Oleoresin 1022,Paprika Oleoresin,"No, but copied variant",Meat & Poultry,Processed Meat,Emulsified Sausages,No,Natural red-orange color standardization and mild warm spice notes in sausages.,Analyst Proposed
291,Paprika Oleoresin 1022,Paprika Oleoresin,"No, but copied variant","Sauces, Condiments & Dressings",Tomato & Table Sauces,Ketchup & BBQ Sauces,No,Enhances tomato hue and warm spice background in sauces.,Analyst Proposed
292,Paprika Oleoresin 1023,Paprika Oleoresin,"No, but copied variant",Snacks & Savory Seasonings,Topical Seasonings & Dusting,Potato Chips / Extruded Snacks,Yes,Standardized carotenoid color (ASTA / Color Units) combined with authentic sweet paprika aroma.,Analyst Proposed
292,Paprika Oleoresin 1023,Paprika Oleoresin,"No, but copied variant",Meat & Poultry,Processed Meat,Emulsified Sausages,No,Natural red-orange color standardization and mild warm spice notes in sausages.,Analyst Proposed
292,Paprika Oleoresin 1023,Paprika Oleoresin,"No, but copied variant","Sauces, Condiments & Dressings",Tomato & Table Sauces,Ketchup & BBQ Sauces,No,Enhances tomato hue and warm spice background in sauces.,Analyst Proposed
293,"Paprika Oleoresin 40,000 CU",Paprika Oleoresin,"No, but copied variant",Snacks & Savory Seasonings,Topical Seasonings & Dusting,Potato Chips / Extruded Snacks,Yes,Standardized carotenoid color (ASTA / Color Units) combined with authentic sweet paprika aroma.,Analyst Proposed
293,"Paprika Oleoresin 40,000 CU",Paprika Oleoresin,"No, but copied variant",Meat & Poultry,Processed Meat,Emulsified Sausages,No,Natural red-orange color standardization and mild warm spice notes in sausages.,Analyst Proposed
293,"Paprika Oleoresin 40,000 CU",Paprika Oleoresin,"No, but copied variant","Sauces, Condiments & Dressings",Tomato & Table Sauces,Ketchup & BBQ Sauces,No,Enhances tomato hue and warm spice background in sauces.,Analyst Proposed
294,"Paprika Oleoresin 40,000 CU OS",Paprika Oleoresin,"No, but copied variant",Snacks & Savory Seasonings,Topical Seasonings & Dusting,Potato Chips / Extruded Snacks,Yes,Standardized carotenoid color (ASTA / Color Units) combined with authentic sweet paprika aroma.,Analyst Proposed
294,"Paprika Oleoresin 40,000 CU OS",Paprika Oleoresin,"No, but copied variant",Meat & Poultry,Processed Meat,Emulsified Sausages,No,Natural red-orange color standardization and mild warm spice notes in sausages.,Analyst Proposed
294,"Paprika Oleoresin 40,000 CU OS",Paprika Oleoresin,"No, but copied variant","Sauces, Condiments & Dressings",Tomato & Table Sauces,Ketchup & BBQ Sauces,No,Enhances tomato hue and warm spice background in sauces.,Analyst Proposed
295,"Paprika Oleoresin 40,000 CU WS",Paprika Oleoresin,"No, but copied variant",Snacks & Savory Seasonings,Topical Seasonings & Dusting,Potato Chips / Extruded Snacks,Yes,Standardized carotenoid color (ASTA / Color Units) combined with authentic sweet paprika aroma.,Analyst Proposed
295,"Paprika Oleoresin 40,000 CU WS",Paprika Oleoresin,"No, but copied variant",Meat & Poultry,Processed Meat,Emulsified Sausages,No,Natural red-orange color standardization and mild warm spice notes in sausages.,Analyst Proposed
295,"Paprika Oleoresin 40,000 CU WS",Paprika Oleoresin,"No, but copied variant","Sauces, Condiments & Dressings",Tomato & Table Sauces,Ketchup & BBQ Sauces,No,Enhances tomato hue and warm spice background in sauces.,Analyst Proposed
296,"Paprika Oleoresin 60,000 CU",Paprika Oleoresin,"No, but copied variant",Snacks & Savory Seasonings,Topical Seasonings & Dusting,Potato Chips / Extruded Snacks,Yes,Standardized carotenoid color (ASTA / Color Units) combined with authentic sweet paprika aroma.,Analyst Proposed
296,"Paprika Oleoresin 60,000 CU",Paprika Oleoresin,"No, but copied variant",Meat & Poultry,Processed Meat,Emulsified Sausages,No,Natural red-orange color standardization and mild warm spice notes in sausages.,Analyst Proposed
296,"Paprika Oleoresin 60,000 CU",Paprika Oleoresin,"No, but copied variant","Sauces, Condiments & Dressings",Tomato & Table Sauces,Ketchup & BBQ Sauces,No,Enhances tomato hue and warm spice background in sauces.,Analyst Proposed
297,"Paprika Oleoresin 80,000 CU",Paprika Oleoresin,"No, but copied variant",Snacks & Savory Seasonings,Topical Seasonings & Dusting,Potato Chips / Extruded Snacks,Yes,Standardized carotenoid color (ASTA / Color Units) combined with authentic sweet paprika aroma.,Analyst Proposed
297,"Paprika Oleoresin 80,000 CU",Paprika Oleoresin,"No, but copied variant",Meat & Poultry,Processed Meat,Emulsified Sausages,No,Natural red-orange color standardization and mild warm spice notes in sausages.,Analyst Proposed
297,"Paprika Oleoresin 80,000 CU",Paprika Oleoresin,"No, but copied variant","Sauces, Condiments & Dressings",Tomato & Table Sauces,Ketchup & BBQ Sauces,No,Enhances tomato hue and warm spice background in sauces.,Analyst Proposed
298,Parsley Oleoresin 1001,Parsley Oleoresin,Not found for any variants,Snacks & Savory Seasonings,Topical Seasonings & Dusting,Potato Chips / Extruded Snacks,Yes,Concentrated standardized spice flavor profile for topical dusting and snacks.,Analyst Proposed
298,Parsley Oleoresin 1001,Parsley Oleoresin,Not found for any variants,Meat & Poultry,Processed Meat,Emulsified Sausages,No,Even seasoning dispersion in cutter or tumbler without microbial load.,Analyst Proposed
299,Parsley Oleoresin 1002,Parsley Oleoresin,Not found for any variants,Snacks & Savory Seasonings,Topical Seasonings & Dusting,Potato Chips / Extruded Snacks,Yes,Concentrated standardized spice flavor profile for topical dusting and snacks.,Analyst Proposed
299,Parsley Oleoresin 1002,Parsley Oleoresin,Not found for any variants,Meat & Poultry,Processed Meat,Emulsified Sausages,No,Even seasoning dispersion in cutter or tumbler without microbial load.,Analyst Proposed
300,Parsley Oleoresin 1003,Parsley Oleoresin,Not found for any variants,Snacks & Savory Seasonings,Topical Seasonings & Dusting,Potato Chips / Extruded Snacks,Yes,Concentrated standardized spice flavor profile for topical dusting and snacks.,Analyst Proposed
300,Parsley Oleoresin 1003,Parsley Oleoresin,Not found for any variants,Meat & Poultry,Processed Meat,Emulsified Sausages,No,Even seasoning dispersion in cutter or tumbler without microbial load.,Analyst Proposed
301,PDI Salt-Local-50kg,PDI Salt-Local-50kg,"No, and doesn't have variants",Meat & Poultry,Processed Meat,Emulsified Sausages & Restructured Meat,Yes,"Optimizes meat protein binding, cured color fixation, texture cross-linking, and shelf-life extension in sausages, luncheon, and beef pastrami.",Analyst Proposed
302,Pectin 105C,Pectin Functional Systems,Not found for any variants,Bakery,Pastry Fillings,Bake-Stable Jams & Pie Fillings,Yes,Bake-stable gelling resisting boil-out during oven baking.,Analyst Proposed
302,Pectin 105C,Pectin Functional Systems,Not found for any variants,Dairy,Fermented Dairy,Yogurt Fruit Preparations,No,Suspends whole fruit chunks in yogurts without syneresis.,Analyst Proposed
303,Pectin CE 514,Pectin Functional Systems,Not found for any variants,Confectionery,Gel Confectionery,Gummies / Jellies,Yes,Produces clear elastic gummy jellies with fast setting time and high heat stability.,Analyst Proposed
304,Pectin LM 101 AS,Pectin Functional Systems,Not found for any variants,Bakery,Pastry Fillings,Bake-Stable Jams & Pie Fillings,Yes,Bake-stable gelling resisting boil-out during oven baking.,Analyst Proposed
304,Pectin LM 101 AS,Pectin Functional Systems,Not found for any variants,Dairy,Fermented Dairy,Yogurt Fruit Preparations,No,Suspends whole fruit chunks in yogurts without syneresis.,Analyst Proposed
305,Pectin LM 102 AS,Pectin Functional Systems,Not found for any variants,Bakery,Pastry Fillings,Bake-Stable Jams & Pie Fillings,Yes,Bake-stable gelling resisting boil-out during oven baking.,Analyst Proposed
305,Pectin LM 102 AS,Pectin Functional Systems,Not found for any variants,Dairy,Fermented Dairy,Yogurt Fruit Preparations,No,Suspends whole fruit chunks in yogurts without syneresis.,Analyst Proposed
306,Pectin LM 104 AS,Pectin Functional Systems,Not found for any variants,Bakery,Pastry Fillings,Bake-Stable Jams & Pie Fillings,Yes,Bake-stable gelling resisting boil-out during oven baking.,Analyst Proposed
306,Pectin LM 104 AS,Pectin Functional Systems,Not found for any variants,Dairy,Fermented Dairy,Yogurt Fruit Preparations,No,Suspends whole fruit chunks in yogurts without syneresis.,Analyst Proposed
307,Pectin LM 104 AS - FS,Pectin Functional Systems,Not found for any variants,Bakery,Pastry Fillings,Bake-Stable Jams & Pie Fillings,Yes,Bake-stable gelling resisting boil-out during oven baking.,Analyst Proposed
307,Pectin LM 104 AS - FS,Pectin Functional Systems,Not found for any variants,Dairy,Fermented Dairy,Yogurt Fruit Preparations,No,Suspends whole fruit chunks in yogurts without syneresis.,Analyst Proposed
308,Pectin LM 106 AS-YA,Pectin Functional Systems,Not found for any variants,Bakery,Pastry Fillings,Bake-Stable Jams & Pie Fillings,Yes,Bake-stable gelling resisting boil-out during oven baking.,Analyst Proposed
308,Pectin LM 106 AS-YA,Pectin Functional Systems,Not found for any variants,Dairy,Fermented Dairy,Yogurt Fruit Preparations,No,Suspends whole fruit chunks in yogurts without syneresis.,Analyst Proposed
309,Pectin LM104 AS (100),Pectin Functional Systems,Not found for any variants,Bakery,Pastry Fillings,Bake-Stable Jams & Pie Fillings,Yes,Bake-stable gelling resisting boil-out during oven baking.,Analyst Proposed
309,Pectin LM104 AS (100),Pectin Functional Systems,Not found for any variants,Dairy,Fermented Dairy,Yogurt Fruit Preparations,No,Suspends whole fruit chunks in yogurts without syneresis.,Analyst Proposed
310,Pectin Ultra,Pectin Functional Systems,Not found for any variants,Confectionery,Gel Confectionery,Gummies / Jellies,Yes,Produces clear elastic gummy jellies with fast setting time and high heat stability.,Analyst Proposed
311,Pepper Black Oleoresin 1002,Pepper Black Oleoresin,"No, but copied variant",Snacks & Savory Seasonings,Topical Seasonings & Dusting,Potato Chips / Extruded Snacks,Yes,Instant pungent piperine impact and uniform distribution on potato/corn chips.,Analyst Proposed
311,Pepper Black Oleoresin 1002,Pepper Black Oleoresin,"No, but copied variant",Meat & Poultry,Processed Meat,Emulsified Sausages,No,Standardized black pepper heat and terpene aroma without microbial contamination.,Analyst Proposed
311,Pepper Black Oleoresin 1002,Pepper Black Oleoresin,"No, but copied variant","Sauces, Condiments & Dressings",Marinades & Pickling,Meat / Poultry Marinades,No,Standardized spice profile for tumbling marinades and table gravies.,Analyst Proposed
312,Pepper Black Oleoresin 1003,Pepper Black Oleoresin,"No, but copied variant",Snacks & Savory Seasonings,Topical Seasonings & Dusting,Potato Chips / Extruded Snacks,Yes,Instant pungent piperine impact and uniform distribution on potato/corn chips.,Analyst Proposed
312,Pepper Black Oleoresin 1003,Pepper Black Oleoresin,"No, but copied variant",Meat & Poultry,Processed Meat,Emulsified Sausages,No,Standardized black pepper heat and terpene aroma without microbial contamination.,Analyst Proposed
312,Pepper Black Oleoresin 1003,Pepper Black Oleoresin,"No, but copied variant","Sauces, Condiments & Dressings",Marinades & Pickling,Meat / Poultry Marinades,No,Standardized spice profile for tumbling marinades and table gravies.,Analyst Proposed
313,Pepper Black Oleoresin 1004,Pepper Black Oleoresin,"No, but copied variant",Snacks & Savory Seasonings,Topical Seasonings & Dusting,Potato Chips / Extruded Snacks,Yes,Instant pungent piperine impact and uniform distribution on potato/corn chips.,Analyst Proposed
313,Pepper Black Oleoresin 1004,Pepper Black Oleoresin,"No, but copied variant",Meat & Poultry,Processed Meat,Emulsified Sausages,No,Standardized black pepper heat and terpene aroma without microbial contamination.,Analyst Proposed
313,Pepper Black Oleoresin 1004,Pepper Black Oleoresin,"No, but copied variant","Sauces, Condiments & Dressings",Marinades & Pickling,Meat / Poultry Marinades,No,Standardized spice profile for tumbling marinades and table gravies.,Analyst Proposed
314,Pepper Black Oleoresin 1005,Pepper Black Oleoresin,"No, but copied variant",Snacks & Savory Seasonings,Topical Seasonings & Dusting,Potato Chips / Extruded Snacks,Yes,Instant pungent piperine impact and uniform distribution on potato/corn chips.,Analyst Proposed
314,Pepper Black Oleoresin 1005,Pepper Black Oleoresin,"No, but copied variant",Meat & Poultry,Processed Meat,Emulsified Sausages,No,Standardized black pepper heat and terpene aroma without microbial contamination.,Analyst Proposed
314,Pepper Black Oleoresin 1005,Pepper Black Oleoresin,"No, but copied variant","Sauces, Condiments & Dressings",Marinades & Pickling,Meat / Poultry Marinades,No,Standardized spice profile for tumbling marinades and table gravies.,Analyst Proposed
315,Pepper Black Oleoresin 1006,Pepper Black Oleoresin,"No, but copied variant",Snacks & Savory Seasonings,Topical Seasonings & Dusting,Potato Chips / Extruded Snacks,Yes,Instant pungent piperine impact and uniform distribution on potato/corn chips.,Analyst Proposed
315,Pepper Black Oleoresin 1006,Pepper Black Oleoresin,"No, but copied variant",Meat & Poultry,Processed Meat,Emulsified Sausages,No,Standardized black pepper heat and terpene aroma without microbial contamination.,Analyst Proposed
315,Pepper Black Oleoresin 1006,Pepper Black Oleoresin,"No, but copied variant","Sauces, Condiments & Dressings",Marinades & Pickling,Meat / Poultry Marinades,No,Standardized spice profile for tumbling marinades and table gravies.,Analyst Proposed
316,Pepper Black Oleoresin 1007,Pepper Black Oleoresin,"No, but copied variant",Snacks & Savory Seasonings,Topical Seasonings & Dusting,Potato Chips / Extruded Snacks,Yes,Instant pungent piperine impact and uniform distribution on potato/corn chips.,Analyst Proposed
316,Pepper Black Oleoresin 1007,Pepper Black Oleoresin,"No, but copied variant",Meat & Poultry,Processed Meat,Emulsified Sausages,No,Standardized black pepper heat and terpene aroma without microbial contamination.,Analyst Proposed
316,Pepper Black Oleoresin 1007,Pepper Black Oleoresin,"No, but copied variant","Sauces, Condiments & Dressings",Marinades & Pickling,Meat / Poultry Marinades,No,Standardized spice profile for tumbling marinades and table gravies.,Analyst Proposed
317,Pepper Black Oleoresin 1008,Pepper Black Oleoresin,"No, but copied variant",Snacks & Savory Seasonings,Topical Seasonings & Dusting,Potato Chips / Extruded Snacks,Yes,Instant pungent piperine impact and uniform distribution on potato/corn chips.,Analyst Proposed
317,Pepper Black Oleoresin 1008,Pepper Black Oleoresin,"No, but copied variant",Meat & Poultry,Processed Meat,Emulsified Sausages,No,Standardized black pepper heat and terpene aroma without microbial contamination.,Analyst Proposed
317,Pepper Black Oleoresin 1008,Pepper Black Oleoresin,"No, but copied variant","Sauces, Condiments & Dressings",Marinades & Pickling,Meat / Poultry Marinades,No,Standardized spice profile for tumbling marinades and table gravies.,Analyst Proposed
318,Pepper Black Oleoresin 1009,Pepper Black Oleoresin,"No, but copied variant",Snacks & Savory Seasonings,Topical Seasonings & Dusting,Potato Chips / Extruded Snacks,Yes,Instant pungent piperine impact and uniform distribution on potato/corn chips.,Analyst Proposed
318,Pepper Black Oleoresin 1009,Pepper Black Oleoresin,"No, but copied variant",Meat & Poultry,Processed Meat,Emulsified Sausages,No,Standardized black pepper heat and terpene aroma without microbial contamination.,Analyst Proposed
318,Pepper Black Oleoresin 1009,Pepper Black Oleoresin,"No, but copied variant","Sauces, Condiments & Dressings",Marinades & Pickling,Meat / Poultry Marinades,No,Standardized spice profile for tumbling marinades and table gravies.,Analyst Proposed
319,Pepper Black Oleoresin 1010,Pepper Black Oleoresin,"No, but copied variant",Snacks & Savory Seasonings,Topical Seasonings & Dusting,Potato Chips / Extruded Snacks,Yes,Instant pungent piperine impact and uniform distribution on potato/corn chips.,Analyst Proposed
319,Pepper Black Oleoresin 1010,Pepper Black Oleoresin,"No, but copied variant",Meat & Poultry,Processed Meat,Emulsified Sausages,No,Standardized black pepper heat and terpene aroma without microbial contamination.,Analyst Proposed
319,Pepper Black Oleoresin 1010,Pepper Black Oleoresin,"No, but copied variant","Sauces, Condiments & Dressings",Marinades & Pickling,Meat / Poultry Marinades,No,Standardized spice profile for tumbling marinades and table gravies.,Analyst Proposed
320,Pepper Black Oleoresin 1011,Pepper Black Oleoresin,"No, but copied variant",Snacks & Savory Seasonings,Topical Seasonings & Dusting,Potato Chips / Extruded Snacks,Yes,Instant pungent piperine impact and uniform distribution on potato/corn chips.,Analyst Proposed
320,Pepper Black Oleoresin 1011,Pepper Black Oleoresin,"No, but copied variant",Meat & Poultry,Processed Meat,Emulsified Sausages,No,Standardized black pepper heat and terpene aroma without microbial contamination.,Analyst Proposed
320,Pepper Black Oleoresin 1011,Pepper Black Oleoresin,"No, but copied variant","Sauces, Condiments & Dressings",Marinades & Pickling,Meat / Poultry Marinades,No,Standardized spice profile for tumbling marinades and table gravies.,Analyst Proposed
321,Pepper Black Oleoresin 1012,Pepper Black Oleoresin,"No, but copied variant",Snacks & Savory Seasonings,Topical Seasonings & Dusting,Potato Chips / Extruded Snacks,Yes,Instant pungent piperine impact and uniform distribution on potato/corn chips.,Analyst Proposed
321,Pepper Black Oleoresin 1012,Pepper Black Oleoresin,"No, but copied variant",Meat & Poultry,Processed Meat,Emulsified Sausages,No,Standardized black pepper heat and terpene aroma without microbial contamination.,Analyst Proposed
321,Pepper Black Oleoresin 1012,Pepper Black Oleoresin,"No, but copied variant","Sauces, Condiments & Dressings",Marinades & Pickling,Meat / Poultry Marinades,No,Standardized spice profile for tumbling marinades and table gravies.,Analyst Proposed
322,Pepper Black Oleoresin 1013,Pepper Black Oleoresin,"No, but copied variant",Snacks & Savory Seasonings,Topical Seasonings & Dusting,Potato Chips / Extruded Snacks,Yes,Instant pungent piperine impact and uniform distribution on potato/corn chips.,Analyst Proposed
322,Pepper Black Oleoresin 1013,Pepper Black Oleoresin,"No, but copied variant",Meat & Poultry,Processed Meat,Emulsified Sausages,No,Standardized black pepper heat and terpene aroma without microbial contamination.,Analyst Proposed
322,Pepper Black Oleoresin 1013,Pepper Black Oleoresin,"No, but copied variant","Sauces, Condiments & Dressings",Marinades & Pickling,Meat / Poultry Marinades,No,Standardized spice profile for tumbling marinades and table gravies.,Analyst Proposed
323,Pepper Black Oleoresin 1014,Pepper Black Oleoresin,"No, but copied variant",Snacks & Savory Seasonings,Topical Seasonings & Dusting,Potato Chips / Extruded Snacks,Yes,Instant pungent piperine impact and uniform distribution on potato/corn chips.,Analyst Proposed
323,Pepper Black Oleoresin 1014,Pepper Black Oleoresin,"No, but copied variant",Meat & Poultry,Processed Meat,Emulsified Sausages,No,Standardized black pepper heat and terpene aroma without microbial contamination.,Analyst Proposed
323,Pepper Black Oleoresin 1014,Pepper Black Oleoresin,"No, but copied variant","Sauces, Condiments & Dressings",Marinades & Pickling,Meat / Poultry Marinades,No,Standardized spice profile for tumbling marinades and table gravies.,Analyst Proposed
324,Pepper Black Oleoresin 1015,Pepper Black Oleoresin,"No, but copied variant",Snacks & Savory Seasonings,Topical Seasonings & Dusting,Potato Chips / Extruded Snacks,Yes,Instant pungent piperine impact and uniform distribution on potato/corn chips.,Analyst Proposed
324,Pepper Black Oleoresin 1015,Pepper Black Oleoresin,"No, but copied variant",Meat & Poultry,Processed Meat,Emulsified Sausages,No,Standardized black pepper heat and terpene aroma without microbial contamination.,Analyst Proposed
324,Pepper Black Oleoresin 1015,Pepper Black Oleoresin,"No, but copied variant","Sauces, Condiments & Dressings",Marinades & Pickling,Meat / Poultry Marinades,No,Standardized spice profile for tumbling marinades and table gravies.,Analyst Proposed
325,Pepper Black Oleoresin 1016,Pepper Black Oleoresin,"No, but copied variant",Snacks & Savory Seasonings,Topical Seasonings & Dusting,Potato Chips / Extruded Snacks,Yes,Instant pungent piperine impact and uniform distribution on potato/corn chips.,Analyst Proposed
325,Pepper Black Oleoresin 1016,Pepper Black Oleoresin,"No, but copied variant",Meat & Poultry,Processed Meat,Emulsified Sausages,No,Standardized black pepper heat and terpene aroma without microbial contamination.,Analyst Proposed
325,Pepper Black Oleoresin 1016,Pepper Black Oleoresin,"No, but copied variant","Sauces, Condiments & Dressings",Marinades & Pickling,Meat / Poultry Marinades,No,Standardized spice profile for tumbling marinades and table gravies.,Analyst Proposed
326,Pepper Black Oleoresin 1017,Pepper Black Oleoresin,"No, but copied variant",Snacks & Savory Seasonings,Topical Seasonings & Dusting,Potato Chips / Extruded Snacks,Yes,Instant pungent piperine impact and uniform distribution on potato/corn chips.,Analyst Proposed
326,Pepper Black Oleoresin 1017,Pepper Black Oleoresin,"No, but copied variant",Meat & Poultry,Processed Meat,Emulsified Sausages,No,Standardized black pepper heat and terpene aroma without microbial contamination.,Analyst Proposed
326,Pepper Black Oleoresin 1017,Pepper Black Oleoresin,"No, but copied variant","Sauces, Condiments & Dressings",Marinades & Pickling,Meat / Poultry Marinades,No,Standardized spice profile for tumbling marinades and table gravies.,Analyst Proposed
327,Pepper Black Oleoresin 1018,Pepper Black Oleoresin,"No, but copied variant",Snacks & Savory Seasonings,Topical Seasonings & Dusting,Potato Chips / Extruded Snacks,Yes,Instant pungent piperine impact and uniform distribution on potato/corn chips.,Analyst Proposed
327,Pepper Black Oleoresin 1018,Pepper Black Oleoresin,"No, but copied variant",Meat & Poultry,Processed Meat,Emulsified Sausages,No,Standardized black pepper heat and terpene aroma without microbial contamination.,Analyst Proposed
327,Pepper Black Oleoresin 1018,Pepper Black Oleoresin,"No, but copied variant","Sauces, Condiments & Dressings",Marinades & Pickling,Meat / Poultry Marinades,No,Standardized spice profile for tumbling marinades and table gravies.,Analyst Proposed
328,Pepper Black Oleoresin 1019,Pepper Black Oleoresin,"No, but copied variant",Snacks & Savory Seasonings,Topical Seasonings & Dusting,Potato Chips / Extruded Snacks,Yes,Instant pungent piperine impact and uniform distribution on potato/corn chips.,Analyst Proposed
328,Pepper Black Oleoresin 1019,Pepper Black Oleoresin,"No, but copied variant",Meat & Poultry,Processed Meat,Emulsified Sausages,No,Standardized black pepper heat and terpene aroma without microbial contamination.,Analyst Proposed
328,Pepper Black Oleoresin 1019,Pepper Black Oleoresin,"No, but copied variant","Sauces, Condiments & Dressings",Marinades & Pickling,Meat / Poultry Marinades,No,Standardized spice profile for tumbling marinades and table gravies.,Analyst Proposed
329,Pepper Black Oleoresin 1020,Pepper Black Oleoresin,"No, but copied variant",Snacks & Savory Seasonings,Topical Seasonings & Dusting,Potato Chips / Extruded Snacks,Yes,Instant pungent piperine impact and uniform distribution on potato/corn chips.,Analyst Proposed
329,Pepper Black Oleoresin 1020,Pepper Black Oleoresin,"No, but copied variant",Meat & Poultry,Processed Meat,Emulsified Sausages,No,Standardized black pepper heat and terpene aroma without microbial contamination.,Analyst Proposed
329,Pepper Black Oleoresin 1020,Pepper Black Oleoresin,"No, but copied variant","Sauces, Condiments & Dressings",Marinades & Pickling,Meat / Poultry Marinades,No,Standardized spice profile for tumbling marinades and table gravies.,Analyst Proposed
330,Pepper Black Oleoresin 1021,Pepper Black Oleoresin,"No, but copied variant",Snacks & Savory Seasonings,Topical Seasonings & Dusting,Potato Chips / Extruded Snacks,Yes,Instant pungent piperine impact and uniform distribution on potato/corn chips.,Analyst Proposed
330,Pepper Black Oleoresin 1021,Pepper Black Oleoresin,"No, but copied variant",Meat & Poultry,Processed Meat,Emulsified Sausages,No,Standardized black pepper heat and terpene aroma without microbial contamination.,Analyst Proposed
330,Pepper Black Oleoresin 1021,Pepper Black Oleoresin,"No, but copied variant","Sauces, Condiments & Dressings",Marinades & Pickling,Meat / Poultry Marinades,No,Standardized spice profile for tumbling marinades and table gravies.,Analyst Proposed
331,Pepper Black Oleoresin 1022,Pepper Black Oleoresin,"No, but copied variant",Snacks & Savory Seasonings,Topical Seasonings & Dusting,Potato Chips / Extruded Snacks,Yes,Instant pungent piperine impact and uniform distribution on potato/corn chips.,Analyst Proposed
331,Pepper Black Oleoresin 1022,Pepper Black Oleoresin,"No, but copied variant",Meat & Poultry,Processed Meat,Emulsified Sausages,No,Standardized black pepper heat and terpene aroma without microbial contamination.,Analyst Proposed
331,Pepper Black Oleoresin 1022,Pepper Black Oleoresin,"No, but copied variant","Sauces, Condiments & Dressings",Marinades & Pickling,Meat / Poultry Marinades,No,Standardized spice profile for tumbling marinades and table gravies.,Analyst Proposed
332,Pepper Black Oleoresin 1023,Pepper Black Oleoresin,"No, but copied variant",Snacks & Savory Seasonings,Topical Seasonings & Dusting,Potato Chips / Extruded Snacks,Yes,Instant pungent piperine impact and uniform distribution on potato/corn chips.,Analyst Proposed
332,Pepper Black Oleoresin 1023,Pepper Black Oleoresin,"No, but copied variant",Meat & Poultry,Processed Meat,Emulsified Sausages,No,Standardized black pepper heat and terpene aroma without microbial contamination.,Analyst Proposed
332,Pepper Black Oleoresin 1023,Pepper Black Oleoresin,"No, but copied variant","Sauces, Condiments & Dressings",Marinades & Pickling,Meat / Poultry Marinades,No,Standardized spice profile for tumbling marinades and table gravies.,Analyst Proposed
333,Pepper Black Oleoresin 1024,Pepper Black Oleoresin,"No, but copied variant",Snacks & Savory Seasonings,Topical Seasonings & Dusting,Potato Chips / Extruded Snacks,Yes,Instant pungent piperine impact and uniform distribution on potato/corn chips.,Analyst Proposed
333,Pepper Black Oleoresin 1024,Pepper Black Oleoresin,"No, but copied variant",Meat & Poultry,Processed Meat,Emulsified Sausages,No,Standardized black pepper heat and terpene aroma without microbial contamination.,Analyst Proposed
333,Pepper Black Oleoresin 1024,Pepper Black Oleoresin,"No, but copied variant","Sauces, Condiments & Dressings",Marinades & Pickling,Meat / Poultry Marinades,No,Standardized spice profile for tumbling marinades and table gravies.,Analyst Proposed
334,Pepper Black Oleoresin 1025,Pepper Black Oleoresin,"No, but copied variant",Snacks & Savory Seasonings,Topical Seasonings & Dusting,Potato Chips / Extruded Snacks,Yes,Instant pungent piperine impact and uniform distribution on potato/corn chips.,Analyst Proposed
334,Pepper Black Oleoresin 1025,Pepper Black Oleoresin,"No, but copied variant",Meat & Poultry,Processed Meat,Emulsified Sausages,No,Standardized black pepper heat and terpene aroma without microbial contamination.,Analyst Proposed
334,Pepper Black Oleoresin 1025,Pepper Black Oleoresin,"No, but copied variant","Sauces, Condiments & Dressings",Marinades & Pickling,Meat / Poultry Marinades,No,Standardized spice profile for tumbling marinades and table gravies.,Analyst Proposed
335,Pepper Black Oleoresin 1026,Pepper Black Oleoresin,"No, but copied variant",Snacks & Savory Seasonings,Topical Seasonings & Dusting,Potato Chips / Extruded Snacks,Yes,Instant pungent piperine impact and uniform distribution on potato/corn chips.,Analyst Proposed
335,Pepper Black Oleoresin 1026,Pepper Black Oleoresin,"No, but copied variant",Meat & Poultry,Processed Meat,Emulsified Sausages,No,Standardized black pepper heat and terpene aroma without microbial contamination.,Analyst Proposed
335,Pepper Black Oleoresin 1026,Pepper Black Oleoresin,"No, but copied variant","Sauces, Condiments & Dressings",Marinades & Pickling,Meat / Poultry Marinades,No,Standardized spice profile for tumbling marinades and table gravies.,Analyst Proposed
336,Pepper Black Oleoresin 1027,Pepper Black Oleoresin,"No, but copied variant",Snacks & Savory Seasonings,Topical Seasonings & Dusting,Potato Chips / Extruded Snacks,Yes,Instant pungent piperine impact and uniform distribution on potato/corn chips.,Analyst Proposed
336,Pepper Black Oleoresin 1027,Pepper Black Oleoresin,"No, but copied variant",Meat & Poultry,Processed Meat,Emulsified Sausages,No,Standardized black pepper heat and terpene aroma without microbial contamination.,Analyst Proposed
336,Pepper Black Oleoresin 1027,Pepper Black Oleoresin,"No, but copied variant","Sauces, Condiments & Dressings",Marinades & Pickling,Meat / Poultry Marinades,No,Standardized spice profile for tumbling marinades and table gravies.,Analyst Proposed
337,Pepper Black Oleoresin 1028,Pepper Black Oleoresin,"No, but copied variant",Snacks & Savory Seasonings,Topical Seasonings & Dusting,Potato Chips / Extruded Snacks,Yes,Instant pungent piperine impact and uniform distribution on potato/corn chips.,Analyst Proposed
337,Pepper Black Oleoresin 1028,Pepper Black Oleoresin,"No, but copied variant",Meat & Poultry,Processed Meat,Emulsified Sausages,No,Standardized black pepper heat and terpene aroma without microbial contamination.,Analyst Proposed
337,Pepper Black Oleoresin 1028,Pepper Black Oleoresin,"No, but copied variant","Sauces, Condiments & Dressings",Marinades & Pickling,Meat / Poultry Marinades,No,Standardized spice profile for tumbling marinades and table gravies.,Analyst Proposed
338,Pepper Black Oleoresin 1029,Pepper Black Oleoresin,"No, but copied variant",Snacks & Savory Seasonings,Topical Seasonings & Dusting,Potato Chips / Extruded Snacks,Yes,Instant pungent piperine impact and uniform distribution on potato/corn chips.,Analyst Proposed
338,Pepper Black Oleoresin 1029,Pepper Black Oleoresin,"No, but copied variant",Meat & Poultry,Processed Meat,Emulsified Sausages,No,Standardized black pepper heat and terpene aroma without microbial contamination.,Analyst Proposed
338,Pepper Black Oleoresin 1029,Pepper Black Oleoresin,"No, but copied variant","Sauces, Condiments & Dressings",Marinades & Pickling,Meat / Poultry Marinades,No,Standardized spice profile for tumbling marinades and table gravies.,Analyst Proposed
339,Pepper Black Oleoresin 1030,Pepper Black Oleoresin,"No, but copied variant",Snacks & Savory Seasonings,Topical Seasonings & Dusting,Potato Chips / Extruded Snacks,Yes,Instant pungent piperine impact and uniform distribution on potato/corn chips.,Analyst Proposed
339,Pepper Black Oleoresin 1030,Pepper Black Oleoresin,"No, but copied variant",Meat & Poultry,Processed Meat,Emulsified Sausages,No,Standardized black pepper heat and terpene aroma without microbial contamination.,Analyst Proposed
339,Pepper Black Oleoresin 1030,Pepper Black Oleoresin,"No, but copied variant","Sauces, Condiments & Dressings",Marinades & Pickling,Meat / Poultry Marinades,No,Standardized spice profile for tumbling marinades and table gravies.,Analyst Proposed
340,Pepper Black Oleoresin 1031,Pepper Black Oleoresin,"No, but copied variant",Snacks & Savory Seasonings,Topical Seasonings & Dusting,Potato Chips / Extruded Snacks,Yes,Instant pungent piperine impact and uniform distribution on potato/corn chips.,Analyst Proposed
340,Pepper Black Oleoresin 1031,Pepper Black Oleoresin,"No, but copied variant",Meat & Poultry,Processed Meat,Emulsified Sausages,No,Standardized black pepper heat and terpene aroma without microbial contamination.,Analyst Proposed
340,Pepper Black Oleoresin 1031,Pepper Black Oleoresin,"No, but copied variant","Sauces, Condiments & Dressings",Marinades & Pickling,Meat / Poultry Marinades,No,Standardized spice profile for tumbling marinades and table gravies.,Analyst Proposed
341,Pepper Black Oleoresin 1032,Pepper Black Oleoresin,"No, but copied variant",Snacks & Savory Seasonings,Topical Seasonings & Dusting,Potato Chips / Extruded Snacks,Yes,Instant pungent piperine impact and uniform distribution on potato/corn chips.,Analyst Proposed
341,Pepper Black Oleoresin 1032,Pepper Black Oleoresin,"No, but copied variant",Meat & Poultry,Processed Meat,Emulsified Sausages,No,Standardized black pepper heat and terpene aroma without microbial contamination.,Analyst Proposed
341,Pepper Black Oleoresin 1032,Pepper Black Oleoresin,"No, but copied variant","Sauces, Condiments & Dressings",Marinades & Pickling,Meat / Poultry Marinades,No,Standardized spice profile for tumbling marinades and table gravies.,Analyst Proposed
342,Pepper Black Oleoresin 40/20,Pepper Black Oleoresin,"No, but copied variant",Snacks & Savory Seasonings,Topical Seasonings & Dusting,Potato Chips / Extruded Snacks,Yes,Instant pungent piperine impact and uniform distribution on potato/corn chips.,Analyst Proposed
342,Pepper Black Oleoresin 40/20,Pepper Black Oleoresin,"No, but copied variant",Meat & Poultry,Processed Meat,Emulsified Sausages,No,Standardized black pepper heat and terpene aroma without microbial contamination.,Analyst Proposed
342,Pepper Black Oleoresin 40/20,Pepper Black Oleoresin,"No, but copied variant","Sauces, Condiments & Dressings",Marinades & Pickling,Meat / Poultry Marinades,No,Standardized spice profile for tumbling marinades and table gravies.,Analyst Proposed
343,Potassium Citrate-25kg,Potassium Citrate-25kg,"No, and doesn't have variants",Beverages,Carbonated Drinks,Cola / Carbonated Soft Drinks,Yes,"Provides crisp tart acidity, enhances fruit flavor perception, and regulates formulation pH.",Analyst Proposed
343,Potassium Citrate-25kg,Potassium Citrate-25kg,"No, and doesn't have variants",Dairy,Cheese,Processed Cheese,No,Buffering salt assisting calcium chelation and protein emulsification.,Analyst Proposed
344,Potassium Sorbate Granular-25kg,Potassium Sorbate,Not found for any variants,Beverages,Carbonated Drinks,Cola / Carbonated Soft Drinks,Yes,Broad-spectrum antimicrobial inhibition against yeasts and molds in acidic beverages.,Analyst Proposed
344,Potassium Sorbate Granular-25kg,Potassium Sorbate,Not found for any variants,"Sauces, Condiments & Dressings",Emulsified Sauces & Dips,Mayonnaise / Salad Dressings,No,Prevents spoilage and extends ambient shelf life in table sauces.,Analyst Proposed
345,Potassium Sorbate Powder-25kg,Potassium Sorbate,Not found for any variants,Beverages,Carbonated Drinks,Cola / Carbonated Soft Drinks,Yes,Broad-spectrum antimicrobial inhibition against yeasts and molds in acidic beverages.,Analyst Proposed
345,Potassium Sorbate Powder-25kg,Potassium Sorbate,Not found for any variants,"Sauces, Condiments & Dressings",Emulsified Sauces & Dips,Mayonnaise / Salad Dressings,No,Prevents spoilage and extends ambient shelf life in table sauces.,Analyst Proposed
346,Smoked casing - 23E*84,Cellulose Casings,"No, but copied variant",Meat & Poultry,Sausage Casings,Shirred Cellulose Casings,Yes,"High mechanical tensile strength for automated stuffing of hot dogs, frankfurters, and smoked sausages, uniform caliber diameter, optimal smoke permeability, and clean peeling.",Analyst Proposed
347,Sodium Acid Pyrophosphate (SAPP28)-25kg,Sodium Acid Pyrophosphate (SAPP28)-25kg,"No, and doesn't have variants",Bakery,Cake & Bakery,Sponge Cake / Muffin Leavening,Yes,Controls acid-reaction rate in chemical leavening systems for cake batters and biscuits.,Analyst Proposed
348,Sodium Ascorbate China,Sodium Ascorbate China,"No, and doesn't have variants",Meat & Poultry,Processed Meat,Emulsified Sausages & Restructured Meat,Yes,"Optimizes meat protein binding, cured color fixation, texture cross-linking, and shelf-life extension in sausages, luncheon, and beef pastrami.",Analyst Proposed
349,Sodium Benzoate China-25kg,Sodium Benzoate,Not found for any variants,Beverages,Carbonated Drinks,Cola / Carbonated Soft Drinks,Yes,Broad-spectrum antimicrobial inhibition against yeasts and molds in acidic beverages.,Analyst Proposed
349,Sodium Benzoate China-25kg,Sodium Benzoate,Not found for any variants,"Sauces, Condiments & Dressings",Emulsified Sauces & Dips,Mayonnaise / Salad Dressings,No,Prevents spoilage and extends ambient shelf life in table sauces.,Analyst Proposed
350,Sodium Benzoate Wuhan-25kg,Sodium Benzoate,Not found for any variants,Beverages,Carbonated Drinks,Cola / Carbonated Soft Drinks,Yes,Broad-spectrum antimicrobial inhibition against yeasts and molds in acidic beverages.,Analyst Proposed
350,Sodium Benzoate Wuhan-25kg,Sodium Benzoate,Not found for any variants,"Sauces, Condiments & Dressings",Emulsified Sauces & Dips,Mayonnaise / Salad Dressings,No,Prevents spoilage and extends ambient shelf life in table sauces.,Analyst Proposed
351,Sodium Citrate-25kg,Sodium Citrate-25kg,"No, and doesn't have variants",Beverages,Carbonated Drinks,Cola / Carbonated Soft Drinks,Yes,"Provides crisp tart acidity, enhances fruit flavor perception, and regulates formulation pH.",Analyst Proposed
351,Sodium Citrate-25kg,Sodium Citrate-25kg,"No, and doesn't have variants",Dairy,Cheese,Processed Cheese,No,Buffering salt assisting calcium chelation and protein emulsification.,Analyst Proposed
352,Sodium Diacetate-25kg,Sodium Diacetate-25kg,"No, and doesn't have variants",Meat & Poultry,Processed Meat,Emulsified Sausages & Restructured Meat,Yes,"Optimizes meat protein binding, cured color fixation, texture cross-linking, and shelf-life extension in sausages, luncheon, and beef pastrami.",Analyst Proposed
353,Sodium Erythorbate China-25kg,Sodium Erythorbate China-25kg,"No, and doesn't have variants",Meat & Poultry,Processed Meat,Emulsified Sausages & Restructured Meat,Yes,"Optimizes meat protein binding, cured color fixation, texture cross-linking, and shelf-life extension in sausages, luncheon, and beef pastrami.",Analyst Proposed
354,Sodium Hexametaphosphate (SHMP)-25kg,Sodium Hexametaphosphate (SHMP)-25kg,"No, and doesn't have variants",Meat & Poultry,Poultry Processing & Sausages,Injected Chicken / Turkey Breasts & Sausages,Yes,"Increases muscle protein ionic strength and pH, maximizing brine retention, reducing cooking purge, and enhancing sausage snap.",Analyst Proposed
354,Sodium Hexametaphosphate (SHMP)-25kg,Sodium Hexametaphosphate (SHMP)-25kg,"No, and doesn't have variants",Dairy,Cheese,Processed Cheese Melting Salts,No,Chelates calcium ions to convert insoluble paracasein into smooth emulsifying protein matrix in processed cheese slices and blocks.,Analyst Proposed
355,Sodium Lactate-25kg,Sodium Lactate-25kg,"No, and doesn't have variants",Meat & Poultry,Processed Meat,Emulsified Sausages & Restructured Meat,Yes,"Optimizes meat protein binding, cured color fixation, texture cross-linking, and shelf-life extension in sausages, luncheon, and beef pastrami.",Analyst Proposed
356,Sodium Metabisulfite-25kg,Sodium Metabisulfite-25kg,"No, and doesn't have variants",Meat & Poultry,Processed Meat,Emulsified Sausages & Restructured Meat,Yes,"Optimizes meat protein binding, cured color fixation, texture cross-linking, and shelf-life extension in sausages, luncheon, and beef pastrami.",Analyst Proposed
357,Sodium Tripolyphosphate (STPP)-25kg,STPP Phosphates,"No, and doesn't have variants",Meat & Poultry,Poultry Processing & Sausages,Injected Chicken / Turkey Breasts & Sausages,Yes,"Increases muscle protein ionic strength and pH, maximizing brine retention, reducing cooking purge, and enhancing sausage snap.",Analyst Proposed
357,Sodium Tripolyphosphate (STPP)-25kg,STPP Phosphates,"No, and doesn't have variants",Dairy,Cheese,Processed Cheese Melting Salts,No,Chelates calcium ions to convert insoluble paracasein into smooth emulsifying protein matrix in processed cheese slices and blocks.,Analyst Proposed
358,Soya Protein Concentrate 70%,Soya Proteins & TVP,"No, but copied variant",Meat & Poultry,Minced Meat & Meat Alternatives,"Burgers, Kofta & Plant-Based Nuggets",Yes,"Provides meat-like fibrous chewiness, binds fat and water, reduces formulation cost, and builds structure in meat patties and plant-based nuggets.",Analyst Proposed
358,Soya Protein Concentrate 70%,Soya Proteins & TVP,"No, but copied variant",Bakery,Bread & Nutrition,High-Protein Bread & Energy Bars,No,"Enhances dough water absorption, strengthens gluten matrix, and boosts nutritional protein content.",Analyst Proposed
359,Soya Protein Isolate 90%,Soya Proteins & TVP,"No, but copied variant",Meat & Poultry,Minced Meat & Meat Alternatives,"Burgers, Kofta & Plant-Based Nuggets",Yes,"Provides meat-like fibrous chewiness, binds fat and water, reduces formulation cost, and builds structure in meat patties and plant-based nuggets.",Analyst Proposed
359,Soya Protein Isolate 90%,Soya Proteins & TVP,"No, but copied variant",Bakery,Bread & Nutrition,High-Protein Bread & Energy Bars,No,"Enhances dough water absorption, strengthens gluten matrix, and boosts nutritional protein content.",Analyst Proposed
360,Soya Protein Isolate 90% (Gelling),Soya Proteins & TVP,"No, but copied variant",Meat & Poultry,Minced Meat & Meat Alternatives,"Burgers, Kofta & Plant-Based Nuggets",Yes,"Provides meat-like fibrous chewiness, binds fat and water, reduces formulation cost, and builds structure in meat patties and plant-based nuggets.",Analyst Proposed
360,Soya Protein Isolate 90% (Gelling),Soya Proteins & TVP,"No, but copied variant",Bakery,Bread & Nutrition,High-Protein Bread & Energy Bars,No,"Enhances dough water absorption, strengthens gluten matrix, and boosts nutritional protein content.",Analyst Proposed
361,Soya Protein Isolate 90% (Injection),Soya Proteins & TVP,"No, but copied variant",Meat & Poultry,Minced Meat & Meat Alternatives,"Burgers, Kofta & Plant-Based Nuggets",Yes,"Provides meat-like fibrous chewiness, binds fat and water, reduces formulation cost, and builds structure in meat patties and plant-based nuggets.",Analyst Proposed
361,Soya Protein Isolate 90% (Injection),Soya Proteins & TVP,"No, but copied variant",Bakery,Bread & Nutrition,High-Protein Bread & Energy Bars,No,"Enhances dough water absorption, strengthens gluten matrix, and boosts nutritional protein content.",Analyst Proposed
362,Sunset Yellow,Sunset Yellow,"No, and doesn't have variants",Confectionery,Sugar Confectionery,Hard / Soft Candies,Yes,Brilliant lemon-yellow natural shade with clean sensory profile.,Analyst Proposed
362,Sunset Yellow,Sunset Yellow,"No, and doesn't have variants",Dairy,Frozen Dairy,Ice Cream & Frozen Desserts,No,Vibrant yellow color in ice creams and dairy custards.,Analyst Proposed
363,Textra P 103 25 kg,Textra / Revastab Meat & Gelling Blends,"No, but copied variant",Meat & Poultry,Processed Meat,Emulsified Sausages,Yes,"Optimizes myofibrillar protein activation, binds fat and water tightly, and enhances casing bite in frankfurters.",Analyst Proposed
363,Textra P 103 25 kg,Textra / Revastab Meat & Gelling Blends,"No, but copied variant",Meat & Poultry,Minced Meat & Meat Alternatives,"Burgers, Kofta & Meatballs",No,"Reduces cooking shrinkage, maintains juiciness, and prevents fat-out in burger patties.",Analyst Proposed
363,Textra P 103 25 kg,Textra / Revastab Meat & Gelling Blends,"No, but copied variant",Meat & Poultry,Poultry Processing,Injected Chicken / Turkey Breasts,No,Improves yield and texture in injected whole muscle poultry and nuggets.,Analyst Proposed
364,TEXTRA P 104 25 kg,Textra / Revastab Meat & Gelling Blends,"No, but copied variant",Meat & Poultry,Processed Meat,Emulsified Sausages,Yes,"Optimizes myofibrillar protein activation, binds fat and water tightly, and enhances casing bite in frankfurters.",Analyst Proposed
364,TEXTRA P 104 25 kg,Textra / Revastab Meat & Gelling Blends,"No, but copied variant",Meat & Poultry,Minced Meat & Meat Alternatives,"Burgers, Kofta & Meatballs",No,"Reduces cooking shrinkage, maintains juiciness, and prevents fat-out in burger patties.",Analyst Proposed
364,TEXTRA P 104 25 kg,Textra / Revastab Meat & Gelling Blends,"No, but copied variant",Meat & Poultry,Poultry Processing,Injected Chicken / Turkey Breasts,No,Improves yield and texture in injected whole muscle poultry and nuggets.,Analyst Proposed
365,Textra P100,Textra / Revastab Meat & Gelling Blends,"No, but copied variant",Meat & Poultry,Processed Meat,Emulsified Sausages,Yes,"Optimizes myofibrillar protein activation, binds fat and water tightly, and enhances casing bite in frankfurters.",Analyst Proposed
365,Textra P100,Textra / Revastab Meat & Gelling Blends,"No, but copied variant",Meat & Poultry,Minced Meat & Meat Alternatives,"Burgers, Kofta & Meatballs",No,"Reduces cooking shrinkage, maintains juiciness, and prevents fat-out in burger patties.",Analyst Proposed
365,Textra P100,Textra / Revastab Meat & Gelling Blends,"No, but copied variant",Meat & Poultry,Poultry Processing,Injected Chicken / Turkey Breasts,No,Improves yield and texture in injected whole muscle poultry and nuggets.,Analyst Proposed
366,Textra P100 25 kg,Textra / Revastab Meat & Gelling Blends,"No, but copied variant",Meat & Poultry,Processed Meat,Emulsified Sausages,Yes,"Optimizes myofibrillar protein activation, binds fat and water tightly, and enhances casing bite in frankfurters.",Analyst Proposed
366,Textra P100 25 kg,Textra / Revastab Meat & Gelling Blends,"No, but copied variant",Meat & Poultry,Minced Meat & Meat Alternatives,"Burgers, Kofta & Meatballs",No,"Reduces cooking shrinkage, maintains juiciness, and prevents fat-out in burger patties.",Analyst Proposed
366,Textra P100 25 kg,Textra / Revastab Meat & Gelling Blends,"No, but copied variant",Meat & Poultry,Poultry Processing,Injected Chicken / Turkey Breasts,No,Improves yield and texture in injected whole muscle poultry and nuggets.,Analyst Proposed
367,Transglutaminase (TG),Transglutaminase (TG),"No, and doesn't have variants",Meat & Poultry,Processed Meat,Emulsified Sausages & Restructured Meat,Yes,"Optimizes meat protein binding, cured color fixation, texture cross-linking, and shelf-life extension in sausages, luncheon, and beef pastrami.",Analyst Proposed
368,TVP Soya Local - S,Soya Proteins & TVP,"No, but copied variant",Meat & Poultry,Minced Meat & Meat Alternatives,"Burgers, Kofta & Plant-Based Nuggets",Yes,"Provides meat-like fibrous chewiness, binds fat and water, reduces formulation cost, and builds structure in meat patties and plant-based nuggets.",Analyst Proposed
368,TVP Soya Local - S,Soya Proteins & TVP,"No, but copied variant",Bakery,Bread & Nutrition,High-Protein Bread & Energy Bars,No,"Enhances dough water absorption, strengthens gluten matrix, and boosts nutritional protein content.",Analyst Proposed
369,Vegatable Carbon Black,Vegatable Carbon Black,"No, and doesn't have variants",Dairy,Cheese & Dairy Systems,Processed Cheese & Dairy Spreads,Yes,Standardized food grade functional ingredient.,Analyst Proposed
370,Whey Protein Concentrate 80% (WPC 80),Whey Protein Concentrate 80% (WPC 80),"No, and doesn't have variants",Meat & Poultry,Minced Meat & Meat Alternatives,"Burgers, Kofta & Plant-Based Nuggets",Yes,"Provides meat-like fibrous chewiness, binds fat and water, reduces formulation cost, and builds structure in meat patties and plant-based nuggets.",Analyst Proposed
370,Whey Protein Concentrate 80% (WPC 80),Whey Protein Concentrate 80% (WPC 80),"No, and doesn't have variants",Bakery,Bread & Nutrition,High-Protein Bread & Energy Bars,No,"Enhances dough water absorption, strengthens gluten matrix, and boosts nutritional protein content.",Analyst Proposed
371,Xanthan Gum (200 Mesh),Xanthan Gum,Not found for any variants,"Sauces, Condiments & Dressings",Emulsified Sauces & Dips,Mayonnaise / Salad Dressings,Yes,"Pseudoplastic shear-thinning viscosity, permanent emulsion stability, and high cling.",Analyst Proposed
371,Xanthan Gum (200 Mesh),Xanthan Gum,Not found for any variants,Beverages,Juices & Nectars,Fruit Juices / Pulp Suspensions,No,Suspends insoluble fruit pulp and cloud particles uniformly.,Analyst Proposed
371,Xanthan Gum (200 Mesh),Xanthan Gum,Not found for any variants,Bakery,Bread,Pita / Tortilla / Flatbread,No,"Moisture retention, softness, and gluten replacement in gluten-free bakery.",Analyst Proposed
372,Xanthan Gum (80 Mesh),Xanthan Gum,Not found for any variants,"Sauces, Condiments & Dressings",Emulsified Sauces & Dips,Mayonnaise / Salad Dressings,Yes,"Pseudoplastic shear-thinning viscosity, permanent emulsion stability, and high cling.",Analyst Proposed
372,Xanthan Gum (80 Mesh),Xanthan Gum,Not found for any variants,Beverages,Juices & Nectars,Fruit Juices / Pulp Suspensions,No,Suspends insoluble fruit pulp and cloud particles uniformly.,Analyst Proposed
372,Xanthan Gum (80 Mesh),Xanthan Gum,Not found for any variants,Bakery,Bread,Pita / Tortilla / Flatbread,No,"Moisture retention, softness, and gluten replacement in gluten-free bakery.",Analyst Proposed
373,Xanthan Gum Clear,Xanthan Gum,Not found for any variants,"Sauces, Condiments & Dressings",Emulsified Sauces & Dips,Mayonnaise / Salad Dressings,Yes,"Pseudoplastic shear-thinning viscosity, permanent emulsion stability, and high cling.",Analyst Proposed
373,Xanthan Gum Clear,Xanthan Gum,Not found for any variants,Beverages,Juices & Nectars,Fruit Juices / Pulp Suspensions,No,Suspends insoluble fruit pulp and cloud particles uniformly.,Analyst Proposed
373,Xanthan Gum Clear,Xanthan Gum,Not found for any variants,Bakery,Bread,Pita / Tortilla / Flatbread,No,"Moisture retention, softness, and gluten replacement in gluten-free bakery.",Analyst Proposed
374,Xanthan Gum F80,Xanthan Gum,Not found for any variants,"Sauces, Condiments & Dressings",Emulsified Sauces & Dips,Mayonnaise / Salad Dressings,Yes,"Pseudoplastic shear-thinning viscosity, permanent emulsion stability, and high cling.",Analyst Proposed
374,Xanthan Gum F80,Xanthan Gum,Not found for any variants,Beverages,Juices & Nectars,Fruit Juices / Pulp Suspensions,No,Suspends insoluble fruit pulp and cloud particles uniformly.,Analyst Proposed
374,Xanthan Gum F80,Xanthan Gum,Not found for any variants,Bakery,Bread,Pita / Tortilla / Flatbread,No,"Moisture retention, softness, and gluten replacement in gluten-free bakery.",Analyst Proposed
375,Xanthan Gum Transparent,Xanthan Gum,Not found for any variants,"Sauces, Condiments & Dressings",Emulsified Sauces & Dips,Mayonnaise / Salad Dressings,Yes,"Pseudoplastic shear-thinning viscosity, permanent emulsion stability, and high cling.",Analyst Proposed
375,Xanthan Gum Transparent,Xanthan Gum,Not found for any variants,Beverages,Juices & Nectars,Fruit Juices / Pulp Suspensions,No,Suspends insoluble fruit pulp and cloud particles uniformly.,Analyst Proposed
375,Xanthan Gum Transparent,Xanthan Gum,Not found for any variants,Bakery,Bread,Pita / Tortilla / Flatbread,No,"Moisture retention, softness, and gluten replacement in gluten-free bakery.",Analyst Proposed
376,Yellow color W,Yellow color W,"No, and doesn't have variants",Confectionery,Sugar Confectionery,Hard / Soft Candies,Yes,Brilliant lemon-yellow natural shade with clean sensory profile.,Analyst Proposed
376,Yellow color W,Yellow color W,"No, and doesn't have variants",Dairy,Frozen Dairy,Ice Cream & Frozen Desserts,No,Vibrant yellow color in ice creams and dairy custards.,Analyst Proposed