id,material_name,product_family,priority,target_application,reason_for_request,needed_parameters
182,AGLUPECTIN HS-MR,Pectin Functional Systems,Urgent (No TDS in Family),Bakery & Snacks - Low-Sugar Jams & Fruit Prep,Zero TDS available for this material or product family in current records.,"Official Manufacturer Technical Data Sheet (TDS) & Certificate of Analysis (CoA); Active chemical assay / purity % / active content specification; Approved Food Grade E-number & allergen declaration statement; Standard dosage recommendations for industrial applications; Packaging sizes (HDPE, paper sacks, net weight) & shelf-life under controlled temperature"
183,AGLUPECTIN HS-R-E440(I),Pectin Functional Systems,Urgent (No TDS in Family),Bakery & Snacks - Bakery Jams & Fruit Spreads,Zero TDS available for this material or product family in current records.,"Official Manufacturer Technical Data Sheet (TDS) & Certificate of Analysis (CoA); Active chemical assay / purity % / active content specification; Approved Food Grade E-number & allergen declaration statement; Standard dosage recommendations for industrial applications; Packaging sizes (HDPE, paper sacks, net weight) & shelf-life under controlled temperature"
184,AGLUPECTIN HS-SB13Z,Pectin Functional Systems,Urgent (No TDS in Family),Bakery & Snacks - Low-Sugar Jams & Fruit Prep,Zero TDS available for this material or product family in current records.,"Official Manufacturer Technical Data Sheet (TDS) & Certificate of Analysis (CoA); Active chemical assay / purity % / active content specification; Approved Food Grade E-number & allergen declaration statement; Standard dosage recommendations for industrial applications; Packaging sizes (HDPE, paper sacks, net weight) & shelf-life under controlled temperature"
185,Annatto 2.2 WS 1KG,Annatto Natural Color,Urgent (No TDS in Family),Beverages & Food Coloring - Natural Colorants,Zero TDS available for this material or product family in current records.,"Official Manufacturer Technical Data Sheet (TDS) & Certificate of Analysis (CoA); Active chemical assay / purity % / active content specification; Approved Food Grade E-number & allergen declaration statement; Standard dosage recommendations for industrial applications; Packaging sizes (HDPE, paper sacks, net weight) & shelf-life under controlled temperature"
186,Annatto 4% WS 1kg,Annatto Natural Color,Urgent (No TDS in Family),Beverages & Food Coloring - Natural Colorants,Zero TDS available for this material or product family in current records.,"Official Manufacturer Technical Data Sheet (TDS) & Certificate of Analysis (CoA); Active chemical assay / purity % / active content specification; Approved Food Grade E-number & allergen declaration statement; Standard dosage recommendations for industrial applications; Packaging sizes (HDPE, paper sacks, net weight) & shelf-life under controlled temperature"
187,Annatto Turmeric,Annatto Natural Color,Urgent (No TDS in Family),Beverages & Food Coloring - Natural Colorants,Zero TDS available for this material or product family in current records.,"Official Manufacturer Technical Data Sheet (TDS) & Certificate of Analysis (CoA); Active chemical assay / purity % / active content specification; Approved Food Grade E-number & allergen declaration statement; Standard dosage recommendations for industrial applications; Packaging sizes (HDPE, paper sacks, net weight) & shelf-life under controlled temperature"
188,Annatto WS 2.2 % 5 KG,Annatto Natural Color,Urgent (No TDS in Family),Beverages & Food Coloring - Natural Colorants,Zero TDS available for this material or product family in current records.,"Official Manufacturer Technical Data Sheet (TDS) & Certificate of Analysis (CoA); Active chemical assay / purity % / active content specification; Approved Food Grade E-number & allergen declaration statement; Standard dosage recommendations for industrial applications; Packaging sizes (HDPE, paper sacks, net weight) & shelf-life under controlled temperature"
189,Annatto WS 3.50 %,Annatto Natural Color,Urgent (No TDS in Family),Beverages & Food Coloring - Natural Colorants,Zero TDS available for this material or product family in current records.,"Official Manufacturer Technical Data Sheet (TDS) & Certificate of Analysis (CoA); Active chemical assay / purity % / active content specification; Approved Food Grade E-number & allergen declaration statement; Standard dosage recommendations for industrial applications; Packaging sizes (HDPE, paper sacks, net weight) & shelf-life under controlled temperature"
190,Annatto WS 4 % 5 KG,Annatto Natural Color,Urgent (No TDS in Family),Beverages & Food Coloring - Natural Colorants,Zero TDS available for this material or product family in current records.,"Official Manufacturer Technical Data Sheet (TDS) & Certificate of Analysis (CoA); Active chemical assay / purity % / active content specification; Approved Food Grade E-number & allergen declaration statement; Standard dosage recommendations for industrial applications; Packaging sizes (HDPE, paper sacks, net weight) & shelf-life under controlled temperature"
191,Antifoam,Antifoam Compounds,High (Commercial Variant),Savory - Seasoning,Sibling (ANTIFOAM COMPOUND) has TDS; individual grade TDS needed for exact potency & CoA validation.,"Specific formulation dosage rate (% or g/100kg) for target food matrices; Active principle concentration assay (e.g. Volatile Oil %, Capsaicin / Piperine / Color Value ASTA); Exact physical form, appearance & carrier composition; Validated shelf-life & specific warehouse storage limits"
192,Ascorbic Acid China,Ascorbic Acid China,Urgent (No TDS in Family),Food Processing,Zero TDS available for this material or product family in current records.,"Official Manufacturer Technical Data Sheet (TDS) & Certificate of Analysis (CoA); Active chemical assay / purity % / active content specification; Approved Food Grade E-number & allergen declaration statement; Standard dosage recommendations for industrial applications; Packaging sizes (HDPE, paper sacks, net weight) & shelf-life under controlled temperature"
193,Beet root extract,Beet Root Color,Urgent (No TDS in Family),Beverages & Food Coloring - Natural Colorants,Zero TDS available for this material or product family in current records.,"Official Manufacturer Technical Data Sheet (TDS) & Certificate of Analysis (CoA); Active chemical assay / purity % / active content specification; Approved Food Grade E-number & allergen declaration statement; Standard dosage recommendations for industrial applications; Packaging sizes (HDPE, paper sacks, net weight) & shelf-life under controlled temperature"
194,Blackcurrant Anthocyanin,Anthocyanin Natural Color,Urgent (No TDS in Family),Beverages & Food Coloring - Natural Colorants,Zero TDS available for this material or product family in current records.,"Official Manufacturer Technical Data Sheet (TDS) & Certificate of Analysis (CoA); Active chemical assay / purity % / active content specification; Approved Food Grade E-number & allergen declaration statement; Standard dosage recommendations for industrial applications; Packaging sizes (HDPE, paper sacks, net weight) & shelf-life under controlled temperature"
195,Blackcurrant Anthocyanin 20 KG,Anthocyanin Natural Color,Urgent (No TDS in Family),Beverages & Food Coloring - Natural Colorants,Zero TDS available for this material or product family in current records.,"Official Manufacturer Technical Data Sheet (TDS) & Certificate of Analysis (CoA); Active chemical assay / purity % / active content specification; Approved Food Grade E-number & allergen declaration statement; Standard dosage recommendations for industrial applications; Packaging sizes (HDPE, paper sacks, net weight) & shelf-life under controlled temperature"
196,Calcium Chloride-25kg,Calcium Chloride-25kg,Urgent (No TDS in Family),Savory - Seasoning,Zero TDS available for this material or product family in current records.,"Official Manufacturer Technical Data Sheet (TDS) & Certificate of Analysis (CoA); Active chemical assay / purity % / active content specification; Approved Food Grade E-number & allergen declaration statement; Standard dosage recommendations for industrial applications; Packaging sizes (HDPE, paper sacks, net weight) & shelf-life under controlled temperature"
197,Calcium Propionate China-25kg,Calcium Propionate,Urgent (No TDS in Family),Bakery - Yeast-Raised Anti-Mold Preservative,Zero TDS available for this material or product family in current records.,"Official Manufacturer Technical Data Sheet (TDS) & Certificate of Analysis (CoA); Active chemical assay / purity % / active content specification; Approved Food Grade E-number & allergen declaration statement; Standard dosage recommendations for industrial applications; Packaging sizes (HDPE, paper sacks, net weight) & shelf-life under controlled temperature"
198,Calcium Propionate Macco-20kg,Calcium Propionate,Urgent (No TDS in Family),Bakery - Yeast-Raised Anti-Mold Preservative,Zero TDS available for this material or product family in current records.,"Official Manufacturer Technical Data Sheet (TDS) & Certificate of Analysis (CoA); Active chemical assay / purity % / active content specification; Approved Food Grade E-number & allergen declaration statement; Standard dosage recommendations for industrial applications; Packaging sizes (HDPE, paper sacks, net weight) & shelf-life under controlled temperature"
199,Capsicum Oleoresin 1000,Capsicum Oleoresin,High (Commercial Variant),"Savory & Snacks - Seasonings, Meat & Snack Flavors",Sibling (Capsicum Oleoresin 1001) has TDS; individual grade TDS needed for exact potency & CoA validation.,"Specific formulation dosage rate (% or g/100kg) for target food matrices; Active principle concentration assay (e.g. Volatile Oil %, Capsaicin / Piperine / Color Value ASTA); Exact physical form, appearance & carrier composition; Validated shelf-life & specific warehouse storage limits"
200,Capsicum Oleoresin 1002,Capsicum Oleoresin,High (Commercial Variant),"Savory & Snacks - Seasonings, Meat & Snack Flavors",Sibling (Capsicum Oleoresin 1001) has TDS; individual grade TDS needed for exact potency & CoA validation.,"Specific formulation dosage rate (% or g/100kg) for target food matrices; Active principle concentration assay (e.g. Volatile Oil %, Capsaicin / Piperine / Color Value ASTA); Exact physical form, appearance & carrier composition; Validated shelf-life & specific warehouse storage limits"
201,Capsicum Oleoresin 1003,Capsicum Oleoresin,High (Commercial Variant),"Savory & Snacks - Seasonings, Meat & Snack Flavors",Sibling (Capsicum Oleoresin 1001) has TDS; individual grade TDS needed for exact potency & CoA validation.,"Specific formulation dosage rate (% or g/100kg) for target food matrices; Active principle concentration assay (e.g. Volatile Oil %, Capsaicin / Piperine / Color Value ASTA); Exact physical form, appearance & carrier composition; Validated shelf-life & specific warehouse storage limits"
202,"Capsicum Oleoresin 500,000 SHU",Capsicum Oleoresin,High (Commercial Variant),"Savory & Snacks - Seasonings, Meat & Snack Flavors",Sibling (Capsicum Oleoresin 1001) has TDS; individual grade TDS needed for exact potency & CoA validation.,"Specific formulation dosage rate (% or g/100kg) for target food matrices; Active principle concentration assay (e.g. Volatile Oil %, Capsaicin / Piperine / Color Value ASTA); Exact physical form, appearance & carrier composition; Validated shelf-life & specific warehouse storage limits"
203,Caramel (E150D),Caramel Color,Urgent (No TDS in Family),Beverages & Food Coloring - Natural Colorants,Zero TDS available for this material or product family in current records.,"Official Manufacturer Technical Data Sheet (TDS) & Certificate of Analysis (CoA); Active chemical assay / purity % / active content specification; Approved Food Grade E-number & allergen declaration statement; Standard dosage recommendations for industrial applications; Packaging sizes (HDPE, paper sacks, net weight) & shelf-life under controlled temperature"
204,Caramel liquid Type E150A 30KG,Caramel Color,Urgent (No TDS in Family),Beverages & Food Coloring - Natural Colorants,Zero TDS available for this material or product family in current records.,"Official Manufacturer Technical Data Sheet (TDS) & Certificate of Analysis (CoA); Active chemical assay / purity % / active content specification; Approved Food Grade E-number & allergen declaration statement; Standard dosage recommendations for industrial applications; Packaging sizes (HDPE, paper sacks, net weight) & shelf-life under controlled temperature"
205,Caramel Liquid Type E150D,Caramel Color,Urgent (No TDS in Family),Beverages & Food Coloring - Natural Colorants,Zero TDS available for this material or product family in current records.,"Official Manufacturer Technical Data Sheet (TDS) & Certificate of Analysis (CoA); Active chemical assay / purity % / active content specification; Approved Food Grade E-number & allergen declaration statement; Standard dosage recommendations for industrial applications; Packaging sizes (HDPE, paper sacks, net weight) & shelf-life under controlled temperature"
206,Caramel Liquid Type E150D 30KG,Caramel Color,Urgent (No TDS in Family),Beverages & Food Coloring - Natural Colorants,Zero TDS available for this material or product family in current records.,"Official Manufacturer Technical Data Sheet (TDS) & Certificate of Analysis (CoA); Active chemical assay / purity % / active content specification; Approved Food Grade E-number & allergen declaration statement; Standard dosage recommendations for industrial applications; Packaging sizes (HDPE, paper sacks, net weight) & shelf-life under controlled temperature"
207,Caramel Powder (E150D),Caramel Color,Urgent (No TDS in Family),Beverages & Food Coloring - Natural Colorants,Zero TDS available for this material or product family in current records.,"Official Manufacturer Technical Data Sheet (TDS) & Certificate of Analysis (CoA); Active chemical assay / purity % / active content specification; Approved Food Grade E-number & allergen declaration statement; Standard dosage recommendations for industrial applications; Packaging sizes (HDPE, paper sacks, net weight) & shelf-life under controlled temperature"
208,Caramel powder Type E150A 20KG,Caramel Color,Urgent (No TDS in Family),Beverages & Food Coloring - Natural Colorants,Zero TDS available for this material or product family in current records.,"Official Manufacturer Technical Data Sheet (TDS) & Certificate of Analysis (CoA); Active chemical assay / purity % / active content specification; Approved Food Grade E-number & allergen declaration statement; Standard dosage recommendations for industrial applications; Packaging sizes (HDPE, paper sacks, net weight) & shelf-life under controlled temperature"
209,Caramel powder Type E150c 20KG,Caramel Color,Urgent (No TDS in Family),Beverages & Food Coloring - Natural Colorants,Zero TDS available for this material or product family in current records.,"Official Manufacturer Technical Data Sheet (TDS) & Certificate of Analysis (CoA); Active chemical assay / purity % / active content specification; Approved Food Grade E-number & allergen declaration statement; Standard dosage recommendations for industrial applications; Packaging sizes (HDPE, paper sacks, net weight) & shelf-life under controlled temperature"
210,Caramel powder Type E150d 20KG,Caramel Color,Urgent (No TDS in Family),Beverages & Food Coloring - Natural Colorants,Zero TDS available for this material or product family in current records.,"Official Manufacturer Technical Data Sheet (TDS) & Certificate of Analysis (CoA); Active chemical assay / purity % / active content specification; Approved Food Grade E-number & allergen declaration statement; Standard dosage recommendations for industrial applications; Packaging sizes (HDPE, paper sacks, net weight) & shelf-life under controlled temperature"
211,Cardamom Oleoresin 1002,Cardamom Oleoresin,High (Commercial Variant),"Savory & Snacks - Seasonings, Meat & Snack Flavors",Sibling (Cardamom Oleoresin 1001) has TDS; individual grade TDS needed for exact potency & CoA validation.,"Specific formulation dosage rate (% or g/100kg) for target food matrices; Active principle concentration assay (e.g. Volatile Oil %, Capsaicin / Piperine / Color Value ASTA); Exact physical form, appearance & carrier composition; Validated shelf-life & specific warehouse storage limits"
212,Carmine WS 50 %,Carmine Natural Color,Urgent (No TDS in Family),Beverages & Food Coloring - Natural Colorants,Zero TDS available for this material or product family in current records.,"Official Manufacturer Technical Data Sheet (TDS) & Certificate of Analysis (CoA); Active chemical assay / purity % / active content specification; Approved Food Grade E-number & allergen declaration statement; Standard dosage recommendations for industrial applications; Packaging sizes (HDPE, paper sacks, net weight) & shelf-life under controlled temperature"
213,CARRAGEENAN CK-500,Carrageenan CK/M Series,Urgent (No TDS in Family),Savory & Meat - Gelling & Water Retention,Zero TDS available for this material or product family in current records.,"Official Manufacturer Technical Data Sheet (TDS) & Certificate of Analysis (CoA); Active chemical assay / purity % / active content specification; Approved Food Grade E-number & allergen declaration statement; Standard dosage recommendations for industrial applications; Packaging sizes (HDPE, paper sacks, net weight) & shelf-life under controlled temperature"
214,Cellulose casing - 26E*84,Cellulose Casings,High (Commercial Variant),Savory - Processed Meat & Sausage Casings,Sibling (Cellulose casing - 23E*84) has TDS; individual grade TDS needed for exact potency & CoA validation.,"Specific formulation dosage rate (% or g/100kg) for target food matrices; Active principle concentration assay (e.g. Volatile Oil %, Capsaicin / Piperine / Color Value ASTA); Exact physical form, appearance & carrier composition; Validated shelf-life & specific warehouse storage limits"
215,Cellulose casing - 21E*84,Cellulose Casings,High (Commercial Variant),Savory - Processed Meat & Sausage Casings,Sibling (Cellulose casing - 23E*84) has TDS; individual grade TDS needed for exact potency & CoA validation.,"Specific formulation dosage rate (% or g/100kg) for target food matrices; Active principle concentration assay (e.g. Volatile Oil %, Capsaicin / Piperine / Color Value ASTA); Exact physical form, appearance & carrier composition; Validated shelf-life & specific warehouse storage limits"
216,Cellulose casing - 28E*84,Cellulose Casings,High (Commercial Variant),Savory - Processed Meat & Sausage Casings,Sibling (Cellulose casing - 23E*84) has TDS; individual grade TDS needed for exact potency & CoA validation.,"Specific formulation dosage rate (% or g/100kg) for target food matrices; Active principle concentration assay (e.g. Volatile Oil %, Capsaicin / Piperine / Color Value ASTA); Exact physical form, appearance & carrier composition; Validated shelf-life & specific warehouse storage limits"
217,Chlorophyll,Chlorophyll Natural Color,Urgent (No TDS in Family),Beverages & Food Coloring - Natural Colorants,Zero TDS available for this material or product family in current records.,"Official Manufacturer Technical Data Sheet (TDS) & Certificate of Analysis (CoA); Active chemical assay / purity % / active content specification; Approved Food Grade E-number & allergen declaration statement; Standard dosage recommendations for industrial applications; Packaging sizes (HDPE, paper sacks, net weight) & shelf-life under controlled temperature"
218,Chlorophyll OS,Chlorophyll Natural Color,Urgent (No TDS in Family),Beverages & Food Coloring - Natural Colorants,Zero TDS available for this material or product family in current records.,"Official Manufacturer Technical Data Sheet (TDS) & Certificate of Analysis (CoA); Active chemical assay / purity % / active content specification; Approved Food Grade E-number & allergen declaration statement; Standard dosage recommendations for industrial applications; Packaging sizes (HDPE, paper sacks, net weight) & shelf-life under controlled temperature"
219,Chlorophyll WS 14 %,Chlorophyll Natural Color,Urgent (No TDS in Family),Beverages & Food Coloring - Natural Colorants,Zero TDS available for this material or product family in current records.,"Official Manufacturer Technical Data Sheet (TDS) & Certificate of Analysis (CoA); Active chemical assay / purity % / active content specification; Approved Food Grade E-number & allergen declaration statement; Standard dosage recommendations for industrial applications; Packaging sizes (HDPE, paper sacks, net weight) & shelf-life under controlled temperature"
220,Chlorophyll WS 20 %,Chlorophyll Natural Color,Urgent (No TDS in Family),Beverages & Food Coloring - Natural Colorants,Zero TDS available for this material or product family in current records.,"Official Manufacturer Technical Data Sheet (TDS) & Certificate of Analysis (CoA); Active chemical assay / purity % / active content specification; Approved Food Grade E-number & allergen declaration statement; Standard dosage recommendations for industrial applications; Packaging sizes (HDPE, paper sacks, net weight) & shelf-life under controlled temperature"
221,Citric Acid Anhydrous-25kg,Citric Acid,Urgent (No TDS in Family),Food Processing - Acidity Regulator & Buffer,Zero TDS available for this material or product family in current records.,"Official Manufacturer Technical Data Sheet (TDS) & Certificate of Analysis (CoA); Active chemical assay / purity % / active content specification; Approved Food Grade E-number & allergen declaration statement; Standard dosage recommendations for industrial applications; Packaging sizes (HDPE, paper sacks, net weight) & shelf-life under controlled temperature"
222,Citric Acid Monohydrate,Citric Acid,Urgent (No TDS in Family),Bakery & Snacks - Margarines & Cake Emulsification,Zero TDS available for this material or product family in current records.,"Official Manufacturer Technical Data Sheet (TDS) & Certificate of Analysis (CoA); Active chemical assay / purity % / active content specification; Approved Food Grade E-number & allergen declaration statement; Standard dosage recommendations for industrial applications; Packaging sizes (HDPE, paper sacks, net weight) & shelf-life under controlled temperature"
223,Cocoa Butter Substitute-local-25kg,Cocoa Powders & Fats,Urgent (No TDS in Family),Bakery & Snacks - Confectionery & Chocolate,Zero TDS available for this material or product family in current records.,"Official Manufacturer Technical Data Sheet (TDS) & Certificate of Analysis (CoA); Active chemical assay / purity % / active content specification; Approved Food Grade E-number & allergen declaration statement; Standard dosage recommendations for industrial applications; Packaging sizes (HDPE, paper sacks, net weight) & shelf-life under controlled temperature"
224,Cocoa Powder G100-25kg,Cocoa Powders & Fats,Urgent (No TDS in Family),Bakery & Snacks - Confectionery & Chocolate,Zero TDS available for this material or product family in current records.,"Official Manufacturer Technical Data Sheet (TDS) & Certificate of Analysis (CoA); Active chemical assay / purity % / active content specification; Approved Food Grade E-number & allergen declaration statement; Standard dosage recommendations for industrial applications; Packaging sizes (HDPE, paper sacks, net weight) & shelf-life under controlled temperature"
225,Cocoa Powder JB800-25kg,Cocoa Powders & Fats,Urgent (No TDS in Family),Bakery & Snacks - Confectionery & Chocolate,Zero TDS available for this material or product family in current records.,"Official Manufacturer Technical Data Sheet (TDS) & Certificate of Analysis (CoA); Active chemical assay / purity % / active content specification; Approved Food Grade E-number & allergen declaration statement; Standard dosage recommendations for industrial applications; Packaging sizes (HDPE, paper sacks, net weight) & shelf-life under controlled temperature"
226,Cocoa Powder S9-25kg,Cocoa Powders & Fats,Urgent (No TDS in Family),Bakery & Snacks - Confectionery & Chocolate,Zero TDS available for this material or product family in current records.,"Official Manufacturer Technical Data Sheet (TDS) & Certificate of Analysis (CoA); Active chemical assay / purity % / active content specification; Approved Food Grade E-number & allergen declaration statement; Standard dosage recommendations for industrial applications; Packaging sizes (HDPE, paper sacks, net weight) & shelf-life under controlled temperature"
227,Cocoa Powder SL60-25kg,Cocoa Powders & Fats,Urgent (No TDS in Family),Bakery & Snacks - Confectionery & Chocolate,Zero TDS available for this material or product family in current records.,"Official Manufacturer Technical Data Sheet (TDS) & Certificate of Analysis (CoA); Active chemical assay / purity % / active content specification; Approved Food Grade E-number & allergen declaration statement; Standard dosage recommendations for industrial applications; Packaging sizes (HDPE, paper sacks, net weight) & shelf-life under controlled temperature"
228,Cocoa Powder SP70-25kg,Cocoa Powders & Fats,Urgent (No TDS in Family),Bakery & Snacks - Confectionery & Chocolate,Zero TDS available for this material or product family in current records.,"Official Manufacturer Technical Data Sheet (TDS) & Certificate of Analysis (CoA); Active chemical assay / purity % / active content specification; Approved Food Grade E-number & allergen declaration statement; Standard dosage recommendations for industrial applications; Packaging sizes (HDPE, paper sacks, net weight) & shelf-life under controlled temperature"
229,Cocoa Powder V98-25kg,Cocoa Powders & Fats,Urgent (No TDS in Family),Bakery & Snacks - Confectionery & Chocolate,Zero TDS available for this material or product family in current records.,"Official Manufacturer Technical Data Sheet (TDS) & Certificate of Analysis (CoA); Active chemical assay / purity % / active content specification; Approved Food Grade E-number & allergen declaration statement; Standard dosage recommendations for industrial applications; Packaging sizes (HDPE, paper sacks, net weight) & shelf-life under controlled temperature"
230,Curcumin WS 10 %,Curcumin Natural Color,Urgent (No TDS in Family),Beverages & Food Coloring - Natural Colorants,Zero TDS available for this material or product family in current records.,"Official Manufacturer Technical Data Sheet (TDS) & Certificate of Analysis (CoA); Active chemical assay / purity % / active content specification; Approved Food Grade E-number & allergen declaration statement; Standard dosage recommendations for industrial applications; Packaging sizes (HDPE, paper sacks, net weight) & shelf-life under controlled temperature"
231,Curcumin WS 15 %,Curcumin Natural Color,Urgent (No TDS in Family),Beverages & Food Coloring - Natural Colorants,Zero TDS available for this material or product family in current records.,"Official Manufacturer Technical Data Sheet (TDS) & Certificate of Analysis (CoA); Active chemical assay / purity % / active content specification; Approved Food Grade E-number & allergen declaration statement; Standard dosage recommendations for industrial applications; Packaging sizes (HDPE, paper sacks, net weight) & shelf-life under controlled temperature"
232,Curcumin WS 5 %,Curcumin Natural Color,Urgent (No TDS in Family),Beverages & Food Coloring - Natural Colorants,Zero TDS available for this material or product family in current records.,"Official Manufacturer Technical Data Sheet (TDS) & Certificate of Analysis (CoA); Active chemical assay / purity % / active content specification; Approved Food Grade E-number & allergen declaration statement; Standard dosage recommendations for industrial applications; Packaging sizes (HDPE, paper sacks, net weight) & shelf-life under controlled temperature"
233,Dairy anti foam,Dairy anti foam,Urgent (No TDS in Family),Savory - Seasoning,Zero TDS available for this material or product family in current records.,"Official Manufacturer Technical Data Sheet (TDS) & Certificate of Analysis (CoA); Active chemical assay / purity % / active content specification; Approved Food Grade E-number & allergen declaration statement; Standard dosage recommendations for industrial applications; Packaging sizes (HDPE, paper sacks, net weight) & shelf-life under controlled temperature"
234,Dextrose Anhydrous-25kg,Dextrose,Urgent (No TDS in Family),Food Processing - Functional Bulking & Carrier,Zero TDS available for this material or product family in current records.,"Official Manufacturer Technical Data Sheet (TDS) & Certificate of Analysis (CoA); Active chemical assay / purity % / active content specification; Approved Food Grade E-number & allergen declaration statement; Standard dosage recommendations for industrial applications; Packaging sizes (HDPE, paper sacks, net weight) & shelf-life under controlled temperature"
235,Dextrose Monohydrate-25kg,Dextrose,Urgent (No TDS in Family),Bakery & Snacks - Margarines & Cake Emulsification,Zero TDS available for this material or product family in current records.,"Official Manufacturer Technical Data Sheet (TDS) & Certificate of Analysis (CoA); Active chemical assay / purity % / active content specification; Approved Food Grade E-number & allergen declaration statement; Standard dosage recommendations for industrial applications; Packaging sizes (HDPE, paper sacks, net weight) & shelf-life under controlled temperature"
236,Fish Collagen,Fish Collagen,Urgent (No TDS in Family),Savory & Nutrition - Protein Fortification & Emulsification,Zero TDS available for this material or product family in current records.,"Official Manufacturer Technical Data Sheet (TDS) & Certificate of Analysis (CoA); Active chemical assay / purity % / active content specification; Approved Food Grade E-number & allergen declaration statement; Standard dosage recommendations for industrial applications; Packaging sizes (HDPE, paper sacks, net weight) & shelf-life under controlled temperature"
237,Frankfurte casing 24/84,Cellulose Casings,High (Commercial Variant),Savory - Processed Meat & Sausage Casings,Sibling (Cellulose casing - 23E*84) has TDS; individual grade TDS needed for exact potency & CoA validation.,"Specific formulation dosage rate (% or g/100kg) for target food matrices; Active principle concentration assay (e.g. Volatile Oil %, Capsaicin / Piperine / Color Value ASTA); Exact physical form, appearance & carrier composition; Validated shelf-life & specific warehouse storage limits"
238,Garlic Oleoresin 1002,Garlic Oleoresin,High (Commercial Variant),"Savory & Snacks - Seasonings, Meat & Snack Flavors",Sibling (Garlic Oleoresin 1001) has TDS; individual grade TDS needed for exact potency & CoA validation.,"Specific formulation dosage rate (% or g/100kg) for target food matrices; Active principle concentration assay (e.g. Volatile Oil %, Capsaicin / Piperine / Color Value ASTA); Exact physical form, appearance & carrier composition; Validated shelf-life & specific warehouse storage limits"
239,Garlic Oleoresin 1003,Garlic Oleoresin,High (Commercial Variant),"Savory & Snacks - Seasonings, Meat & Snack Flavors",Sibling (Garlic Oleoresin 1001) has TDS; individual grade TDS needed for exact potency & CoA validation.,"Specific formulation dosage rate (% or g/100kg) for target food matrices; Active principle concentration assay (e.g. Volatile Oil %, Capsaicin / Piperine / Color Value ASTA); Exact physical form, appearance & carrier composition; Validated shelf-life & specific warehouse storage limits"
240,Garlic Oleoresin 1004,Garlic Oleoresin,High (Commercial Variant),"Savory & Snacks - Seasonings, Meat & Snack Flavors",Sibling (Garlic Oleoresin 1001) has TDS; individual grade TDS needed for exact potency & CoA validation.,"Specific formulation dosage rate (% or g/100kg) for target food matrices; Active principle concentration assay (e.g. Volatile Oil %, Capsaicin / Piperine / Color Value ASTA); Exact physical form, appearance & carrier composition; Validated shelf-life & specific warehouse storage limits"
241,Garlic Oleoresin 1005,Garlic Oleoresin,High (Commercial Variant),"Savory & Snacks - Seasonings, Meat & Snack Flavors",Sibling (Garlic Oleoresin 1001) has TDS; individual grade TDS needed for exact potency & CoA validation.,"Specific formulation dosage rate (% or g/100kg) for target food matrices; Active principle concentration assay (e.g. Volatile Oil %, Capsaicin / Piperine / Color Value ASTA); Exact physical form, appearance & carrier composition; Validated shelf-life & specific warehouse storage limits"
242,Garlic Oleoresin 50/50,Garlic Oleoresin,High (Commercial Variant),"Savory & Snacks - Seasonings, Meat & Snack Flavors",Sibling (Garlic Oleoresin 1001) has TDS; individual grade TDS needed for exact potency & CoA validation.,"Specific formulation dosage rate (% or g/100kg) for target food matrices; Active principle concentration assay (e.g. Volatile Oil %, Capsaicin / Piperine / Color Value ASTA); Exact physical form, appearance & carrier composition; Validated shelf-life & specific warehouse storage limits"
243,Garlic Oleoresin 60/40,Garlic Oleoresin,High (Commercial Variant),"Savory & Snacks - Seasonings, Meat & Snack Flavors",Sibling (Garlic Oleoresin 1001) has TDS; individual grade TDS needed for exact potency & CoA validation.,"Specific formulation dosage rate (% or g/100kg) for target food matrices; Active principle concentration assay (e.g. Volatile Oil %, Capsaicin / Piperine / Color Value ASTA); Exact physical form, appearance & carrier composition; Validated shelf-life & specific warehouse storage limits"
244,Guar gum - 5000 CPS,Guar Gum,Urgent (No TDS in Family),Dairy & Bakery - Water Binding & Texture,Zero TDS available for this material or product family in current records.,"Official Manufacturer Technical Data Sheet (TDS) & Certificate of Analysis (CoA); Active chemical assay / purity % / active content specification; Approved Food Grade E-number & allergen declaration statement; Standard dosage recommendations for industrial applications; Packaging sizes (HDPE, paper sacks, net weight) & shelf-life under controlled temperature"
245,Guar gum - 6000 CPS,Guar Gum,Urgent (No TDS in Family),Dairy & Bakery - Water Binding & Texture,Zero TDS available for this material or product family in current records.,"Official Manufacturer Technical Data Sheet (TDS) & Certificate of Analysis (CoA); Active chemical assay / purity % / active content specification; Approved Food Grade E-number & allergen declaration statement; Standard dosage recommendations for industrial applications; Packaging sizes (HDPE, paper sacks, net weight) & shelf-life under controlled temperature"
246,HAZELNUT PASTE,HAZELNUT PASTE,Urgent (No TDS in Family),Savory - Seasoning,Zero TDS available for this material or product family in current records.,"Official Manufacturer Technical Data Sheet (TDS) & Certificate of Analysis (CoA); Active chemical assay / purity % / active content specification; Approved Food Grade E-number & allergen declaration statement; Standard dosage recommendations for industrial applications; Packaging sizes (HDPE, paper sacks, net weight) & shelf-life under controlled temperature"
247,HAZELNUT PASTE TYPE C,HAZELNUT PASTE TYPE C,Urgent (No TDS in Family),Savory - Seasoning,Zero TDS available for this material or product family in current records.,"Official Manufacturer Technical Data Sheet (TDS) & Certificate of Analysis (CoA); Active chemical assay / purity % / active content specification; Approved Food Grade E-number & allergen declaration statement; Standard dosage recommendations for industrial applications; Packaging sizes (HDPE, paper sacks, net weight) & shelf-life under controlled temperature"
248,Lactose-Imported-25kg,Lactose-Imported-25kg,Urgent (No TDS in Family),Food Processing - Functional Bulking & Carrier,Zero TDS available for this material or product family in current records.,"Official Manufacturer Technical Data Sheet (TDS) & Certificate of Analysis (CoA); Active chemical assay / purity % / active content specification; Approved Food Grade E-number & allergen declaration statement; Standard dosage recommendations for industrial applications; Packaging sizes (HDPE, paper sacks, net weight) & shelf-life under controlled temperature"
249,Laurel Oleoresin 1001,Laurel Oleoresin,Urgent (No TDS in Family),"Savory & Snacks - Seasonings, Meat & Snack Flavors",Zero TDS available for this material or product family in current records.,"Official Manufacturer Technical Data Sheet (TDS) & Certificate of Analysis (CoA); Active chemical assay / purity % / active content specification; Approved Food Grade E-number & allergen declaration statement; Standard dosage recommendations for industrial applications; Packaging sizes (HDPE, paper sacks, net weight) & shelf-life under controlled temperature"
250,Lemon cloud,Lemon cloud,Urgent (No TDS in Family),Savory - Seasoning,Zero TDS available for this material or product family in current records.,"Official Manufacturer Technical Data Sheet (TDS) & Certificate of Analysis (CoA); Active chemical assay / purity % / active content specification; Approved Food Grade E-number & allergen declaration statement; Standard dosage recommendations for industrial applications; Packaging sizes (HDPE, paper sacks, net weight) & shelf-life under controlled temperature"
251,Liquid Smoke,Liquid Smoke,Urgent (No TDS in Family),Savory - Seasoning,Zero TDS available for this material or product family in current records.,"Official Manufacturer Technical Data Sheet (TDS) & Certificate of Analysis (CoA); Active chemical assay / purity % / active content specification; Approved Food Grade E-number & allergen declaration statement; Standard dosage recommendations for industrial applications; Packaging sizes (HDPE, paper sacks, net weight) & shelf-life under controlled temperature"
252,Locust Bean Gum,Locust Bean Gum,Urgent (No TDS in Family),Sauces & Dressings,Zero TDS available for this material or product family in current records.,"Official Manufacturer Technical Data Sheet (TDS) & Certificate of Analysis (CoA); Active chemical assay / purity % / active content specification; Approved Food Grade E-number & allergen declaration statement; Standard dosage recommendations for industrial applications; Packaging sizes (HDPE, paper sacks, net weight) & shelf-life under controlled temperature"
253,L-Tartaric Acid China-25kg,L-Tartaric Acid China-25kg,Urgent (No TDS in Family),Food Processing - Acidity Regulator & Buffer,Zero TDS available for this material or product family in current records.,"Official Manufacturer Technical Data Sheet (TDS) & Certificate of Analysis (CoA); Active chemical assay / purity % / active content specification; Approved Food Grade E-number & allergen declaration statement; Standard dosage recommendations for industrial applications; Packaging sizes (HDPE, paper sacks, net weight) & shelf-life under controlled temperature"
254,Lutein WS 10%,Lutein Natural Color,Urgent (No TDS in Family),Beverages & Food Coloring - Natural Colorants,Zero TDS available for this material or product family in current records.,"Official Manufacturer Technical Data Sheet (TDS) & Certificate of Analysis (CoA); Active chemical assay / purity % / active content specification; Approved Food Grade E-number & allergen declaration statement; Standard dosage recommendations for industrial applications; Packaging sizes (HDPE, paper sacks, net weight) & shelf-life under controlled temperature"
255,Lutein WS 5%,Lutein Natural Color,Urgent (No TDS in Family),Beverages & Food Coloring - Natural Colorants,Zero TDS available for this material or product family in current records.,"Official Manufacturer Technical Data Sheet (TDS) & Certificate of Analysis (CoA); Active chemical assay / purity % / active content specification; Approved Food Grade E-number & allergen declaration statement; Standard dosage recommendations for industrial applications; Packaging sizes (HDPE, paper sacks, net weight) & shelf-life under controlled temperature"
256,Maltodextrine-Local-25kg,Maltodextrine-Local-25kg,Urgent (No TDS in Family),Food Processing - Functional Bulking & Carrier,Zero TDS available for this material or product family in current records.,"Official Manufacturer Technical Data Sheet (TDS) & Certificate of Analysis (CoA); Active chemical assay / purity % / active content specification; Approved Food Grade E-number & allergen declaration statement; Standard dosage recommendations for industrial applications; Packaging sizes (HDPE, paper sacks, net weight) & shelf-life under controlled temperature"
257,Marjoram Oleoresin 1001,Marjoram Oleoresin,Urgent (No TDS in Family),"Savory & Snacks - Seasonings, Meat & Snack Flavors",Zero TDS available for this material or product family in current records.,"Official Manufacturer Technical Data Sheet (TDS) & Certificate of Analysis (CoA); Active chemical assay / purity % / active content specification; Approved Food Grade E-number & allergen declaration statement; Standard dosage recommendations for industrial applications; Packaging sizes (HDPE, paper sacks, net weight) & shelf-life under controlled temperature"
258,MEAT FLAVOR S0843603,MEAT FLAVOR S0843603,Urgent (No TDS in Family),Savory - Seasoning,Zero TDS available for this material or product family in current records.,"Official Manufacturer Technical Data Sheet (TDS) & Certificate of Analysis (CoA); Active chemical assay / purity % / active content specification; Approved Food Grade E-number & allergen declaration statement; Standard dosage recommendations for industrial applications; Packaging sizes (HDPE, paper sacks, net weight) & shelf-life under controlled temperature"
259,Meat Protein,Meat Protein,Urgent (No TDS in Family),Savory & Nutrition - Protein Fortification & Emulsification,Zero TDS available for this material or product family in current records.,"Official Manufacturer Technical Data Sheet (TDS) & Certificate of Analysis (CoA); Active chemical assay / purity % / active content specification; Approved Food Grade E-number & allergen declaration statement; Standard dosage recommendations for industrial applications; Packaging sizes (HDPE, paper sacks, net weight) & shelf-life under controlled temperature"
260,Non Dairy Creamer,Non Dairy Creamer,Urgent (No TDS in Family),Savory - Seasoning,Zero TDS available for this material or product family in current records.,"Official Manufacturer Technical Data Sheet (TDS) & Certificate of Analysis (CoA); Active chemical assay / purity % / active content specification; Approved Food Grade E-number & allergen declaration statement; Standard dosage recommendations for industrial applications; Packaging sizes (HDPE, paper sacks, net weight) & shelf-life under controlled temperature"
261,Onion Oleoresin 1002,Onion Oleoresin,High (Commercial Variant),"Savory & Snacks - Seasonings, Meat & Snack Flavors",Sibling (Onion Oleoresin 1001) has TDS; individual grade TDS needed for exact potency & CoA validation.,"Specific formulation dosage rate (% or g/100kg) for target food matrices; Active principle concentration assay (e.g. Volatile Oil %, Capsaicin / Piperine / Color Value ASTA); Exact physical form, appearance & carrier composition; Validated shelf-life & specific warehouse storage limits"
262,Onion Oleoresin 1003,Onion Oleoresin,High (Commercial Variant),"Savory & Snacks - Seasonings, Meat & Snack Flavors",Sibling (Onion Oleoresin 1001) has TDS; individual grade TDS needed for exact potency & CoA validation.,"Specific formulation dosage rate (% or g/100kg) for target food matrices; Active principle concentration assay (e.g. Volatile Oil %, Capsaicin / Piperine / Color Value ASTA); Exact physical form, appearance & carrier composition; Validated shelf-life & specific warehouse storage limits"
263,Onion Oleoresin 1004,Onion Oleoresin,High (Commercial Variant),"Savory & Snacks - Seasonings, Meat & Snack Flavors",Sibling (Onion Oleoresin 1001) has TDS; individual grade TDS needed for exact potency & CoA validation.,"Specific formulation dosage rate (% or g/100kg) for target food matrices; Active principle concentration assay (e.g. Volatile Oil %, Capsaicin / Piperine / Color Value ASTA); Exact physical form, appearance & carrier composition; Validated shelf-life & specific warehouse storage limits"
264,Onion Oleoresin 50/50,Onion Oleoresin,High (Commercial Variant),"Savory & Snacks - Seasonings, Meat & Snack Flavors",Sibling (Onion Oleoresin 1001) has TDS; individual grade TDS needed for exact potency & CoA validation.,"Specific formulation dosage rate (% or g/100kg) for target food matrices; Active principle concentration assay (e.g. Volatile Oil %, Capsaicin / Piperine / Color Value ASTA); Exact physical form, appearance & carrier composition; Validated shelf-life & specific warehouse storage limits"
265,Onion Oleoresin 60/40,Onion Oleoresin,High (Commercial Variant),"Savory & Snacks - Seasonings, Meat & Snack Flavors",Sibling (Onion Oleoresin 1001) has TDS; individual grade TDS needed for exact potency & CoA validation.,"Specific formulation dosage rate (% or g/100kg) for target food matrices; Active principle concentration assay (e.g. Volatile Oil %, Capsaicin / Piperine / Color Value ASTA); Exact physical form, appearance & carrier composition; Validated shelf-life & specific warehouse storage limits"
266,Onion Oleoresin 70/30,Onion Oleoresin,High (Commercial Variant),"Savory & Snacks - Seasonings, Meat & Snack Flavors",Sibling (Onion Oleoresin 1001) has TDS; individual grade TDS needed for exact potency & CoA validation.,"Specific formulation dosage rate (% or g/100kg) for target food matrices; Active principle concentration assay (e.g. Volatile Oil %, Capsaicin / Piperine / Color Value ASTA); Exact physical form, appearance & carrier composition; Validated shelf-life & specific warehouse storage limits"
267,Onion Oleoresin 80/20,Onion Oleoresin,High (Commercial Variant),"Savory & Snacks - Seasonings, Meat & Snack Flavors",Sibling (Onion Oleoresin 1001) has TDS; individual grade TDS needed for exact potency & CoA validation.,"Specific formulation dosage rate (% or g/100kg) for target food matrices; Active principle concentration assay (e.g. Volatile Oil %, Capsaicin / Piperine / Color Value ASTA); Exact physical form, appearance & carrier composition; Validated shelf-life & specific warehouse storage limits"
268,Onion Oleoresin 90/10,Onion Oleoresin,High (Commercial Variant),"Savory & Snacks - Seasonings, Meat & Snack Flavors",Sibling (Onion Oleoresin 1001) has TDS; individual grade TDS needed for exact potency & CoA validation.,"Specific formulation dosage rate (% or g/100kg) for target food matrices; Active principle concentration assay (e.g. Volatile Oil %, Capsaicin / Piperine / Color Value ASTA); Exact physical form, appearance & carrier composition; Validated shelf-life & specific warehouse storage limits"
269,Paprika Oleoresin 1000,Paprika Oleoresin,High (Commercial Variant),"Savory & Snacks - Seasonings, Meat & Snack Flavors","Sibling (Paprika Oleoresin 20,000 CU) has TDS; individual grade TDS needed for exact potency & CoA validation.","Specific formulation dosage rate (% or g/100kg) for target food matrices; Active principle concentration assay (e.g. Volatile Oil %, Capsaicin / Piperine / Color Value ASTA); Exact physical form, appearance & carrier composition; Validated shelf-life & specific warehouse storage limits"
270,Paprika Oleoresin 1001,Paprika Oleoresin,High (Commercial Variant),"Savory & Snacks - Seasonings, Meat & Snack Flavors","Sibling (Paprika Oleoresin 20,000 CU) has TDS; individual grade TDS needed for exact potency & CoA validation.","Specific formulation dosage rate (% or g/100kg) for target food matrices; Active principle concentration assay (e.g. Volatile Oil %, Capsaicin / Piperine / Color Value ASTA); Exact physical form, appearance & carrier composition; Validated shelf-life & specific warehouse storage limits"
271,Paprika Oleoresin 1002,Paprika Oleoresin,High (Commercial Variant),"Savory & Snacks - Seasonings, Meat & Snack Flavors","Sibling (Paprika Oleoresin 20,000 CU) has TDS; individual grade TDS needed for exact potency & CoA validation.","Specific formulation dosage rate (% or g/100kg) for target food matrices; Active principle concentration assay (e.g. Volatile Oil %, Capsaicin / Piperine / Color Value ASTA); Exact physical form, appearance & carrier composition; Validated shelf-life & specific warehouse storage limits"
272,Paprika Oleoresin 1003,Paprika Oleoresin,High (Commercial Variant),"Savory & Snacks - Seasonings, Meat & Snack Flavors","Sibling (Paprika Oleoresin 20,000 CU) has TDS; individual grade TDS needed for exact potency & CoA validation.","Specific formulation dosage rate (% or g/100kg) for target food matrices; Active principle concentration assay (e.g. Volatile Oil %, Capsaicin / Piperine / Color Value ASTA); Exact physical form, appearance & carrier composition; Validated shelf-life & specific warehouse storage limits"
273,Paprika Oleoresin 1004,Paprika Oleoresin,High (Commercial Variant),"Savory & Snacks - Seasonings, Meat & Snack Flavors","Sibling (Paprika Oleoresin 20,000 CU) has TDS; individual grade TDS needed for exact potency & CoA validation.","Specific formulation dosage rate (% or g/100kg) for target food matrices; Active principle concentration assay (e.g. Volatile Oil %, Capsaicin / Piperine / Color Value ASTA); Exact physical form, appearance & carrier composition; Validated shelf-life & specific warehouse storage limits"
274,Paprika Oleoresin 1005,Paprika Oleoresin,High (Commercial Variant),"Savory & Snacks - Seasonings, Meat & Snack Flavors","Sibling (Paprika Oleoresin 20,000 CU) has TDS; individual grade TDS needed for exact potency & CoA validation.","Specific formulation dosage rate (% or g/100kg) for target food matrices; Active principle concentration assay (e.g. Volatile Oil %, Capsaicin / Piperine / Color Value ASTA); Exact physical form, appearance & carrier composition; Validated shelf-life & specific warehouse storage limits"
275,Paprika Oleoresin 1006,Paprika Oleoresin,High (Commercial Variant),"Savory & Snacks - Seasonings, Meat & Snack Flavors","Sibling (Paprika Oleoresin 20,000 CU) has TDS; individual grade TDS needed for exact potency & CoA validation.","Specific formulation dosage rate (% or g/100kg) for target food matrices; Active principle concentration assay (e.g. Volatile Oil %, Capsaicin / Piperine / Color Value ASTA); Exact physical form, appearance & carrier composition; Validated shelf-life & specific warehouse storage limits"
276,Paprika Oleoresin 1007,Paprika Oleoresin,High (Commercial Variant),"Savory & Snacks - Seasonings, Meat & Snack Flavors","Sibling (Paprika Oleoresin 20,000 CU) has TDS; individual grade TDS needed for exact potency & CoA validation.","Specific formulation dosage rate (% or g/100kg) for target food matrices; Active principle concentration assay (e.g. Volatile Oil %, Capsaicin / Piperine / Color Value ASTA); Exact physical form, appearance & carrier composition; Validated shelf-life & specific warehouse storage limits"
277,Paprika Oleoresin 1008,Paprika Oleoresin,High (Commercial Variant),"Savory & Snacks - Seasonings, Meat & Snack Flavors","Sibling (Paprika Oleoresin 20,000 CU) has TDS; individual grade TDS needed for exact potency & CoA validation.","Specific formulation dosage rate (% or g/100kg) for target food matrices; Active principle concentration assay (e.g. Volatile Oil %, Capsaicin / Piperine / Color Value ASTA); Exact physical form, appearance & carrier composition; Validated shelf-life & specific warehouse storage limits"
278,Paprika Oleoresin 1009,Paprika Oleoresin,High (Commercial Variant),"Savory & Snacks - Seasonings, Meat & Snack Flavors","Sibling (Paprika Oleoresin 20,000 CU) has TDS; individual grade TDS needed for exact potency & CoA validation.","Specific formulation dosage rate (% or g/100kg) for target food matrices; Active principle concentration assay (e.g. Volatile Oil %, Capsaicin / Piperine / Color Value ASTA); Exact physical form, appearance & carrier composition; Validated shelf-life & specific warehouse storage limits"
279,Paprika Oleoresin 1010,Paprika Oleoresin,High (Commercial Variant),"Savory & Snacks - Seasonings, Meat & Snack Flavors","Sibling (Paprika Oleoresin 20,000 CU) has TDS; individual grade TDS needed for exact potency & CoA validation.","Specific formulation dosage rate (% or g/100kg) for target food matrices; Active principle concentration assay (e.g. Volatile Oil %, Capsaicin / Piperine / Color Value ASTA); Exact physical form, appearance & carrier composition; Validated shelf-life & specific warehouse storage limits"
280,Paprika Oleoresin 1011,Paprika Oleoresin,High (Commercial Variant),"Savory & Snacks - Seasonings, Meat & Snack Flavors","Sibling (Paprika Oleoresin 20,000 CU) has TDS; individual grade TDS needed for exact potency & CoA validation.","Specific formulation dosage rate (% or g/100kg) for target food matrices; Active principle concentration assay (e.g. Volatile Oil %, Capsaicin / Piperine / Color Value ASTA); Exact physical form, appearance & carrier composition; Validated shelf-life & specific warehouse storage limits"
281,Paprika Oleoresin 1012,Paprika Oleoresin,High (Commercial Variant),"Savory & Snacks - Seasonings, Meat & Snack Flavors","Sibling (Paprika Oleoresin 20,000 CU) has TDS; individual grade TDS needed for exact potency & CoA validation.","Specific formulation dosage rate (% or g/100kg) for target food matrices; Active principle concentration assay (e.g. Volatile Oil %, Capsaicin / Piperine / Color Value ASTA); Exact physical form, appearance & carrier composition; Validated shelf-life & specific warehouse storage limits"
282,Paprika Oleoresin 1013,Paprika Oleoresin,High (Commercial Variant),"Savory & Snacks - Seasonings, Meat & Snack Flavors","Sibling (Paprika Oleoresin 20,000 CU) has TDS; individual grade TDS needed for exact potency & CoA validation.","Specific formulation dosage rate (% or g/100kg) for target food matrices; Active principle concentration assay (e.g. Volatile Oil %, Capsaicin / Piperine / Color Value ASTA); Exact physical form, appearance & carrier composition; Validated shelf-life & specific warehouse storage limits"
283,Paprika Oleoresin 1014,Paprika Oleoresin,High (Commercial Variant),"Savory & Snacks - Seasonings, Meat & Snack Flavors","Sibling (Paprika Oleoresin 20,000 CU) has TDS; individual grade TDS needed for exact potency & CoA validation.","Specific formulation dosage rate (% or g/100kg) for target food matrices; Active principle concentration assay (e.g. Volatile Oil %, Capsaicin / Piperine / Color Value ASTA); Exact physical form, appearance & carrier composition; Validated shelf-life & specific warehouse storage limits"
284,Paprika Oleoresin 1015,Paprika Oleoresin,High (Commercial Variant),"Savory & Snacks - Seasonings, Meat & Snack Flavors","Sibling (Paprika Oleoresin 20,000 CU) has TDS; individual grade TDS needed for exact potency & CoA validation.","Specific formulation dosage rate (% or g/100kg) for target food matrices; Active principle concentration assay (e.g. Volatile Oil %, Capsaicin / Piperine / Color Value ASTA); Exact physical form, appearance & carrier composition; Validated shelf-life & specific warehouse storage limits"
285,Paprika Oleoresin 1016,Paprika Oleoresin,High (Commercial Variant),"Savory & Snacks - Seasonings, Meat & Snack Flavors","Sibling (Paprika Oleoresin 20,000 CU) has TDS; individual grade TDS needed for exact potency & CoA validation.","Specific formulation dosage rate (% or g/100kg) for target food matrices; Active principle concentration assay (e.g. Volatile Oil %, Capsaicin / Piperine / Color Value ASTA); Exact physical form, appearance & carrier composition; Validated shelf-life & specific warehouse storage limits"
286,Paprika Oleoresin 1017,Paprika Oleoresin,High (Commercial Variant),"Savory & Snacks - Seasonings, Meat & Snack Flavors","Sibling (Paprika Oleoresin 20,000 CU) has TDS; individual grade TDS needed for exact potency & CoA validation.","Specific formulation dosage rate (% or g/100kg) for target food matrices; Active principle concentration assay (e.g. Volatile Oil %, Capsaicin / Piperine / Color Value ASTA); Exact physical form, appearance & carrier composition; Validated shelf-life & specific warehouse storage limits"
287,Paprika Oleoresin 1018,Paprika Oleoresin,High (Commercial Variant),"Savory & Snacks - Seasonings, Meat & Snack Flavors","Sibling (Paprika Oleoresin 20,000 CU) has TDS; individual grade TDS needed for exact potency & CoA validation.","Specific formulation dosage rate (% or g/100kg) for target food matrices; Active principle concentration assay (e.g. Volatile Oil %, Capsaicin / Piperine / Color Value ASTA); Exact physical form, appearance & carrier composition; Validated shelf-life & specific warehouse storage limits"
288,Paprika Oleoresin 1019,Paprika Oleoresin,High (Commercial Variant),"Savory & Snacks - Seasonings, Meat & Snack Flavors","Sibling (Paprika Oleoresin 20,000 CU) has TDS; individual grade TDS needed for exact potency & CoA validation.","Specific formulation dosage rate (% or g/100kg) for target food matrices; Active principle concentration assay (e.g. Volatile Oil %, Capsaicin / Piperine / Color Value ASTA); Exact physical form, appearance & carrier composition; Validated shelf-life & specific warehouse storage limits"
289,Paprika Oleoresin 1020,Paprika Oleoresin,High (Commercial Variant),"Savory & Snacks - Seasonings, Meat & Snack Flavors","Sibling (Paprika Oleoresin 20,000 CU) has TDS; individual grade TDS needed for exact potency & CoA validation.","Specific formulation dosage rate (% or g/100kg) for target food matrices; Active principle concentration assay (e.g. Volatile Oil %, Capsaicin / Piperine / Color Value ASTA); Exact physical form, appearance & carrier composition; Validated shelf-life & specific warehouse storage limits"
290,Paprika Oleoresin 1021,Paprika Oleoresin,High (Commercial Variant),"Savory & Snacks - Seasonings, Meat & Snack Flavors","Sibling (Paprika Oleoresin 20,000 CU) has TDS; individual grade TDS needed for exact potency & CoA validation.","Specific formulation dosage rate (% or g/100kg) for target food matrices; Active principle concentration assay (e.g. Volatile Oil %, Capsaicin / Piperine / Color Value ASTA); Exact physical form, appearance & carrier composition; Validated shelf-life & specific warehouse storage limits"
291,Paprika Oleoresin 1022,Paprika Oleoresin,High (Commercial Variant),"Savory & Snacks - Seasonings, Meat & Snack Flavors","Sibling (Paprika Oleoresin 20,000 CU) has TDS; individual grade TDS needed for exact potency & CoA validation.","Specific formulation dosage rate (% or g/100kg) for target food matrices; Active principle concentration assay (e.g. Volatile Oil %, Capsaicin / Piperine / Color Value ASTA); Exact physical form, appearance & carrier composition; Validated shelf-life & specific warehouse storage limits"
292,Paprika Oleoresin 1023,Paprika Oleoresin,High (Commercial Variant),"Savory & Snacks - Seasonings, Meat & Snack Flavors","Sibling (Paprika Oleoresin 20,000 CU) has TDS; individual grade TDS needed for exact potency & CoA validation.","Specific formulation dosage rate (% or g/100kg) for target food matrices; Active principle concentration assay (e.g. Volatile Oil %, Capsaicin / Piperine / Color Value ASTA); Exact physical form, appearance & carrier composition; Validated shelf-life & specific warehouse storage limits"
293,"Paprika Oleoresin 40,000 CU",Paprika Oleoresin,High (Commercial Variant),"Savory & Snacks - Seasonings, Meat & Snack Flavors","Sibling (Paprika Oleoresin 20,000 CU) has TDS; individual grade TDS needed for exact potency & CoA validation.","Specific formulation dosage rate (% or g/100kg) for target food matrices; Active principle concentration assay (e.g. Volatile Oil %, Capsaicin / Piperine / Color Value ASTA); Exact physical form, appearance & carrier composition; Validated shelf-life & specific warehouse storage limits"
294,"Paprika Oleoresin 40,000 CU OS",Paprika Oleoresin,High (Commercial Variant),"Savory & Snacks - Seasonings, Meat & Snack Flavors","Sibling (Paprika Oleoresin 20,000 CU) has TDS; individual grade TDS needed for exact potency & CoA validation.","Specific formulation dosage rate (% or g/100kg) for target food matrices; Active principle concentration assay (e.g. Volatile Oil %, Capsaicin / Piperine / Color Value ASTA); Exact physical form, appearance & carrier composition; Validated shelf-life & specific warehouse storage limits"
295,"Paprika Oleoresin 40,000 CU WS",Paprika Oleoresin,High (Commercial Variant),"Savory & Snacks - Seasonings, Meat & Snack Flavors","Sibling (Paprika Oleoresin 20,000 CU) has TDS; individual grade TDS needed for exact potency & CoA validation.","Specific formulation dosage rate (% or g/100kg) for target food matrices; Active principle concentration assay (e.g. Volatile Oil %, Capsaicin / Piperine / Color Value ASTA); Exact physical form, appearance & carrier composition; Validated shelf-life & specific warehouse storage limits"
296,"Paprika Oleoresin 60,000 CU",Paprika Oleoresin,High (Commercial Variant),"Savory & Snacks - Seasonings, Meat & Snack Flavors","Sibling (Paprika Oleoresin 20,000 CU) has TDS; individual grade TDS needed for exact potency & CoA validation.","Specific formulation dosage rate (% or g/100kg) for target food matrices; Active principle concentration assay (e.g. Volatile Oil %, Capsaicin / Piperine / Color Value ASTA); Exact physical form, appearance & carrier composition; Validated shelf-life & specific warehouse storage limits"
297,"Paprika Oleoresin 80,000 CU",Paprika Oleoresin,High (Commercial Variant),"Savory & Snacks - Seasonings, Meat & Snack Flavors","Sibling (Paprika Oleoresin 20,000 CU) has TDS; individual grade TDS needed for exact potency & CoA validation.","Specific formulation dosage rate (% or g/100kg) for target food matrices; Active principle concentration assay (e.g. Volatile Oil %, Capsaicin / Piperine / Color Value ASTA); Exact physical form, appearance & carrier composition; Validated shelf-life & specific warehouse storage limits"
298,Parsley Oleoresin 1001,Parsley Oleoresin,Urgent (No TDS in Family),"Savory & Snacks - Seasonings, Meat & Snack Flavors",Zero TDS available for this material or product family in current records.,"Official Manufacturer Technical Data Sheet (TDS) & Certificate of Analysis (CoA); Active chemical assay / purity % / active content specification; Approved Food Grade E-number & allergen declaration statement; Standard dosage recommendations for industrial applications; Packaging sizes (HDPE, paper sacks, net weight) & shelf-life under controlled temperature"
299,Parsley Oleoresin 1002,Parsley Oleoresin,Urgent (No TDS in Family),"Savory & Snacks - Seasonings, Meat & Snack Flavors",Zero TDS available for this material or product family in current records.,"Official Manufacturer Technical Data Sheet (TDS) & Certificate of Analysis (CoA); Active chemical assay / purity % / active content specification; Approved Food Grade E-number & allergen declaration statement; Standard dosage recommendations for industrial applications; Packaging sizes (HDPE, paper sacks, net weight) & shelf-life under controlled temperature"
300,Parsley Oleoresin 1003,Parsley Oleoresin,Urgent (No TDS in Family),"Savory & Snacks - Seasonings, Meat & Snack Flavors",Zero TDS available for this material or product family in current records.,"Official Manufacturer Technical Data Sheet (TDS) & Certificate of Analysis (CoA); Active chemical assay / purity % / active content specification; Approved Food Grade E-number & allergen declaration statement; Standard dosage recommendations for industrial applications; Packaging sizes (HDPE, paper sacks, net weight) & shelf-life under controlled temperature"
301,PDI Salt-Local-50kg,PDI Salt-Local-50kg,Urgent (No TDS in Family),Savory - Seasoning,Zero TDS available for this material or product family in current records.,"Official Manufacturer Technical Data Sheet (TDS) & Certificate of Analysis (CoA); Active chemical assay / purity % / active content specification; Approved Food Grade E-number & allergen declaration statement; Standard dosage recommendations for industrial applications; Packaging sizes (HDPE, paper sacks, net weight) & shelf-life under controlled temperature"
302,Pectin 105C,Pectin Functional Systems,Urgent (No TDS in Family),Bakery & Confectionery - Gelling Agent,Zero TDS available for this material or product family in current records.,"Official Manufacturer Technical Data Sheet (TDS) & Certificate of Analysis (CoA); Active chemical assay / purity % / active content specification; Approved Food Grade E-number & allergen declaration statement; Standard dosage recommendations for industrial applications; Packaging sizes (HDPE, paper sacks, net weight) & shelf-life under controlled temperature"
303,Pectin CE 514,Pectin Functional Systems,Urgent (No TDS in Family),Beverages & Confectionery - Gelled Candies & Jellies,Zero TDS available for this material or product family in current records.,"Official Manufacturer Technical Data Sheet (TDS) & Certificate of Analysis (CoA); Active chemical assay / purity % / active content specification; Approved Food Grade E-number & allergen declaration statement; Standard dosage recommendations for industrial applications; Packaging sizes (HDPE, paper sacks, net weight) & shelf-life under controlled temperature"
304,Pectin LM 101 AS,Pectin Functional Systems,Urgent (No TDS in Family),Bakery & Snacks - Low-Sugar Jams & Fruit Prep,Zero TDS available for this material or product family in current records.,"Official Manufacturer Technical Data Sheet (TDS) & Certificate of Analysis (CoA); Active chemical assay / purity % / active content specification; Approved Food Grade E-number & allergen declaration statement; Standard dosage recommendations for industrial applications; Packaging sizes (HDPE, paper sacks, net weight) & shelf-life under controlled temperature"
305,Pectin LM 102 AS,Pectin Functional Systems,Urgent (No TDS in Family),Bakery & Snacks - Low-Sugar Jams & Fruit Prep,Zero TDS available for this material or product family in current records.,"Official Manufacturer Technical Data Sheet (TDS) & Certificate of Analysis (CoA); Active chemical assay / purity % / active content specification; Approved Food Grade E-number & allergen declaration statement; Standard dosage recommendations for industrial applications; Packaging sizes (HDPE, paper sacks, net weight) & shelf-life under controlled temperature"
306,Pectin LM 104 AS,Pectin Functional Systems,Urgent (No TDS in Family),Bakery & Snacks - Bakery Jams & Fruit Spreads,Zero TDS available for this material or product family in current records.,"Official Manufacturer Technical Data Sheet (TDS) & Certificate of Analysis (CoA); Active chemical assay / purity % / active content specification; Approved Food Grade E-number & allergen declaration statement; Standard dosage recommendations for industrial applications; Packaging sizes (HDPE, paper sacks, net weight) & shelf-life under controlled temperature"
307,Pectin LM 104 AS - FS,Pectin Functional Systems,Urgent (No TDS in Family),Bakery & Snacks - Bakery Jams & Fruit Spreads,Zero TDS available for this material or product family in current records.,"Official Manufacturer Technical Data Sheet (TDS) & Certificate of Analysis (CoA); Active chemical assay / purity % / active content specification; Approved Food Grade E-number & allergen declaration statement; Standard dosage recommendations for industrial applications; Packaging sizes (HDPE, paper sacks, net weight) & shelf-life under controlled temperature"
308,Pectin LM 106 AS-YA,Pectin Functional Systems,Urgent (No TDS in Family),Bakery & Confectionery - Gelling Agent,Zero TDS available for this material or product family in current records.,"Official Manufacturer Technical Data Sheet (TDS) & Certificate of Analysis (CoA); Active chemical assay / purity % / active content specification; Approved Food Grade E-number & allergen declaration statement; Standard dosage recommendations for industrial applications; Packaging sizes (HDPE, paper sacks, net weight) & shelf-life under controlled temperature"
309,Pectin LM104 AS (100),Pectin Functional Systems,Urgent (No TDS in Family),Bakery & Snacks - Bakery Jams & Fruit Spreads,Zero TDS available for this material or product family in current records.,"Official Manufacturer Technical Data Sheet (TDS) & Certificate of Analysis (CoA); Active chemical assay / purity % / active content specification; Approved Food Grade E-number & allergen declaration statement; Standard dosage recommendations for industrial applications; Packaging sizes (HDPE, paper sacks, net weight) & shelf-life under controlled temperature"
310,Pectin Ultra,Pectin Functional Systems,Urgent (No TDS in Family),Beverages & Confectionery - Gelled Candies & Jellies,Zero TDS available for this material or product family in current records.,"Official Manufacturer Technical Data Sheet (TDS) & Certificate of Analysis (CoA); Active chemical assay / purity % / active content specification; Approved Food Grade E-number & allergen declaration statement; Standard dosage recommendations for industrial applications; Packaging sizes (HDPE, paper sacks, net weight) & shelf-life under controlled temperature"
311,Pepper Black Oleoresin 1002,Pepper Black Oleoresin,High (Commercial Variant),"Savory & Snacks - Seasonings, Meat & Snack Flavors",Sibling (Pepper Black Oleoresin 1001) has TDS; individual grade TDS needed for exact potency & CoA validation.,"Specific formulation dosage rate (% or g/100kg) for target food matrices; Active principle concentration assay (e.g. Volatile Oil %, Capsaicin / Piperine / Color Value ASTA); Exact physical form, appearance & carrier composition; Validated shelf-life & specific warehouse storage limits"
312,Pepper Black Oleoresin 1003,Pepper Black Oleoresin,High (Commercial Variant),"Savory & Snacks - Seasonings, Meat & Snack Flavors",Sibling (Pepper Black Oleoresin 1001) has TDS; individual grade TDS needed for exact potency & CoA validation.,"Specific formulation dosage rate (% or g/100kg) for target food matrices; Active principle concentration assay (e.g. Volatile Oil %, Capsaicin / Piperine / Color Value ASTA); Exact physical form, appearance & carrier composition; Validated shelf-life & specific warehouse storage limits"
313,Pepper Black Oleoresin 1004,Pepper Black Oleoresin,High (Commercial Variant),"Savory & Snacks - Seasonings, Meat & Snack Flavors",Sibling (Pepper Black Oleoresin 1001) has TDS; individual grade TDS needed for exact potency & CoA validation.,"Specific formulation dosage rate (% or g/100kg) for target food matrices; Active principle concentration assay (e.g. Volatile Oil %, Capsaicin / Piperine / Color Value ASTA); Exact physical form, appearance & carrier composition; Validated shelf-life & specific warehouse storage limits"
314,Pepper Black Oleoresin 1005,Pepper Black Oleoresin,High (Commercial Variant),"Savory & Snacks - Seasonings, Meat & Snack Flavors",Sibling (Pepper Black Oleoresin 1001) has TDS; individual grade TDS needed for exact potency & CoA validation.,"Specific formulation dosage rate (% or g/100kg) for target food matrices; Active principle concentration assay (e.g. Volatile Oil %, Capsaicin / Piperine / Color Value ASTA); Exact physical form, appearance & carrier composition; Validated shelf-life & specific warehouse storage limits"
315,Pepper Black Oleoresin 1006,Pepper Black Oleoresin,High (Commercial Variant),"Savory & Snacks - Seasonings, Meat & Snack Flavors",Sibling (Pepper Black Oleoresin 1001) has TDS; individual grade TDS needed for exact potency & CoA validation.,"Specific formulation dosage rate (% or g/100kg) for target food matrices; Active principle concentration assay (e.g. Volatile Oil %, Capsaicin / Piperine / Color Value ASTA); Exact physical form, appearance & carrier composition; Validated shelf-life & specific warehouse storage limits"
316,Pepper Black Oleoresin 1007,Pepper Black Oleoresin,High (Commercial Variant),"Savory & Snacks - Seasonings, Meat & Snack Flavors",Sibling (Pepper Black Oleoresin 1001) has TDS; individual grade TDS needed for exact potency & CoA validation.,"Specific formulation dosage rate (% or g/100kg) for target food matrices; Active principle concentration assay (e.g. Volatile Oil %, Capsaicin / Piperine / Color Value ASTA); Exact physical form, appearance & carrier composition; Validated shelf-life & specific warehouse storage limits"
317,Pepper Black Oleoresin 1008,Pepper Black Oleoresin,High (Commercial Variant),"Savory & Snacks - Seasonings, Meat & Snack Flavors",Sibling (Pepper Black Oleoresin 1001) has TDS; individual grade TDS needed for exact potency & CoA validation.,"Specific formulation dosage rate (% or g/100kg) for target food matrices; Active principle concentration assay (e.g. Volatile Oil %, Capsaicin / Piperine / Color Value ASTA); Exact physical form, appearance & carrier composition; Validated shelf-life & specific warehouse storage limits"
318,Pepper Black Oleoresin 1009,Pepper Black Oleoresin,High (Commercial Variant),"Savory & Snacks - Seasonings, Meat & Snack Flavors",Sibling (Pepper Black Oleoresin 1001) has TDS; individual grade TDS needed for exact potency & CoA validation.,"Specific formulation dosage rate (% or g/100kg) for target food matrices; Active principle concentration assay (e.g. Volatile Oil %, Capsaicin / Piperine / Color Value ASTA); Exact physical form, appearance & carrier composition; Validated shelf-life & specific warehouse storage limits"
319,Pepper Black Oleoresin 1010,Pepper Black Oleoresin,High (Commercial Variant),"Savory & Snacks - Seasonings, Meat & Snack Flavors",Sibling (Pepper Black Oleoresin 1001) has TDS; individual grade TDS needed for exact potency & CoA validation.,"Specific formulation dosage rate (% or g/100kg) for target food matrices; Active principle concentration assay (e.g. Volatile Oil %, Capsaicin / Piperine / Color Value ASTA); Exact physical form, appearance & carrier composition; Validated shelf-life & specific warehouse storage limits"
320,Pepper Black Oleoresin 1011,Pepper Black Oleoresin,High (Commercial Variant),"Savory & Snacks - Seasonings, Meat & Snack Flavors",Sibling (Pepper Black Oleoresin 1001) has TDS; individual grade TDS needed for exact potency & CoA validation.,"Specific formulation dosage rate (% or g/100kg) for target food matrices; Active principle concentration assay (e.g. Volatile Oil %, Capsaicin / Piperine / Color Value ASTA); Exact physical form, appearance & carrier composition; Validated shelf-life & specific warehouse storage limits"
321,Pepper Black Oleoresin 1012,Pepper Black Oleoresin,High (Commercial Variant),"Savory & Snacks - Seasonings, Meat & Snack Flavors",Sibling (Pepper Black Oleoresin 1001) has TDS; individual grade TDS needed for exact potency & CoA validation.,"Specific formulation dosage rate (% or g/100kg) for target food matrices; Active principle concentration assay (e.g. Volatile Oil %, Capsaicin / Piperine / Color Value ASTA); Exact physical form, appearance & carrier composition; Validated shelf-life & specific warehouse storage limits"
322,Pepper Black Oleoresin 1013,Pepper Black Oleoresin,High (Commercial Variant),"Savory & Snacks - Seasonings, Meat & Snack Flavors",Sibling (Pepper Black Oleoresin 1001) has TDS; individual grade TDS needed for exact potency & CoA validation.,"Specific formulation dosage rate (% or g/100kg) for target food matrices; Active principle concentration assay (e.g. Volatile Oil %, Capsaicin / Piperine / Color Value ASTA); Exact physical form, appearance & carrier composition; Validated shelf-life & specific warehouse storage limits"
323,Pepper Black Oleoresin 1014,Pepper Black Oleoresin,High (Commercial Variant),"Savory & Snacks - Seasonings, Meat & Snack Flavors",Sibling (Pepper Black Oleoresin 1001) has TDS; individual grade TDS needed for exact potency & CoA validation.,"Specific formulation dosage rate (% or g/100kg) for target food matrices; Active principle concentration assay (e.g. Volatile Oil %, Capsaicin / Piperine / Color Value ASTA); Exact physical form, appearance & carrier composition; Validated shelf-life & specific warehouse storage limits"
324,Pepper Black Oleoresin 1015,Pepper Black Oleoresin,High (Commercial Variant),"Savory & Snacks - Seasonings, Meat & Snack Flavors",Sibling (Pepper Black Oleoresin 1001) has TDS; individual grade TDS needed for exact potency & CoA validation.,"Specific formulation dosage rate (% or g/100kg) for target food matrices; Active principle concentration assay (e.g. Volatile Oil %, Capsaicin / Piperine / Color Value ASTA); Exact physical form, appearance & carrier composition; Validated shelf-life & specific warehouse storage limits"
325,Pepper Black Oleoresin 1016,Pepper Black Oleoresin,High (Commercial Variant),"Savory & Snacks - Seasonings, Meat & Snack Flavors",Sibling (Pepper Black Oleoresin 1001) has TDS; individual grade TDS needed for exact potency & CoA validation.,"Specific formulation dosage rate (% or g/100kg) for target food matrices; Active principle concentration assay (e.g. Volatile Oil %, Capsaicin / Piperine / Color Value ASTA); Exact physical form, appearance & carrier composition; Validated shelf-life & specific warehouse storage limits"
326,Pepper Black Oleoresin 1017,Pepper Black Oleoresin,High (Commercial Variant),"Savory & Snacks - Seasonings, Meat & Snack Flavors",Sibling (Pepper Black Oleoresin 1001) has TDS; individual grade TDS needed for exact potency & CoA validation.,"Specific formulation dosage rate (% or g/100kg) for target food matrices; Active principle concentration assay (e.g. Volatile Oil %, Capsaicin / Piperine / Color Value ASTA); Exact physical form, appearance & carrier composition; Validated shelf-life & specific warehouse storage limits"
327,Pepper Black Oleoresin 1018,Pepper Black Oleoresin,High (Commercial Variant),"Savory & Snacks - Seasonings, Meat & Snack Flavors",Sibling (Pepper Black Oleoresin 1001) has TDS; individual grade TDS needed for exact potency & CoA validation.,"Specific formulation dosage rate (% or g/100kg) for target food matrices; Active principle concentration assay (e.g. Volatile Oil %, Capsaicin / Piperine / Color Value ASTA); Exact physical form, appearance & carrier composition; Validated shelf-life & specific warehouse storage limits"
328,Pepper Black Oleoresin 1019,Pepper Black Oleoresin,High (Commercial Variant),"Savory & Snacks - Seasonings, Meat & Snack Flavors",Sibling (Pepper Black Oleoresin 1001) has TDS; individual grade TDS needed for exact potency & CoA validation.,"Specific formulation dosage rate (% or g/100kg) for target food matrices; Active principle concentration assay (e.g. Volatile Oil %, Capsaicin / Piperine / Color Value ASTA); Exact physical form, appearance & carrier composition; Validated shelf-life & specific warehouse storage limits"
329,Pepper Black Oleoresin 1020,Pepper Black Oleoresin,High (Commercial Variant),"Savory & Snacks - Seasonings, Meat & Snack Flavors",Sibling (Pepper Black Oleoresin 1001) has TDS; individual grade TDS needed for exact potency & CoA validation.,"Specific formulation dosage rate (% or g/100kg) for target food matrices; Active principle concentration assay (e.g. Volatile Oil %, Capsaicin / Piperine / Color Value ASTA); Exact physical form, appearance & carrier composition; Validated shelf-life & specific warehouse storage limits"
330,Pepper Black Oleoresin 1021,Pepper Black Oleoresin,High (Commercial Variant),"Savory & Snacks - Seasonings, Meat & Snack Flavors",Sibling (Pepper Black Oleoresin 1001) has TDS; individual grade TDS needed for exact potency & CoA validation.,"Specific formulation dosage rate (% or g/100kg) for target food matrices; Active principle concentration assay (e.g. Volatile Oil %, Capsaicin / Piperine / Color Value ASTA); Exact physical form, appearance & carrier composition; Validated shelf-life & specific warehouse storage limits"
331,Pepper Black Oleoresin 1022,Pepper Black Oleoresin,High (Commercial Variant),"Savory & Snacks - Seasonings, Meat & Snack Flavors",Sibling (Pepper Black Oleoresin 1001) has TDS; individual grade TDS needed for exact potency & CoA validation.,"Specific formulation dosage rate (% or g/100kg) for target food matrices; Active principle concentration assay (e.g. Volatile Oil %, Capsaicin / Piperine / Color Value ASTA); Exact physical form, appearance & carrier composition; Validated shelf-life & specific warehouse storage limits"
332,Pepper Black Oleoresin 1023,Pepper Black Oleoresin,High (Commercial Variant),"Savory & Snacks - Seasonings, Meat & Snack Flavors",Sibling (Pepper Black Oleoresin 1001) has TDS; individual grade TDS needed for exact potency & CoA validation.,"Specific formulation dosage rate (% or g/100kg) for target food matrices; Active principle concentration assay (e.g. Volatile Oil %, Capsaicin / Piperine / Color Value ASTA); Exact physical form, appearance & carrier composition; Validated shelf-life & specific warehouse storage limits"
333,Pepper Black Oleoresin 1024,Pepper Black Oleoresin,High (Commercial Variant),"Savory & Snacks - Seasonings, Meat & Snack Flavors",Sibling (Pepper Black Oleoresin 1001) has TDS; individual grade TDS needed for exact potency & CoA validation.,"Specific formulation dosage rate (% or g/100kg) for target food matrices; Active principle concentration assay (e.g. Volatile Oil %, Capsaicin / Piperine / Color Value ASTA); Exact physical form, appearance & carrier composition; Validated shelf-life & specific warehouse storage limits"
334,Pepper Black Oleoresin 1025,Pepper Black Oleoresin,High (Commercial Variant),"Savory & Snacks - Seasonings, Meat & Snack Flavors",Sibling (Pepper Black Oleoresin 1001) has TDS; individual grade TDS needed for exact potency & CoA validation.,"Specific formulation dosage rate (% or g/100kg) for target food matrices; Active principle concentration assay (e.g. Volatile Oil %, Capsaicin / Piperine / Color Value ASTA); Exact physical form, appearance & carrier composition; Validated shelf-life & specific warehouse storage limits"
335,Pepper Black Oleoresin 1026,Pepper Black Oleoresin,High (Commercial Variant),"Savory & Snacks - Seasonings, Meat & Snack Flavors",Sibling (Pepper Black Oleoresin 1001) has TDS; individual grade TDS needed for exact potency & CoA validation.,"Specific formulation dosage rate (% or g/100kg) for target food matrices; Active principle concentration assay (e.g. Volatile Oil %, Capsaicin / Piperine / Color Value ASTA); Exact physical form, appearance & carrier composition; Validated shelf-life & specific warehouse storage limits"
336,Pepper Black Oleoresin 1027,Pepper Black Oleoresin,High (Commercial Variant),"Savory & Snacks - Seasonings, Meat & Snack Flavors",Sibling (Pepper Black Oleoresin 1001) has TDS; individual grade TDS needed for exact potency & CoA validation.,"Specific formulation dosage rate (% or g/100kg) for target food matrices; Active principle concentration assay (e.g. Volatile Oil %, Capsaicin / Piperine / Color Value ASTA); Exact physical form, appearance & carrier composition; Validated shelf-life & specific warehouse storage limits"
337,Pepper Black Oleoresin 1028,Pepper Black Oleoresin,High (Commercial Variant),"Savory & Snacks - Seasonings, Meat & Snack Flavors",Sibling (Pepper Black Oleoresin 1001) has TDS; individual grade TDS needed for exact potency & CoA validation.,"Specific formulation dosage rate (% or g/100kg) for target food matrices; Active principle concentration assay (e.g. Volatile Oil %, Capsaicin / Piperine / Color Value ASTA); Exact physical form, appearance & carrier composition; Validated shelf-life & specific warehouse storage limits"
338,Pepper Black Oleoresin 1029,Pepper Black Oleoresin,High (Commercial Variant),"Savory & Snacks - Seasonings, Meat & Snack Flavors",Sibling (Pepper Black Oleoresin 1001) has TDS; individual grade TDS needed for exact potency & CoA validation.,"Specific formulation dosage rate (% or g/100kg) for target food matrices; Active principle concentration assay (e.g. Volatile Oil %, Capsaicin / Piperine / Color Value ASTA); Exact physical form, appearance & carrier composition; Validated shelf-life & specific warehouse storage limits"
339,Pepper Black Oleoresin 1030,Pepper Black Oleoresin,High (Commercial Variant),"Savory & Snacks - Seasonings, Meat & Snack Flavors",Sibling (Pepper Black Oleoresin 1001) has TDS; individual grade TDS needed for exact potency & CoA validation.,"Specific formulation dosage rate (% or g/100kg) for target food matrices; Active principle concentration assay (e.g. Volatile Oil %, Capsaicin / Piperine / Color Value ASTA); Exact physical form, appearance & carrier composition; Validated shelf-life & specific warehouse storage limits"
340,Pepper Black Oleoresin 1031,Pepper Black Oleoresin,High (Commercial Variant),"Savory & Snacks - Seasonings, Meat & Snack Flavors",Sibling (Pepper Black Oleoresin 1001) has TDS; individual grade TDS needed for exact potency & CoA validation.,"Specific formulation dosage rate (% or g/100kg) for target food matrices; Active principle concentration assay (e.g. Volatile Oil %, Capsaicin / Piperine / Color Value ASTA); Exact physical form, appearance & carrier composition; Validated shelf-life & specific warehouse storage limits"
341,Pepper Black Oleoresin 1032,Pepper Black Oleoresin,High (Commercial Variant),"Savory & Snacks - Seasonings, Meat & Snack Flavors",Sibling (Pepper Black Oleoresin 1001) has TDS; individual grade TDS needed for exact potency & CoA validation.,"Specific formulation dosage rate (% or g/100kg) for target food matrices; Active principle concentration assay (e.g. Volatile Oil %, Capsaicin / Piperine / Color Value ASTA); Exact physical form, appearance & carrier composition; Validated shelf-life & specific warehouse storage limits"
342,Pepper Black Oleoresin 40/20,Pepper Black Oleoresin,High (Commercial Variant),"Savory & Snacks - Seasonings, Meat & Snack Flavors",Sibling (Pepper Black Oleoresin 1001) has TDS; individual grade TDS needed for exact potency & CoA validation.,"Specific formulation dosage rate (% or g/100kg) for target food matrices; Active principle concentration assay (e.g. Volatile Oil %, Capsaicin / Piperine / Color Value ASTA); Exact physical form, appearance & carrier composition; Validated shelf-life & specific warehouse storage limits"
343,Potassium Citrate-25kg,Potassium Citrate-25kg,Urgent (No TDS in Family),Food Processing - Acidity Regulator & Buffer,Zero TDS available for this material or product family in current records.,"Official Manufacturer Technical Data Sheet (TDS) & Certificate of Analysis (CoA); Active chemical assay / purity % / active content specification; Approved Food Grade E-number & allergen declaration statement; Standard dosage recommendations for industrial applications; Packaging sizes (HDPE, paper sacks, net weight) & shelf-life under controlled temperature"
344,Potassium Sorbate Granular-25kg,Potassium Sorbate,Urgent (No TDS in Family),Food Preservation - Acidic Products (pH < 4.5),Zero TDS available for this material or product family in current records.,"Official Manufacturer Technical Data Sheet (TDS) & Certificate of Analysis (CoA); Active chemical assay / purity % / active content specification; Approved Food Grade E-number & allergen declaration statement; Standard dosage recommendations for industrial applications; Packaging sizes (HDPE, paper sacks, net weight) & shelf-life under controlled temperature"
345,Potassium Sorbate Powder-25kg,Potassium Sorbate,Urgent (No TDS in Family),Food Preservation - Acidic Products (pH < 4.5),Zero TDS available for this material or product family in current records.,"Official Manufacturer Technical Data Sheet (TDS) & Certificate of Analysis (CoA); Active chemical assay / purity % / active content specification; Approved Food Grade E-number & allergen declaration statement; Standard dosage recommendations for industrial applications; Packaging sizes (HDPE, paper sacks, net weight) & shelf-life under controlled temperature"
346,Smoked casing - 23E*84,Cellulose Casings,High (Commercial Variant),Savory - Processed Meat & Sausage Casings,Sibling (Cellulose casing - 23E*84) has TDS; individual grade TDS needed for exact potency & CoA validation.,"Specific formulation dosage rate (% or g/100kg) for target food matrices; Active principle concentration assay (e.g. Volatile Oil %, Capsaicin / Piperine / Color Value ASTA); Exact physical form, appearance & carrier composition; Validated shelf-life & specific warehouse storage limits"
347,Sodium Acid Pyrophosphate (SAPP28)-25kg,Sodium Acid Pyrophosphate (SAPP28)-25kg,Urgent (No TDS in Family),Food Processing - Phosphate Functional Systems,Zero TDS available for this material or product family in current records.,"Official Manufacturer Technical Data Sheet (TDS) & Certificate of Analysis (CoA); Active chemical assay / purity % / active content specification; Approved Food Grade E-number & allergen declaration statement; Standard dosage recommendations for industrial applications; Packaging sizes (HDPE, paper sacks, net weight) & shelf-life under controlled temperature"
348,Sodium Ascorbate China,Sodium Ascorbate China,Urgent (No TDS in Family),Savory - Seasoning,Zero TDS available for this material or product family in current records.,"Official Manufacturer Technical Data Sheet (TDS) & Certificate of Analysis (CoA); Active chemical assay / purity % / active content specification; Approved Food Grade E-number & allergen declaration statement; Standard dosage recommendations for industrial applications; Packaging sizes (HDPE, paper sacks, net weight) & shelf-life under controlled temperature"
349,Sodium Benzoate China-25kg,Sodium Benzoate,Urgent (No TDS in Family),Food Preservation - Acidic Products (pH < 4.5),Zero TDS available for this material or product family in current records.,"Official Manufacturer Technical Data Sheet (TDS) & Certificate of Analysis (CoA); Active chemical assay / purity % / active content specification; Approved Food Grade E-number & allergen declaration statement; Standard dosage recommendations for industrial applications; Packaging sizes (HDPE, paper sacks, net weight) & shelf-life under controlled temperature"
350,Sodium Benzoate Wuhan-25kg,Sodium Benzoate,Urgent (No TDS in Family),Food Preservation - Acidic Products (pH < 4.5),Zero TDS available for this material or product family in current records.,"Official Manufacturer Technical Data Sheet (TDS) & Certificate of Analysis (CoA); Active chemical assay / purity % / active content specification; Approved Food Grade E-number & allergen declaration statement; Standard dosage recommendations for industrial applications; Packaging sizes (HDPE, paper sacks, net weight) & shelf-life under controlled temperature"
351,Sodium Citrate-25kg,Sodium Citrate-25kg,Urgent (No TDS in Family),Food Processing - Acidity Regulator & Buffer,Zero TDS available for this material or product family in current records.,"Official Manufacturer Technical Data Sheet (TDS) & Certificate of Analysis (CoA); Active chemical assay / purity % / active content specification; Approved Food Grade E-number & allergen declaration statement; Standard dosage recommendations for industrial applications; Packaging sizes (HDPE, paper sacks, net weight) & shelf-life under controlled temperature"
352,Sodium Diacetate-25kg,Sodium Diacetate-25kg,Urgent (No TDS in Family),Savory - Seasoning,Zero TDS available for this material or product family in current records.,"Official Manufacturer Technical Data Sheet (TDS) & Certificate of Analysis (CoA); Active chemical assay / purity % / active content specification; Approved Food Grade E-number & allergen declaration statement; Standard dosage recommendations for industrial applications; Packaging sizes (HDPE, paper sacks, net weight) & shelf-life under controlled temperature"
353,Sodium Erythorbate China-25kg,Sodium Erythorbate China-25kg,Urgent (No TDS in Family),Savory - Seasoning,Zero TDS available for this material or product family in current records.,"Official Manufacturer Technical Data Sheet (TDS) & Certificate of Analysis (CoA); Active chemical assay / purity % / active content specification; Approved Food Grade E-number & allergen declaration statement; Standard dosage recommendations for industrial applications; Packaging sizes (HDPE, paper sacks, net weight) & shelf-life under controlled temperature"
354,Sodium Hexametaphosphate (SHMP)-25kg,Sodium Hexametaphosphate (SHMP)-25kg,Urgent (No TDS in Family),Food Processing - Phosphate Functional Systems,Zero TDS available for this material or product family in current records.,"Official Manufacturer Technical Data Sheet (TDS) & Certificate of Analysis (CoA); Active chemical assay / purity % / active content specification; Approved Food Grade E-number & allergen declaration statement; Standard dosage recommendations for industrial applications; Packaging sizes (HDPE, paper sacks, net weight) & shelf-life under controlled temperature"
355,Sodium Lactate-25kg,Sodium Lactate-25kg,Urgent (No TDS in Family),Savory - Seasoning,Zero TDS available for this material or product family in current records.,"Official Manufacturer Technical Data Sheet (TDS) & Certificate of Analysis (CoA); Active chemical assay / purity % / active content specification; Approved Food Grade E-number & allergen declaration statement; Standard dosage recommendations for industrial applications; Packaging sizes (HDPE, paper sacks, net weight) & shelf-life under controlled temperature"
356,Sodium Metabisulfite-25kg,Sodium Metabisulfite-25kg,Urgent (No TDS in Family),Savory - Seasoning,Zero TDS available for this material or product family in current records.,"Official Manufacturer Technical Data Sheet (TDS) & Certificate of Analysis (CoA); Active chemical assay / purity % / active content specification; Approved Food Grade E-number & allergen declaration statement; Standard dosage recommendations for industrial applications; Packaging sizes (HDPE, paper sacks, net weight) & shelf-life under controlled temperature"
357,Sodium Tripolyphosphate (STPP)-25kg,STPP Phosphates,Urgent (No TDS in Family),Food Processing - Phosphate Functional Systems,Zero TDS available for this material or product family in current records.,"Official Manufacturer Technical Data Sheet (TDS) & Certificate of Analysis (CoA); Active chemical assay / purity % / active content specification; Approved Food Grade E-number & allergen declaration statement; Standard dosage recommendations for industrial applications; Packaging sizes (HDPE, paper sacks, net weight) & shelf-life under controlled temperature"
358,Soya Protein Concentrate 70%,Soya Proteins & TVP,High (Commercial Variant),Savory & Nutrition - Protein Fortification & Emulsification,Sibling (TVP Soya Local) has TDS; individual grade TDS needed for exact potency & CoA validation.,"Specific formulation dosage rate (% or g/100kg) for target food matrices; Active principle concentration assay (e.g. Volatile Oil %, Capsaicin / Piperine / Color Value ASTA); Exact physical form, appearance & carrier composition; Validated shelf-life & specific warehouse storage limits"
359,Soya Protein Isolate 90%,Soya Proteins & TVP,High (Commercial Variant),Savory & Nutrition - Protein Fortification & Emulsification,Sibling (TVP Soya Local) has TDS; individual grade TDS needed for exact potency & CoA validation.,"Specific formulation dosage rate (% or g/100kg) for target food matrices; Active principle concentration assay (e.g. Volatile Oil %, Capsaicin / Piperine / Color Value ASTA); Exact physical form, appearance & carrier composition; Validated shelf-life & specific warehouse storage limits"
360,Soya Protein Isolate 90% (Gelling),Soya Proteins & TVP,High (Commercial Variant),Savory & Nutrition - Protein Fortification & Emulsification,Sibling (TVP Soya Local) has TDS; individual grade TDS needed for exact potency & CoA validation.,"Specific formulation dosage rate (% or g/100kg) for target food matrices; Active principle concentration assay (e.g. Volatile Oil %, Capsaicin / Piperine / Color Value ASTA); Exact physical form, appearance & carrier composition; Validated shelf-life & specific warehouse storage limits"
361,Soya Protein Isolate 90% (Injection),Soya Proteins & TVP,High (Commercial Variant),Savory & Nutrition - Protein Fortification & Emulsification,Sibling (TVP Soya Local) has TDS; individual grade TDS needed for exact potency & CoA validation.,"Specific formulation dosage rate (% or g/100kg) for target food matrices; Active principle concentration assay (e.g. Volatile Oil %, Capsaicin / Piperine / Color Value ASTA); Exact physical form, appearance & carrier composition; Validated shelf-life & specific warehouse storage limits"
362,Sunset Yellow,Sunset Yellow,Urgent (No TDS in Family),Beverages & Food Coloring - Natural Colorants,Zero TDS available for this material or product family in current records.,"Official Manufacturer Technical Data Sheet (TDS) & Certificate of Analysis (CoA); Active chemical assay / purity % / active content specification; Approved Food Grade E-number & allergen declaration statement; Standard dosage recommendations for industrial applications; Packaging sizes (HDPE, paper sacks, net weight) & shelf-life under controlled temperature"
363,Textra P 103 25 kg,Textra / Revastab Meat & Gelling Blends,High (Commercial Variant),Savory & Meat - Yield & Texture Systems,Sibling (Ingreva RevaStab MC100) has TDS; individual grade TDS needed for exact potency & CoA validation.,"Specific formulation dosage rate (% or g/100kg) for target food matrices; Active principle concentration assay (e.g. Volatile Oil %, Capsaicin / Piperine / Color Value ASTA); Exact physical form, appearance & carrier composition; Validated shelf-life & specific warehouse storage limits"
364,TEXTRA P 104 25 kg,Textra / Revastab Meat & Gelling Blends,High (Commercial Variant),Savory & Meat - Yield & Texture Systems,Sibling (Ingreva RevaStab MC100) has TDS; individual grade TDS needed for exact potency & CoA validation.,"Specific formulation dosage rate (% or g/100kg) for target food matrices; Active principle concentration assay (e.g. Volatile Oil %, Capsaicin / Piperine / Color Value ASTA); Exact physical form, appearance & carrier composition; Validated shelf-life & specific warehouse storage limits"
365,Textra P100,Textra / Revastab Meat & Gelling Blends,High (Commercial Variant),Savory & Meat - Yield & Texture Systems,Sibling (Ingreva RevaStab MC100) has TDS; individual grade TDS needed for exact potency & CoA validation.,"Specific formulation dosage rate (% or g/100kg) for target food matrices; Active principle concentration assay (e.g. Volatile Oil %, Capsaicin / Piperine / Color Value ASTA); Exact physical form, appearance & carrier composition; Validated shelf-life & specific warehouse storage limits"
366,Textra P100 25 kg,Textra / Revastab Meat & Gelling Blends,High (Commercial Variant),Savory & Meat - Yield & Texture Systems,Sibling (Ingreva RevaStab MC100) has TDS; individual grade TDS needed for exact potency & CoA validation.,"Specific formulation dosage rate (% or g/100kg) for target food matrices; Active principle concentration assay (e.g. Volatile Oil %, Capsaicin / Piperine / Color Value ASTA); Exact physical form, appearance & carrier composition; Validated shelf-life & specific warehouse storage limits"
367,Transglutaminase (TG),Transglutaminase (TG),Urgent (No TDS in Family),Savory - Seasoning,Zero TDS available for this material or product family in current records.,"Official Manufacturer Technical Data Sheet (TDS) & Certificate of Analysis (CoA); Active chemical assay / purity % / active content specification; Approved Food Grade E-number & allergen declaration statement; Standard dosage recommendations for industrial applications; Packaging sizes (HDPE, paper sacks, net weight) & shelf-life under controlled temperature"
368,TVP Soya Local - S,Soya Proteins & TVP,High (Commercial Variant),Savory & Nutrition - Protein Fortification & Emulsification,Sibling (TVP Soya Local) has TDS; individual grade TDS needed for exact potency & CoA validation.,"Specific formulation dosage rate (% or g/100kg) for target food matrices; Active principle concentration assay (e.g. Volatile Oil %, Capsaicin / Piperine / Color Value ASTA); Exact physical form, appearance & carrier composition; Validated shelf-life & specific warehouse storage limits"
369,Vegatable Carbon Black,Vegatable Carbon Black,Urgent (No TDS in Family),Beverages & Food Coloring - Natural Colorants,Zero TDS available for this material or product family in current records.,"Official Manufacturer Technical Data Sheet (TDS) & Certificate of Analysis (CoA); Active chemical assay / purity % / active content specification; Approved Food Grade E-number & allergen declaration statement; Standard dosage recommendations for industrial applications; Packaging sizes (HDPE, paper sacks, net weight) & shelf-life under controlled temperature"
370,Whey Protein Concentrate 80% (WPC 80),Whey Protein Concentrate 80% (WPC 80),Urgent (No TDS in Family),Savory & Nutrition - Protein Fortification & Emulsification,Zero TDS available for this material or product family in current records.,"Official Manufacturer Technical Data Sheet (TDS) & Certificate of Analysis (CoA); Active chemical assay / purity % / active content specification; Approved Food Grade E-number & allergen declaration statement; Standard dosage recommendations for industrial applications; Packaging sizes (HDPE, paper sacks, net weight) & shelf-life under controlled temperature"
371,Xanthan Gum (200 Mesh),Xanthan Gum,Urgent (No TDS in Family),Sauces & Dressings - Rheology & Viscosity Control,Zero TDS available for this material or product family in current records.,"Official Manufacturer Technical Data Sheet (TDS) & Certificate of Analysis (CoA); Active chemical assay / purity % / active content specification; Approved Food Grade E-number & allergen declaration statement; Standard dosage recommendations for industrial applications; Packaging sizes (HDPE, paper sacks, net weight) & shelf-life under controlled temperature"
372,Xanthan Gum (80 Mesh),Xanthan Gum,Urgent (No TDS in Family),Sauces & Dressings - Rheology & Viscosity Control,Zero TDS available for this material or product family in current records.,"Official Manufacturer Technical Data Sheet (TDS) & Certificate of Analysis (CoA); Active chemical assay / purity % / active content specification; Approved Food Grade E-number & allergen declaration statement; Standard dosage recommendations for industrial applications; Packaging sizes (HDPE, paper sacks, net weight) & shelf-life under controlled temperature"
373,Xanthan Gum Clear,Xanthan Gum,Urgent (No TDS in Family),Sauces & Dressings - Rheology & Viscosity Control,Zero TDS available for this material or product family in current records.,"Official Manufacturer Technical Data Sheet (TDS) & Certificate of Analysis (CoA); Active chemical assay / purity % / active content specification; Approved Food Grade E-number & allergen declaration statement; Standard dosage recommendations for industrial applications; Packaging sizes (HDPE, paper sacks, net weight) & shelf-life under controlled temperature"
374,Xanthan Gum F80,Xanthan Gum,Urgent (No TDS in Family),Sauces & Dressings - Rheology & Viscosity Control,Zero TDS available for this material or product family in current records.,"Official Manufacturer Technical Data Sheet (TDS) & Certificate of Analysis (CoA); Active chemical assay / purity % / active content specification; Approved Food Grade E-number & allergen declaration statement; Standard dosage recommendations for industrial applications; Packaging sizes (HDPE, paper sacks, net weight) & shelf-life under controlled temperature"
375,Xanthan Gum Transparent,Xanthan Gum,Urgent (No TDS in Family),Sauces & Dressings - Rheology & Viscosity Control,Zero TDS available for this material or product family in current records.,"Official Manufacturer Technical Data Sheet (TDS) & Certificate of Analysis (CoA); Active chemical assay / purity % / active content specification; Approved Food Grade E-number & allergen declaration statement; Standard dosage recommendations for industrial applications; Packaging sizes (HDPE, paper sacks, net weight) & shelf-life under controlled temperature"
376,Yellow color W,Yellow color W,Urgent (No TDS in Family),Beverages & Food Coloring - Natural Colorants,Zero TDS available for this material or product family in current records.,"Official Manufacturer Technical Data Sheet (TDS) & Certificate of Analysis (CoA); Active chemical assay / purity % / active content specification; Approved Food Grade E-number & allergen declaration statement; Standard dosage recommendations for industrial applications; Packaging sizes (HDPE, paper sacks, net weight) & shelf-life under controlled temperature"