id,material_name,product_family,industry_level_1,category_level_2,application_level_3,application_function_details,has_variants,tds_found,validation_status,audit,recommendation,variant_relationship,related_variants,filename,type,company,brand,dosage,shelf_life,concentration,ingredients,packaging,storage_conditions,allergens,appearance,description
1,GMS (Mono & Diglycerides of Fatty Acids),GMS (Mono & Diglycerides of Fatty Acids),Bakery,Cake & Bakery,Sponge Cake / Muffin,"Promotes rapid batter aeration, fine crumb structure, moisture retention, and anti-staling softness.",No,Yes,R&D Validated,Approved (TDS Verified),[Taxonomy Aligned]: Bakery ➔ Cake & Bakery ➔ Sponge Cake / Muffin | [TDS Status]: Fully verified against authentic Technical Data Sheet (GMS60 SPECIFICATION.PDF).,Single Product,None,GMS60 SPECIFICATION.PDF,Emulsifier,AWA Bio,AWA Bio,,24 months,"min. 60% Total Monoglyceride, max. 1% Free Glycerol, max. 3 Acid Value, max. 2 Iodine Value, approx. 62 Melting point","Mono-and diglycerides of fatty acids (E-471), HPS, Glycerin, palm oil",25 Kg net bags,"Cool and dry, Away from sunlight, Recommended storage temperature below 25ºC",None declared,"Flakes or powder, White-ivory","Glycerol Monostearate (GMS) manufactured by Guangdong Cardlo Biotechnology Co.ltd., used in food industry, cosmetic, pharmacy."
2,Cellulose casing - 23E*84,Cellulose Casings,Meat & Poultry,Sausage Casings,Shirred Cellulose Casings,"High mechanical tensile strength for automated stuffing of hot dogs, frankfurters, and smoked sausages, uniform caliber diameter, optimal smoke permeability, and clean peeling.",Yes,Yes,R&D Validated,Approved (TDS Verified),[Taxonomy Aligned]: Meat & Poultry ➔ Sausage Casings ➔ Shirred Cellulose Casings | [TDS Status]: Fully verified against authentic Technical Data Sheet (Ingreva Cellulose Casing.pdf).,Concentration / Grade Variant (Same Application),Cellulose casing - 26E*84; Cellulose casing - 21E*84; Cellulose casing - 28E*84; Frankfurte casing 24/84; Smoked casing - 23E*84,Ingreva Cellulose Casing.pdf,Cellulose Casing,AWA Food Additives,Ingreva,,24 months,65-67% regenerated cellulose; 18-20% moisture,"Cellulose, Glycerol, White mineral oil",Cartons with adhesive tape; plastic film wrap; four plastic belts,"Store between 4°C and 25°C, 50-70% RH; Keep away from direct sunlight; Cover unused casing in plastic",None declared (all 14 EU allergens absent),Shirred cellulose casing,"Cellulose Casing manufactured by Ingreva, used in sausage processing casings."
3,NRE 1000,NRE 1000,Meat & Poultry,Processed Meat,Emulsified Sausages,Heat- and light-stable vivid cured pink-to-red hue in frankfurters and sausages.,No,Yes,R&D Validated,Approved (TDS Verified),[Taxonomy Aligned]: Meat & Poultry ➔ Processed Meat ➔ Emulsified Sausages | [TDS Status]: Fully verified against authentic Technical Data Sheet (NRE 1000-TDS.pdf).,Single Product,None,NRE 1000-TDS.pdf,Food-Grade Red Color with Erythrosine,AWA Food Additives,AWA Food Solutions,25-30g/100kg,24 months,Moisture (%): ≤ 8.00; As (mg/kg): ≤ 1.00; Pb (mg/kg): ≤ 1.00,E-127,Heavy duty bags or according to the customer’s requirements,"Should be stored away from aromatic products, In dry place away from direct sunlight",,Dark reddish brown powder,"Food-Grade Red Color with Erythrosine, used in meat products."
4,NRE 1500,NRE 1500,Meat & Poultry,Processed Meat,Emulsified Sausages,Heat- and light-stable vivid cured pink-to-red hue in frankfurters and sausages.,No,Yes,R&D Validated,Approved (TDS Verified),[Taxonomy Aligned]: Meat & Poultry ➔ Processed Meat ➔ Emulsified Sausages | [TDS Status]: Fully verified against authentic Technical Data Sheet (NRE 1500.pdf).,Single Product,None,NRE 1500.pdf,Red Color,AWA Food Additives,AWA Food Solutions,25-30g/100kg,24 months,moisture: ≤8.00%; color intensity: 0.420: 0.500; arsenic: ≤ 1.00 mg/kg; lead: ≤ 1.00 mg/kg,Erythrosine E127; Caramel color E150c,Paper sacks with polyethylene liner,"Should be stored away from aromatic products, In dry place away from direct sunlight",None declared,Red reddish brown powder,"Red Color, used in meat products."
5,ANTIFOAM COMPOUND,Antifoam Compounds,Beverages,Processing & Bottling,Carbonated Bottling & Juice Degassing,Rapid foam knockdown during carbonated beverage bottling and thermal fruit juice processing.,Yes,Yes,R&D Validated,Approved (TDS Verified),[Taxonomy Aligned]: Beverages ➔ Processing & Bottling ➔ Carbonated Bottling & Juice Degassing | [TDS Status]: Fully verified against authentic Technical Data Sheet (Powder Antifoam.pdf).,Application-Specific Variant (Different Applications),Antifoam LPD; Antifoam,Powder Antifoam.pdf,Silicone Antifoam Compound,AWA Food Additives,AWA Food Solutions,0.5 - 2.0%,12 months,Active content: 15%,,50kgs HDPE containers,Keep the original containers closed at a temperature of around 25°C. Seal the containers properly during intervals when not in use.,,White free flowing powder,"Silicone Antifoam Compound manufactured by OTCPL, used in industrial application, e.g. Dry flowable Agrichemicals, wettable Agrochemical powders, cement admixtures, patch and repair in concrete formulations."
6,Revastab - M205,Revastab - M205,Dairy,Cheese & Dairy Systems,Processed Cheese & Dairy Spreads,"Functional dairy texturizer and stabilizer improving dry matter consistency, texture body, and shelf-life stability.",No,Yes,R&D Validated,Approved (TDS Verified),[Taxonomy Aligned]: Dairy ➔ Cheese & Dairy Systems ➔ Processed Cheese & Dairy Spreads | [TDS Status]: Fully verified against authentic Technical Data Sheet (Revastab - M205.pdf).,Single Product,None,Revastab - M205.pdf,Refined Carrageenan (E407),AWA Food Additives,Ingreva,0.3% - 0.8%,24 months from the date of production,"Particle Size (120 mesh): ≥90%; Viscosity: ≥5 mPa.s; Water Gel Strength: ≥1600; pH (1.5%, 25°C): 8.0-11.0; Loss on Drying: ≤12.0%; Ash: 15-40%",Carrageenan (E407),"Paper sacks with polyethylene liner, 25 kg",Stored with sealed package in a cool and dry place.,None declared (all 13 listed EU allergens absent),Yellowish to white flowing powder,"Refined Carrageenan (E407), used in meat products."
7,REVATEX -TS4,Textra Modified Starches,"Sauces, Condiments & Dressings",Tomato & Table Sauces,Ketchup & BBQ Sauces,"Delivers freeze-thaw stability, high shear resistance, glossy sheen, and smooth texture.",Yes,Yes,R&D Validated,Approved (TDS Verified),"[Taxonomy Aligned]: Sauces, Condiments & Dressings ➔ Tomato & Table Sauces ➔ Ketchup & BBQ Sauces | [TDS Status]: Fully verified against authentic Technical Data Sheet (REVATEX -TS4.pdf).",Application-Specific Variant (Different Applications),Textra MA243; Textra MS 4060; Textra MS Pro,REVATEX -TS4.pdf,Modified Starch,AWA Food Solutions,Ingreva,,2 years from date of production,moisture: ≤12.0%; whiteness: ≥78.0%; pH: 4.0-9.0; ash: ≤0.5% (dry base); fineness: ≥85.0%; sulfur dioxide: ≤10mg/kg; protein: ≤0.5%; arsenic: ≤1.0mg/kg; lead: ≤0.2mg/kg,Tapioca Hydroxypropyl Distarch Phosphate,"Paper sacks, 25 kg.",Should be stored under cool and dry conditions (protect from humidity).,None declared,"White to slightly yellow, Granular, Flake or powder without visible foreign matter","Modified Starch manufactured by Ingreva, used in sausage/meat processing."
8,TVP Soya Local,Soya Proteins & TVP,Meat & Poultry,Minced Meat & Meat Alternatives,"Burgers, Kofta & Plant-Based Nuggets","Provides meat-like fibrous chewiness, binds fat and water, reduces formulation cost, and builds structure in meat patties and plant-based nuggets.",Yes,Yes,R&D Validated,Approved (TDS Verified),"[Taxonomy Aligned]: Meat & Poultry ➔ Minced Meat & Meat Alternatives ➔ Burgers, Kofta & Plant-Based Nuggets | [TDS Status]: Fully verified against authentic Technical Data Sheet (Soy flour TDS.pdf).",Concentration / Grade Variant (Same Application),Soya Protein Concentrate 70%; Soya Protein Isolate 90%; Soya Protein Isolate 90% (Gelling); Soya Protein Isolate 90% (Injection); TVP Soya Local - S,Soy flour TDS.pdf,Defatted Soya Flour,AWA Food Additives,AWA Food Solutions,,2 years from the date of manufacturing,"protein: 50.0 Min.; moisture: 10.0 Max; fat content: 2.0 Max.; total ash: 8.0 Max.; crude fiber: 5.0 Max; urease activity: 0.20 Max; total bacterial count: 20,000 Max.; coliform: 10 Max.; yeast and moulds: 100 Max.; e coli: Absent; salmonella: Absent",,25 KG,,,Fine powder,Defatted Soya Flour.
9,Microcrystalline Cellulose Gel (Type: H811F),Microcrystalline Cellulose Gel (Type: H811F),"Sauces, Condiments & Dressings",Emulsified Sauces & Dips,Mayonnaise / Salad Dressings,Thixotropic network builder providing fat-like body and suspension stability.,No,Yes,R&D Validated,Approved (TDS Verified),"[Taxonomy Aligned]: Sauces, Condiments & Dressings ➔ Emulsified Sauces & Dips ➔ Mayonnaise / Salad Dressings | [TDS Status]: Fully verified against authentic Technical Data Sheet (specification of MCC gel (811F, HHF).pdf).",Single Product,None,"specification of MCC gel (811F, HHF).pdf",Microcrystalline Cellulose Gel (Type: H811F),AWA Food Additives,"HIGH HOPE FOODS (NANJING) CO.,LTD",,24 months,pH: 6.0-8.0; viscosity: 2000-5500 mPa.s; residue on ignition: 6.0 maximum; loss on drying: 8.0 maximum; total aerobic microbial count: 1000 maximum; total moulds and yeasts count: 100 maximum; salmonella: not detected in 25g,microcrystalline cellulose and carboxymethyl cellulose,"packedin compound paper bag and lined with PE bag inside, net weight 25kgs",At dry and cool place,,"White or pale yellowish powder, Odorless and tasteless","Microcrystalline Cellulose Gel (Type: H811F) manufactured by High Hope Foods (Nanjing) Co.,ltd."
10,Sodium Nitrite-Germany-25kg,Sodium Nitrite Food Grade,Meat & Poultry,Processed Meat,Emulsified Sausages & Restructured Meat,"Optimizes meat protein binding, cured color fixation, texture cross-linking, and shelf-life extension in sausages, luncheon, and beef pastrami.",No,Yes,R&D Validated,Approved (TDS Verified),[Taxonomy Aligned]: Meat & Poultry ➔ Processed Meat ➔ Emulsified Sausages & Restructured Meat | [TDS Status]: Fully verified against authentic Technical Data Sheet (TDS.CM-NANI-FG-03SIO2-E.PDF).,Single Product,None,TDS.CM-NANI-FG-03SIO2-E.PDF,Sodium Nitrite Food Grade,AWA Food Additives,AWA Food Solutions,,,NaNO2: 99.0 g/100 g; NaNO3: 0.4 g/100 g; Carbonate: 200 mg/kg; Chloride: 50 mg/kg; Sulphate: 50 mg/kg; H2O (loss on drying): 0.2 g/100 g; insoluble: 0.45 g/100 g; As: 0.2 mg/kg; Al: 2 mg/kg; Ca: 100 mg/kg; Cd: 1 mg/kg; Fe: 5 mg/kg; Hg: 0.05 mg/kg; K: 50 mg/kg; Pb: 1 mg/kg; Se: 5 mg/kg; SiO2 (anticaking agent E 551): 0.4 g/100 g,Sodium Nitrite (E 250) and SiO2 (E 551),,,,White to slightly yellow crystalline product,"Sodium Nitrite Food Grade manufactured by BASF SE, used in meat products."
11,"Paprika Oleoresin 20,000 CU",Paprika Oleoresin,Snacks & Savory Seasonings,Topical Seasonings & Dusting,Potato Chips / Extruded Snacks,Standardized carotenoid color (ASTA / Color Units) combined with authentic sweet paprika aroma.,Yes,Yes,R&D Validated,Approved (TDS Verified),[Taxonomy Aligned]: Snacks & Savory Seasonings ➔ Topical Seasonings & Dusting ➔ Potato Chips / Extruded Snacks | [TDS Status]: Fully verified against authentic Technical Data Sheet (TDS.Specif. PP 60 asta ST hot 20.000 shu-rev. 3.pdf).,Concentration / Grade Variant (Same Application),"Paprika Oleoresin 100,000 CU; Paprika Oleoresin 1000; Paprika Oleoresin 1001; Paprika Oleoresin 1002; Paprika Oleoresin 1003; Paprika Oleoresin 1004; Paprika Oleoresin 1005; Paprika Oleoresin 1006; Paprika Oleoresin 1007; Paprika Oleoresin 1008; Paprika Oleoresin 1009; Paprika Oleoresin 1010; Paprika Oleoresin 1011; Paprika Oleoresin 1012; Paprika Oleoresin 1013; Paprika Oleoresin 1014; Paprika Oleoresin 1015; Paprika Oleoresin 1016; Paprika Oleoresin 1017; Paprika Oleoresin 1018; Paprika Oleoresin 1019; Paprika Oleoresin 1020; Paprika Oleoresin 1021; Paprika Oleoresin 1022; Paprika Oleoresin 1023; Paprika Oleoresin 40,000 CU; Paprika Oleoresin 40,000 CU OS; Paprika Oleoresin 40,000 CU WS; Paprika Oleoresin 60,000 CU; Paprika Oleoresin 80,000 CU",TDS.Specif. PP 60 asta ST hot 20.000 shu-rev. 3.pdf,Paprika Powder,AWA Food Additives,AWA Food Solutions,,12 months,"Colour: 60 ASTA units min.; Capsaicin Content: 20,000 s.h.u min.; Moisture content: 12% max.; Total ash: 8,5 % max.",Capsicum annuum L and Capsicum frutescens L.,"Multilayered paper sacks or interwoven plastic sacks with blue polypropylene liner, 25 kg weight on shrinkwrapped pallets.","Cool, Dark and dry place",None declared,Fine red powder,Paprika Powder manufactured by Evesa.
12,Technical Data Sheet of Natural red color,Technical Data Sheet of Natural red color,Meat & Poultry,Processed Meat,Emulsified Sausages,Heat- and light-stable vivid cured pink-to-red hue in frankfurters and sausages.,No,Yes,R&D Validated,Approved (TDS Verified),[Taxonomy Aligned]: Meat & Poultry ➔ Processed Meat ➔ Emulsified Sausages | [TDS Status]: Fully verified against authentic Technical Data Sheet (Technical Data Sheet of Natural red color.pdf).,Single Product,None,Technical Data Sheet of Natural red color.pdf,Natural Red Color,AWA Food Additives,AWA Food Solutions,,2 years,Appearance: Red top purplish-red powder; Granularity: 90 % pass 150 mesh sifter; Moisture: ≤10%; ColorValue: 1000~4000u/g; HeavyMetal(Pb): ≤1ppm; As: ≤1ppm; Yeast: ≤25cfu/g; Mold: ≤25cfu/g; AflatoxinB: ≤5.0ppb; TotalPlate: ≤5000cfu/g; E.coli: ≤30cfu/g; PathogenicBacteria: Absence,100% Natural red color,"20 kgs/carton, 25 kgs/bag",Dry and sealed storage,,Red top purplish-red powder,"Natural Red Color manufactured by Wuhan Jiacheng Biotechnology Co., Ltd, used in meat Products, Ketchup, Sauce, etc."
13,Tex Mono 160,Tex Emulsifiers (Mono & Diglycerides),Bakery,Cake & Bakery,Sponge Cake / Muffin,"Promotes rapid batter aeration, fine crumb structure, moisture retention, and anti-staling softness.",No,Yes,R&D Validated,Approved (TDS Verified),[Taxonomy Aligned]: Bakery ➔ Cake & Bakery ➔ Sponge Cake / Muffin | [TDS Status]: Fully verified against authentic Technical Data Sheet (Tex Mono 160-.pdf).,Single Product,None,Tex Mono 160-.pdf,Emulsifier,AWA Food Solutions,AWA Food Solutions,Based on product recipe,24 months from production date,Total Monoglyceride (%): Min 60; Acid Value (KOH/g): 3.00 max; Iodine Value (g/100g): 3.00 max; Melting Point (°C): 60 – 70; Free Glycerol (%): 1.00 max; Free Acids (%): 3.00 max,Mono & Diglycerides E-471,25 kg: S. Code: 80036; 5 kg: S. Code: N/A; 1 kg: S. Code: N/A,Stored in dry place away from direct sunlight,None declared,Creamy – white powder,"Emulsifier manufactured by AWA Foodsolutions, used in table margarine; bakery margarines and shortenings; ice cream and imitation creams; chewing gum; cheese products."
14,Textra Bake C 10,Textra Bakery & Leavening Systems,Bakery,Pastry,Croissant / Laminated Pastry,"Strengthens gluten matrix, improves dough extensibility, and provides flaky crumb lamination.",Yes,Yes,R&D Validated,Approved (TDS Verified),[Taxonomy Aligned]: Bakery ➔ Pastry ➔ Croissant / Laminated Pastry | [TDS Status]: Fully verified against authentic Technical Data Sheet (Textra Bake C 10 -TDS.PDF).,Application-Specific Variant (Different Applications),Textra Baking 100; Textra Baking 150,Textra Bake C 10 -TDS.PDF,Dough Improver,AWA Food Solutions,AWA Food Solutions,1 % of flour weight,9 months from date of Manufacturing,moisture content: Max.10 %; pH: 4.00- 6.00; total plate count: Max. 103 cfu/g; yeasts and molds: Max. 10² cfu/g; coliform: < 10 cfu/g; salmonella: Negative,"Wheat flour, Wheat Gluten, Acidity Regulators(E300,E330), Enzyme, Emulsifiers: (E471, E481), Anti-caking agent (E551)",Paper sacks with polyethylene liner 10 Kg and 25Kg,"Store in a cool, Dry location. Keep containers well closed when not in use.",Contains: Wheat gluten,"Free-flowing, Fine powder, Off-white","Dough Improver, used in croissant manufacture."
15,Textra Baking 100,Textra Bakery & Leavening Systems,Bakery,Cake & Bakery,Sponge Cake / Muffin,Engineered double-acting chemical leavening blend ensuring controlled CO2 release for maximum batter volume.,Yes,Yes,R&D Validated,Approved (TDS Verified),[Taxonomy Aligned]: Bakery ➔ Cake & Bakery ➔ Sponge Cake / Muffin | [TDS Status]: Fully verified against authentic Technical Data Sheet (Textra Baking 100.pdf).,Application-Specific Variant (Different Applications),Textra Bake C 10; Textra Baking 150,Textra Baking 100.pdf,Leavening Agent,AWA Food Solutions,AWA Food Solutions,18gm of Textra Baking 100 to 500gm flour,18 months from date of production,appearance: powder; color: White-Off white; moisture: Max. 13%; microbiological > total plate count: Max. 500 cfu/g; microbiological > yeast and mold: Max. 100 cfu/g; microbiological > coliform: < 10 cfu/g; microbiological > e.coli: Absent,Sodium acid pyrophosphate E450; Sodium Bicarbonate E500; Corn starch,Paper sacks with polyethylene liner,Store in a dry place away from heat and humidity,None declared,Powder,"Leavening Agent, used in bakery products like cakes, cookies and biscuits."
16,Textra Baking 150,Textra Bakery & Leavening Systems,Bakery,Cake & Bakery,Sponge Cake / Muffin,Engineered double-acting chemical leavening blend ensuring controlled CO2 release for maximum batter volume.,Yes,Yes,R&D Validated,Approved (TDS Verified),[Taxonomy Aligned]: Bakery ➔ Cake & Bakery ➔ Sponge Cake / Muffin | [TDS Status]: Fully verified against authentic Technical Data Sheet (Textra Baking 150.pdf).,Application-Specific Variant (Different Applications),Textra Bake C 10; Textra Baking 100,Textra Baking 150.pdf,Modified Starch,AWA Food Solutions,AWA Food Solutions,12 gm of Textra Baking 150 / 500 gm of flour,18 months,moisture: Max. 13%; water vol: Min 350 ml,Sodium acid pyrophosphate E450; Sodium Bicarbonate E500; Corn starch; Mono calcium phosphate E341,Paper sacks with polyethylene liner 25 Kg.,Store in a dry place away from heat and humidity,None declared,,"Modified Starch, used in cakes; Muffins; Biscuits; Donuts."
17,Textra CM 110,Textra Dairy & Ice Cream Stabilizers,Bakery,Cake & Bakery,Sponge Cake / Muffin,"Promotes rapid batter aeration, fine crumb structure, moisture retention, and anti-staling softness.",Yes,Yes,R&D Validated,Approved (TDS Verified),[Taxonomy Aligned]: Bakery ➔ Cake & Bakery ➔ Sponge Cake / Muffin | [TDS Status]: Fully verified against authentic Technical Data Sheet (Textra CM 110-.pdf).,Application-Specific Variant (Different Applications),Textra CM ICE 200ⓩ; Textra CM Ice 200 ⓢ,Textra CM 110-.pdf,Blend of Food Grade Stabilizers & Emulsifier,AWA Food Solutions,AWA Food Solutions,0.65 - 0.9 % depending on the desired texture,24 months from production date,Loss on drying Max. 12%,CMC E-466; Guar Gum E-412; Emulsifier E-471,"25 kg Heavy duty bags, 5 kg Heavy duty bags, 1 kg Heavy duty bags","Should be stored away from aromatic products, Under conditions not exceeding 25 °C and 70% atmospheric humidity",None declared,Creamy to white powder,"Blend of Food Grade Stabilizers & Emulsifier manufactured by awa-foodsolutions.com, used in ice cream manufacturing."
18,Corn Starch-Local-25kg,Corn Starch-Local-25kg,"Sauces, Condiments & Dressings",Tomato & Table Sauces,Ketchup & BBQ Sauces,"Delivers freeze-thaw stability, high shear resistance, glossy sheen, and smooth texture.",No,Yes,R&D Validated,Approved (TDS Verified),"[Taxonomy Aligned]: Sauces, Condiments & Dressings ➔ Tomato & Table Sauces ➔ Ketchup & BBQ Sauces | [TDS Status]: Fully verified against authentic Technical Data Sheet (TDS Starch.jpg).",Single Product,None,TDS Starch.jpg,Corn Starch,AWA Food Additives,AWA Food Solutions,,,"Moisture 14% max, T.Protein 0.6% max, Ash 0.4% max, Fats 0.5% max",Corn Starch,"25 kg bags (also available in 750 kg, 850 kg, 1-ton bags)","Store in cool, Dry place below 20°C; RH below 60%; Keep on pallets away from chemicals and direct sunlight",None declared,Pure white,"Corn Starch manufactured by National Co. For Maize Products, used in food thickener."
19,Antifoam LPD,Antifoam Compounds,Beverages,Processing & Bottling,Carbonated Bottling & Juice Degassing,Rapid foam knockdown during carbonated beverage bottling and thermal fruit juice processing.,Yes,Yes,R&D Validated,Approved (TDS Verified),[Taxonomy Aligned]: Beverages ➔ Processing & Bottling ➔ Carbonated Bottling & Juice Degassing | [TDS Status]: Fully verified against authentic Technical Data Sheet (Antifoam LPD.PDF).,Application-Specific Variant (Different Applications),ANTIFOAM COMPOUND; Antifoam,Antifoam LPD.PDF,Antifoam,AWA Food Additives,AWA Food Solutions,5 to 25 ppm,12 months,"appearance: Yellowish, clear liquid; density: approx. 0.9 g/cm3; solubility: not miscible; viscosity: approx. 360 mPa•s; flash point: > 100 °C; freezing point: approx. -20 °C",Polyalkoxylates; Fatty acid esters,Plastic containers: 1 kg and 5 kg,Store in cool place away from direct sunlight,None declared,"Yellowish, Clear liquid","Antifoam, used in dairy products; Potato processing and starch industry."
23,Fell 120 R,Fell 120 R,Dairy,Cheese & Dairy Systems,Processed Cheese & Dairy Spreads,"Functional dairy texturizer and stabilizer improving dry matter consistency, texture body, and shelf-life stability.",No,Yes,R&D Validated,Approved (TDS Verified),[Taxonomy Aligned]: Dairy ➔ Cheese & Dairy Systems ➔ Processed Cheese & Dairy Spreads | [TDS Status]: Fully verified against authentic Technical Data Sheet (Fell 120 R.PDF).,Single Product,None,Fell 120 R.PDF,Fell 120 R,AWA Food Solutions,AWA Food Solutions,2 – 5% according to the final product recipe,2 years from date of production,moisture content: Max 6%; ash: 3.7 : 4.5 %,Vegetable Protein; Filling Material (Carbohydrate),Paper sacks with polyethylene liner 25 Kg.,Store in a dry place away from heat and humidity,,Creamy to white powder,"Fell 120 R, used in white Cheese; Processed Cheese."
24,Fell 120 RX,Fell 120 RX,Dairy,Cheese & Dairy Systems,Processed Cheese & Dairy Spreads,"Functional dairy texturizer and stabilizer improving dry matter consistency, texture body, and shelf-life stability.",No,Yes,R&D Validated,Approved (TDS Verified),[Taxonomy Aligned]: Dairy ➔ Cheese & Dairy Systems ➔ Processed Cheese & Dairy Spreads | [TDS Status]: Fully verified against authentic Technical Data Sheet (Fell 120 RX.PDF).,Single Product,None,Fell 120 RX.PDF,Filler,AWA Food Solutions,AWA Food Solutions,2 – 5% according to the final product recipe,2 years from date of production,moisture: Max 6%,Vegetable Protein; Filling Material (Carbohydrates),Paper sacks with polyethylene liner 25 Kg.,Store in a dry place away from heat and humidity,None declared,Creamy to white powder,"Filler, used in cheese industry; White Cheese; Processed Cheese."
25,Feta 341,Textra Cheese Stabilizers,Dairy,Cheese,White Cheese / Feta,"Enhances curd firmness, optimizes slicing integrity, improves yield, and binds moisture stably during refrigerated brine aging.",Yes,Yes,R&D Validated,Approved (TDS Verified),[Taxonomy Aligned]: Dairy ➔ Cheese ➔ White Cheese / Feta | [TDS Status]: Fully verified against authentic Technical Data Sheet (Feta 341.pdf).,Application-Specific Variant (Different Applications),Feta 400; Textra Feta 152; Textra Feta 341; Textra Feta 400,Feta 341.pdf,Blend of Food Grade Stabilizers & Emulsifier,AWA Food Solutions,AWA Food Solutions,0.3 – 0.5% depending on protein amount,24 months from production date,pH: 6.5 – 7.5; loss on drying: Max. 15%,Carrageenan E-407; Guar Gum E-412; Emulsifiers E-471; Arabic gum E-414; Modified E-1422; Potato starch; Salt,"Heavy duty bags, 20 kg",Store in a dry place away from direct sunlight,None declared,Creamy to white powder,"Blend of Food Grade Stabilizers & Emulsifier, used in low protein feta cheese."
26,Feta 400,Textra Cheese Stabilizers,Dairy,Cheese,Triangular Processed Cheese,Specialized texturizer and emulsification stabilizer to prevent fat separation and eliminate oiling-off in portioned foil triangles.,Yes,Yes,R&D Validated,Approved (TDS Verified),[Taxonomy Aligned]: Dairy ➔ Cheese ➔ Triangular Processed Cheese | [TDS Status]: Fully verified against authentic Technical Data Sheet (Feta 400 TDS.pdf).,Application-Specific Variant (Different Applications),Feta 341; Textra Feta 152; Textra Feta 341; Textra Feta 400,Feta 400 TDS.pdf,"Modified Starch, Emulsifier, Carrageenan",AWA Food Solutions,AWA Food Solutions,0.3– 0.5% depending on protein,24 months from production date,pH: 10:12; Lossondrying: Max. 8%; TotalPlateCount: Max. 5000 cfu/g; Yeastand Mold: Max 500 cfu/g; Coliform: <10 cfu/g; E.coli: Absent,Carrageenan E407; Guar Gum E412; Emulsifiers E471; Arabic gum E414; Modified Potato starch E1422; Salt,Papersacks with polyethylene liner 25kg,Store in a dry place away from direct sunlight,None declared,Creamy white powder,"Modified Starch, Emulsifier, Carrageenan, used in lowprotein Feta cheese."
27,Meat Tenderizer,Meat Tenderizer,Meat & Poultry,Processed Meat,Emulsified Sausages & Restructured Meat,"Optimizes meat protein binding, cured color fixation, texture cross-linking, and shelf-life extension in sausages, luncheon, and beef pastrami.",No,Yes,R&D Validated,Approved (TDS Verified),[Taxonomy Aligned]: Meat & Poultry ➔ Processed Meat ➔ Emulsified Sausages & Restructured Meat | [TDS Status]: Fully verified against authentic Technical Data Sheet (Impro Meat.pdf).,Single Product,None,Impro Meat.pdf,Unique Filler of Natural Ingredients,AWA Food Additives,AWA Food Solutions,3-8% for frozen meat,12 months,moisture: ≤10.0%; protein: Max. 20%; fiber: Min. 65%,Vegetable Origin Fibers,"Paper sacks with polyethylene liner, 25 Kg",Store in a dry place away from heat and humidity,None declared,,"Unique Filler of Natural Ingredients, used in meat Products."
28,Ingreva RevaStab MC100,Textra / Revastab Meat & Gelling Blends,Dairy,Cheese & Dairy Systems,Processed Cheese & Dairy Spreads,"Functional dairy texturizer and stabilizer improving dry matter consistency, texture body, and shelf-life stability.",Yes,Yes,R&D Validated,Approved (TDS Verified),[Taxonomy Aligned]: Dairy ➔ Cheese & Dairy Systems ➔ Processed Cheese & Dairy Spreads | [TDS Status]: Fully verified against authentic Technical Data Sheet (Ingreva RevaStab MC100 TDS.pdf).,Application-Specific Variant (Different Applications),Ingreva RevaStab MCG; Ingreva RevaStab MCV; Revastab MCG; Textra P 105; Textra P106; Textra P 108 AH; Textra P 125; Textra P 204; Textra P105K; Textra P106 R; Textra P106 X; Textra P53; Textra P 103 25 kg; TEXTRA P 104 25 kg; Textra P100; Textra P100 25 kg,Ingreva RevaStab MC100 TDS.pdf,Raw Material,AWA Food Additives,Ingreva,,2 years,"particle size: >250μm(60 mesh) ≤3.0%; viscosity: 2000-5500 (2.6% solution, mPa.s); residue on ignition: 6.0 maximum (%); loss on drying: 8.0 maximum (%); pH value: 6.0-8.0 (2.6% solution)",Microcrystalline cellulose E460; Carboxymethyl cellulose E466,Paper sacks with polyethylene liner 25 Kg.,Store in a dry place away from heat and humidity.,None declared,"White or pale yellowish powder, Odorless and tasteless","Raw Material, used in food processing applications."
29,Ingreva RevaStab MCG,Textra / Revastab Meat & Gelling Blends,Dairy,Cheese & Dairy Systems,Processed Cheese & Dairy Spreads,"Functional dairy texturizer and stabilizer improving dry matter consistency, texture body, and shelf-life stability.",Yes,Yes,R&D Validated,Approved (TDS Verified),[Taxonomy Aligned]: Dairy ➔ Cheese & Dairy Systems ➔ Processed Cheese & Dairy Spreads | [TDS Status]: Fully verified against authentic Technical Data Sheet (Ingreva RevaStab MCG TDS.pdf).,Application-Specific Variant (Different Applications),Ingreva RevaStab MC100; Ingreva RevaStab MCV; Revastab MCG; Textra P 105; Textra P106; Textra P 108 AH; Textra P 125; Textra P 204; Textra P105K; Textra P106 R; Textra P106 X; Textra P53; Textra P 103 25 kg; TEXTRA P 104 25 kg; Textra P100; Textra P100 25 kg,Ingreva RevaStab MCG TDS.pdf,Stabilizer System,AWA Food Additives,Ingreva,0.3 – 0.5%,2 years,pH: 7±1; viscosity: Min 100cPs at 25°C (1%); moisture content: Max 10%; ash: Max 5%,Carrageenan E407; Guar gum E412,"Paper sacks with polyethylene liner, 25 Kg",Store in a dry place away from heat and humidity,None declared,Creamy to white powder,"Stabilizer System, used in processed Cheese."
30,Ingreva RevaStab MCV,Textra / Revastab Meat & Gelling Blends,Dairy,Cheese & Dairy Systems,Processed Cheese & Dairy Spreads,"Functional dairy texturizer and stabilizer improving dry matter consistency, texture body, and shelf-life stability.",Yes,Yes,R&D Validated,Approved (TDS Verified),[Taxonomy Aligned]: Dairy ➔ Cheese & Dairy Systems ➔ Processed Cheese & Dairy Spreads | [TDS Status]: Fully verified against authentic Technical Data Sheet (Ingreva RevaStab MCV.pdf).,Application-Specific Variant (Different Applications),Ingreva RevaStab MC100; Ingreva RevaStab MCG; Revastab MCG; Textra P 105; Textra P106; Textra P 108 AH; Textra P 125; Textra P 204; Textra P105K; Textra P106 R; Textra P106 X; Textra P53; Textra P 103 25 kg; TEXTRA P 104 25 kg; Textra P100; Textra P100 25 kg,Ingreva RevaStab MCV.pdf,Modified Starch,AWA Food Additives,Ingreva,,3 years from date of production,moisture: 6% max; viscosity: 37500 - 70000 mPa.s; pH: 6.81,Methyl cellulose E461,"Paper sacks with polyethylene liner, 25 Kg.",Store in a dry place away from heat and humidity,None declared,,"Modified Starch, used in processed poultry products."
32,NRC 600,NRC 600,Dairy,Cheese & Dairy Systems,Processed Cheese & Dairy Spreads,"Functional dairy texturizer and stabilizer improving dry matter consistency, texture body, and shelf-life stability.",No,Yes,R&D Validated,Approved (TDS Verified),[Taxonomy Aligned]: Dairy ➔ Cheese & Dairy Systems ➔ Processed Cheese & Dairy Spreads | [TDS Status]: Fully verified against authentic Technical Data Sheet (NRC 600.pdf).,Single Product,None,NRC 600.pdf,Natural Color Mix,AWA Food Additives,AWA Food Solutions,75 – 100 g per 100 kg of the product,2 years from date of production,moisture: ≤ 6.00%; color value: ≥ 150 E1 cm 1% (505 nm); solubility: Soluble in Water; arsenic: ≤ 1.00 mg/kg; lead: ≤ 1.00 mg/kg,"Hibiscus extract, Vegetable extract","Paper sacks with polyethylene liner, 5 Kg",Store in a dry place away from heat and humidity,None declared,Dark brown powder,"Natural Color Mix, used in meat products - tomato paste."
33,NRC500,NRC500,Dairy,Cheese & Dairy Systems,Processed Cheese & Dairy Spreads,"Functional dairy texturizer and stabilizer improving dry matter consistency, texture body, and shelf-life stability.",No,Yes,R&D Validated,Approved (TDS Verified),[Taxonomy Aligned]: Dairy ➔ Cheese & Dairy Systems ➔ Processed Cheese & Dairy Spreads | [TDS Status]: Fully verified against authentic Technical Data Sheet (NRC500.pdf).,Single Product,None,NRC500.pdf,Natural Color Mix,AWA Food Additives,AWA Food Solutions,,2 years from date of production,Moisture (%): ≤ 6.00; Solubility: Soluble in Water; As (mg/kg): ≤ 1.00; Pb (mg/kg): ≤ 1.00,"Red Beet Concentrate, Safflower","Paper sacks with polyethylene liner, 5 Kg",Store in a dry place away from heat and humidity,None declared,Dark brown powder,"Natural Color Mix, used in all food applications."
34,NRC600,NRC600,Dairy,Cheese & Dairy Systems,Processed Cheese & Dairy Spreads,"Functional dairy texturizer and stabilizer improving dry matter consistency, texture body, and shelf-life stability.",No,Yes,R&D Validated,Approved (TDS Verified),[Taxonomy Aligned]: Dairy ➔ Cheese & Dairy Systems ➔ Processed Cheese & Dairy Spreads | [TDS Status]: Fully verified against authentic Technical Data Sheet (NRC600.pdf).,Single Product,None,NRC600.pdf,Natural Color Mix,AWA Food Additives,AWA Food Solutions,,2 years from date of production,appearance: Dark Brown Powder; moisture: ≤ 6.00; solubility: Soluble in Water; heavy metals > As: ≤ 1.00 mg/kg; heavy metals > Pb: ≤ 1.00 mg/kg; microbiological > total plate count: Max. 5000 cfu/g; microbiological > total yeasts and molds count: Max. 25 cfu/g; microbiological > coliform: Max. 30 MPN/g,"Hibiscus extract, Vegetable extract","Paper sacks with polyethylene liner, 5 Kg",Store in a dry place away from heat and humidity,None declared,Dark brown powder,"Natural Color Mix, used in meat products, Tomato past."
35,NRE 1400H,NRE 1400H,Dairy,Cheese & Dairy Systems,Processed Cheese & Dairy Spreads,"Functional dairy texturizer and stabilizer improving dry matter consistency, texture body, and shelf-life stability.",No,Yes,R&D Validated,Approved (TDS Verified),[Taxonomy Aligned]: Dairy ➔ Cheese & Dairy Systems ➔ Processed Cheese & Dairy Spreads | [TDS Status]: Fully verified against authentic Technical Data Sheet (NRE 1400H.pdf).,Single Product,None,NRE 1400H.pdf,"Blend of Vegetable Red Beet & Safflower Extracts, Erythrosine, and Antioxidant",AWA Food Additives,AWA Food Solutions,25-30g/100kg,2 years,moisture: ≤ 8.00; color intensity: 0.490; arsenic: ≤ 1.00; lead: ≤ 1.00,Erythrosine: E127; Antioxidant: E392,"Paper sacks with polyethylene liner (25, 10, 5Kg)",Store in a dry place away from heat and humidity,,Reddish brown powder,"Blend of Vegetable Red Beet & Safflower Extracts, Erythrosine, and Antioxidant, used in meat products."
36,NRE1400,NRE1400,Dairy,Cheese & Dairy Systems,Processed Cheese & Dairy Spreads,"Functional dairy texturizer and stabilizer improving dry matter consistency, texture body, and shelf-life stability.",No,Yes,R&D Validated,Approved (TDS Verified),[Taxonomy Aligned]: Dairy ➔ Cheese & Dairy Systems ➔ Processed Cheese & Dairy Spreads | [TDS Status]: Fully verified against authentic Technical Data Sheet (NRE1400.pdf).,Single Product,None,NRE1400.pdf,"Blend of Vegetable Red Beet & Safflower Extracts, Erythrosine, and Antioxidant",AWA Food Additives,AWA Food Solutions,25-30g/100kg,2 years,appearance: Reddish Brown powder; shade: Red to Pink; moisture(%): ≤8.00; colorintensityat505nm: 0.05gm/1000ml after 0.400:0.480 solution filtration; as(mg/kg): ≤ 1.00; pb(mg/kg): ≤ 1.00,erythrosine e number: E127,"Papersackswith polyethyleneliner25, 10 and 5Kg.",Store in a dry place away from heat and humidity,,Reddish brown powder,"Blend of Vegetable Red Beet & Safflower Extracts, Erythrosine, and Antioxidant, used in meat products."
37,NRE1600,NRE1600,Dairy,Cheese & Dairy Systems,Processed Cheese & Dairy Spreads,"Functional dairy texturizer and stabilizer improving dry matter consistency, texture body, and shelf-life stability.",No,Yes,R&D Validated,Approved (TDS Verified),[Taxonomy Aligned]: Dairy ➔ Cheese & Dairy Systems ➔ Processed Cheese & Dairy Spreads | [TDS Status]: Fully verified against authentic Technical Data Sheet (NRE1600.pdf).,Single Product,None,NRE1600.pdf,Food-Grade Red Color,AWA Food Additives,AWA Food Solutions,25-30g/100kg,2 years,Moisture (%): <=8.00; Color intensity at 505 nm: 0.430: 0.510; As (mg/kg): <= 1.00; Pb (mg/kg): <= 1.00,Erythrosine E127; Caramel color E150c,"Paper sacks with polyethylene liner (25, 10 and 5Kg)",Store in a dry place away from heat and humidity,None declared,Red reddish brown powder,"Food-Grade Red Color, used in meat products."
40,Phos 10,Phos 10,Meat & Poultry,Poultry Processing & Sausages,Injected Chicken / Turkey Breasts & Sausages,"Increases muscle protein ionic strength and pH, maximizing brine retention, reducing cooking purge, and enhancing sausage snap.",No,Yes,R&D Validated,Approved (TDS Verified),[Taxonomy Aligned]: Meat & Poultry ➔ Poultry Processing & Sausages ➔ Injected Chicken / Turkey Breasts & Sausages | [TDS Status]: Fully verified against authentic Technical Data Sheet (Phos 10_TDS.pdf).,Single Product,None,Phos 10_TDS.pdf,"Sodium Polyphosphates, Sodium Tripolyphosphate",AWA Food Additives,Turkphos,0.3 – 0.5%,2 years,Moisture: Max 3%; pH (1% solution): 8.5 : 10; P O: 56 : 58%; Arsenic: Max. 1 ppm; Lead: Max. 1 ppm; Mercury: Max. 1 ppm; Cadmium: Max. 1 ppm,"Sodium polyphosphates, E452, Sodium Tripolyphosphate, E451","Paper sacks with polyethylene liner, 25 Kg",Should be stored under cool and dry conditions. (protect from humidity),None declared,White powder,"Sodium Polyphosphates, Sodium Tripolyphosphate manufactured by Turkphos, used in meat Products, Meat Emulsions."
41,Phos 11,Phos 11,Meat & Poultry,Poultry Processing & Sausages,Injected Chicken / Turkey Breasts & Sausages,"Increases muscle protein ionic strength and pH, maximizing brine retention, reducing cooking purge, and enhancing sausage snap.",No,Yes,R&D Validated,Approved (TDS Verified),[Taxonomy Aligned]: Meat & Poultry ➔ Poultry Processing & Sausages ➔ Injected Chicken / Turkey Breasts & Sausages | [TDS Status]: Fully verified against authentic Technical Data Sheet (Phos 11_TDS.pdf).,Single Product,None,Phos 11_TDS.pdf,Phosphate Blend,AWA Food Additives,Turkphos,0.3 – 0.5%,2 years,Moisture: Max 3%; pH (1% solution): 9.1: 10.2; P O5: 25.6 : 59%,"Sodium diphosphates E450, Sodium Tripolyphosphate E451","Paper sacks with polyethylene liner, 25 Kg","Cool and dry conditions, Protect from humidity",None declared,White powder,"Phosphate Blend manufactured by Turkphos, used in food products."
42,Phos 8,Phos 8,Meat & Poultry,Poultry Processing & Sausages,Injected Chicken / Turkey Breasts & Sausages,"Increases muscle protein ionic strength and pH, maximizing brine retention, reducing cooking purge, and enhancing sausage snap.",No,Yes,R&D Validated,Approved (TDS Verified),[Taxonomy Aligned]: Meat & Poultry ➔ Poultry Processing & Sausages ➔ Injected Chicken / Turkey Breasts & Sausages | [TDS Status]: Fully verified against authentic Technical Data Sheet (Phos 8_TDS.PDF).,Single Product,None,Phos 8_TDS.PDF,Sodium Phosphates,AWA Food Additives,Turkphos,0.3 – 0.5%,2 years from date of production,"Moisture: Max 3%, pH(1%solution): 8.2, Heavy Metal Specifications: Arsenic: Max. 1 ppm, Lead: Max. 1 ppm, Mercury: Max. 1 ppm, Cadmium: Max. 1 ppm","Sodium polyphosphates E452, Sodium Tripolyphosphate E451, E450, Sodium diphosphate",Paper sacks with polyethylene liner 25 Kg,Should be stored under cool and dry conditions. (protect from humidity),None declared,White powder,"Sodium Phosphates manufactured by Turkphos, used in meat Products, Meat Emulsions."
43,Phos AC04,Phos AC04,Meat & Poultry,Poultry Processing & Sausages,Injected Chicken / Turkey Breasts & Sausages,"Increases muscle protein ionic strength and pH, maximizing brine retention, reducing cooking purge, and enhancing sausage snap.",No,Yes,R&D Validated,Approved (TDS Verified),[Taxonomy Aligned]: Meat & Poultry ➔ Poultry Processing & Sausages ➔ Injected Chicken / Turkey Breasts & Sausages | [TDS Status]: Fully verified against authentic Technical Data Sheet (Phos AC04-TDS.pdf).,Single Product,None,Phos AC04-TDS.pdf,Emulsifying Salt Based On Phosphate,AWA Food Additives,Turkphos,0.1 - 1% calculated on processed raw material,2 years from date of production,pH-shift: -1/-1.5; pH (1% solution): 4 : 4.6; P O: 63.3% ± 1; Moisture: Max 3%,Sodium Orthophosphate E339,Paper sacks with polyethylene liner 25 Kg,Cool and dry conditions (protect from humidity),None declared,White powder,"Emulsifying Salt Based On Phosphate, used in meat products, cheese, bakery."
44,Phos B200,Phos B200,Meat & Poultry,Poultry Processing & Sausages,Injected Chicken / Turkey Breasts & Sausages,"Increases muscle protein ionic strength and pH, maximizing brine retention, reducing cooking purge, and enhancing sausage snap.",No,Yes,R&D Validated,Approved (TDS Verified),[Taxonomy Aligned]: Meat & Poultry ➔ Poultry Processing & Sausages ➔ Injected Chicken / Turkey Breasts & Sausages | [TDS Status]: Fully verified against authentic Technical Data Sheet (Phos B200-TDS.pdf).,Single Product,None,Phos B200-TDS.pdf,Emulsifying Salt Based On Phosphate,AWA Food Additives,Turkphos,approx. 2 - 3.5% calculated on processed raw material,2 years from date of production,pH-shift: +0.2/+0.4; Ion exchange capacity: Slight; Creaming action: Very strong; Buffering capacity: Medium strong; Moisture: Max 3%; pH (1% solution): 9.4 ± 0.3; P O: 59.7% ± 1,"Sodium diphosphate E450, Sodium polyphosphates E452",Paper sacks with polyethylene liner 25 Kg.,Should be stored under cool and dry conditions. (protect from humidity),None declared,White powder,"Emulsifying Salt Based On Phosphate, used in production of processed cheese."
45,Phos B250,Phos B250,Meat & Poultry,Poultry Processing & Sausages,Injected Chicken / Turkey Breasts & Sausages,"Increases muscle protein ionic strength and pH, maximizing brine retention, reducing cooking purge, and enhancing sausage snap.",No,Yes,R&D Validated,Approved (TDS Verified),[Taxonomy Aligned]: Meat & Poultry ➔ Poultry Processing & Sausages ➔ Injected Chicken / Turkey Breasts & Sausages | [TDS Status]: Fully verified against authentic Technical Data Sheet (Phos B250-TDS.pdf).,Single Product,None,Phos B250-TDS.pdf,Emulsifying Salt Based On Phosphate,AWA Food Additives,Turkphos,approx. 2.5 - 3%,2 years from date of production,pH: 6.8 ± 0.3; Moisture: Max 3%; Ion exchange capacity: Very strong; pH-shift: None; Creaming action: None; Buffering capacity: None,Sodium polyphosphates E452,"Paper sacks with polyethylene liner, 25 Kg","Cool and dry conditions, Protect from humidity",None declared,White powder,"Emulsifying Salt Based On Phosphate, used in processed cheese."
46,Phos B300,Phos B300,Meat & Poultry,Poultry Processing & Sausages,Injected Chicken / Turkey Breasts & Sausages,"Increases muscle protein ionic strength and pH, maximizing brine retention, reducing cooking purge, and enhancing sausage snap.",No,Yes,R&D Validated,Approved (TDS Verified),[Taxonomy Aligned]: Meat & Poultry ➔ Poultry Processing & Sausages ➔ Injected Chicken / Turkey Breasts & Sausages | [TDS Status]: Fully verified against authentic Technical Data Sheet (Phos B300-TDS.pdf).,Single Product,None,Phos B300-TDS.pdf,Emulsifying Salt Based On Phosphate,AWA Food Additives,Turkphos,3 - 3.5% calculated on processed raw material,2 years from date of production,"pH-shift: -0.1/-0.2; Ion exchange capacity: Very strong; Buffering capacity: Slight; pH (1% solution): 7.4 ± 0.3; P O: 64% ± 1; Moisture: Max 3% ISO 9001, ISO 14001, ISO 45001, FSSC: V6","Sodium polyphosphates E452, Sodium orthophosphate E339",Paper sacks with polyethylene liner 25 Kg,"Cool and dry conditions, Protect from humidity",None declared,White powder,"Emulsifying Salt Based On Phosphate, used in production of firm processed cheese block sliceable and cuttable elastic block cheese."
47,Phos B350,Phos B350,Meat & Poultry,Poultry Processing & Sausages,Injected Chicken / Turkey Breasts & Sausages,"Increases muscle protein ionic strength and pH, maximizing brine retention, reducing cooking purge, and enhancing sausage snap.",No,Yes,R&D Validated,Approved (TDS Verified),[Taxonomy Aligned]: Meat & Poultry ➔ Poultry Processing & Sausages ➔ Injected Chicken / Turkey Breasts & Sausages | [TDS Status]: Fully verified against authentic Technical Data Sheet (Phos B350-TDS.pdf).,Single Product,None,Phos B350-TDS.pdf,Emulsifying Salt,AWA Food Additives,Turkphos,3.5 - 4% calculated on processed raw material,2 years from date of production,pH (1% solution): 7.4 ± 0.3; P O: 61% ± 1; Moisture: Max 3%,"Sodium polyphosphates E452, Sodium diphosphate E450, Calcium phosphate E341, Sodium orthophosphate E339","Paper sacks with polyethylene liner, 25 Kg","Cool and dry conditions, Protect from humidity",None declared,White powder,"Emulsifying Salt manufactured by Essential Elements for Food Perfection, used in meat products, cheese, bakery."
48,Phos CR116,Phos CR116,Meat & Poultry,Poultry Processing & Sausages,Injected Chicken / Turkey Breasts & Sausages,"Increases muscle protein ionic strength and pH, maximizing brine retention, reducing cooking purge, and enhancing sausage snap.",No,Yes,R&D Validated,Approved (TDS Verified),[Taxonomy Aligned]: Meat & Poultry ➔ Poultry Processing & Sausages ➔ Injected Chicken / Turkey Breasts & Sausages | [TDS Status]: Fully verified against authentic Technical Data Sheet (Phos CR116-TDS.pdf).,Single Product,None,Phos CR116-TDS.pdf,Emulsifying Salt,AWA Food Additives,Turkphos,approx. 1.5 - 2% calculated on processed raw material,2 years from date of production,pH: 7.1 ± 0.3; pH shift: +0.1/+0.3; ion exchange capacity: Very strong; buffering capacity: Medium strong; moisture: Max 3%; p: 28.3% ±1,"Sodium polyphosphates E452, Sodium citrate E331","Paper sacks with polyethylene liner, 25 Kg","Cool and dry conditions, Protect from humidity",None declared,White powder,"Emulsifying Salt manufactured by Essential Elements for Food Perfection, used in meat products, cheese, bakery."
49,Phos CR120,Phos CR120,Meat & Poultry,Poultry Processing & Sausages,Injected Chicken / Turkey Breasts & Sausages,"Increases muscle protein ionic strength and pH, maximizing brine retention, reducing cooking purge, and enhancing sausage snap.",No,Yes,R&D Validated,Approved (TDS Verified),[Taxonomy Aligned]: Meat & Poultry ➔ Poultry Processing & Sausages ➔ Injected Chicken / Turkey Breasts & Sausages | [TDS Status]: Fully verified against authentic Technical Data Sheet (Phos CR120-TDS.pdf).,Single Product,None,Phos CR120-TDS.pdf,Stabilizer,AWA Food Additives,Turkphos,1.5 - 2% calculated on processed raw material,2 years from date of production,pH: 7.7 ± 0.3; P2O5: 61% ± 1; moisture: Max 3%; pH-shift: +0.1/+0.2; ion exchange capacity: Medium strong; creaming action: Slight; buffering capacity: Medium strong,"Sodium polyphosphates E452, Sodium orthohosphate E339",Paper sacks with polyethylene liner 25 Kg.,Should be stored under cool and dry conditions. (protect from humidity),None declared,White powder,"Stabilizer manufactured by Essential Elements for Food Perfection, used in cream cheese, (Thermized fresh cheese)."
50,Phos KC12,Phos KC12,Meat & Poultry,Poultry Processing & Sausages,Injected Chicken / Turkey Breasts & Sausages,"Increases muscle protein ionic strength and pH, maximizing brine retention, reducing cooking purge, and enhancing sausage snap.",No,Yes,R&D Validated,Approved (TDS Verified),[Taxonomy Aligned]: Meat & Poultry ➔ Poultry Processing & Sausages ➔ Injected Chicken / Turkey Breasts & Sausages | [TDS Status]: Fully verified against authentic Technical Data Sheet (Phos KC12-TDS.pdf).,Single Product,None,Phos KC12-TDS.pdf,Emulsifying Salt Based On Phosphate,AWA Food Additives,Turkphos,0.1 - 1% calculated on processed raw material,2 years from date of production,pH-shift: +0.1/+1.5; Ion exchange capacity: None; pH (1% solution): 11.5 : 12.5; P O: 41.2% ± 1; Moisture: Max 3%,Sodium orthophosphate E339,Paper sacks with polyethylene liner 25 Kg,"Cool and dry conditions, Protect from humidity",None declared,White powder,"Emulsifying Salt Based On Phosphate, used in meat products, cheese, bakery."
51,Phos MSL400,Phos MSL400,Meat & Poultry,Poultry Processing & Sausages,Injected Chicken / Turkey Breasts & Sausages,"Increases muscle protein ionic strength and pH, maximizing brine retention, reducing cooking purge, and enhancing sausage snap.",No,Yes,R&D Validated,Approved (TDS Verified),[Taxonomy Aligned]: Meat & Poultry ➔ Poultry Processing & Sausages ➔ Injected Chicken / Turkey Breasts & Sausages | [TDS Status]: Fully verified against authentic Technical Data Sheet (Phos MSL400-TDS.pdf).,Single Product,None,Phos MSL400-TDS.pdf,Emulsifying Salt Based On Phosphate and Citrate,AWA Food Additives,Turkphos,approx. 2.5 - 3% calculated on processed raw material,2 years from date of production,pH-shift: +0.1/+0.2; Ion exchange capacity: Medium strong; Buffering capacity: Medium strong; Moisture: Max 3%; pH (1% solution): 6.9 ± 0.3; P O: 25.5% ±1,"Sodium Citrate E331, Sodium polyphosphates E452, Potassium Phosphates E340",Paper sacks with polyethylene liner 25 Kg,"Cool and dry conditions, Protect from humidity",None declared,White powder,"Emulsifying Salt Based On Phosphate and Citrate manufactured by Phos, used in meat products, cheese, bakery."
52,Phos MSL440,Phos MSL440,Meat & Poultry,Poultry Processing & Sausages,Injected Chicken / Turkey Breasts & Sausages,"Increases muscle protein ionic strength and pH, maximizing brine retention, reducing cooking purge, and enhancing sausage snap.",No,Yes,R&D Validated,Approved (TDS Verified),[Taxonomy Aligned]: Meat & Poultry ➔ Poultry Processing & Sausages ➔ Injected Chicken / Turkey Breasts & Sausages | [TDS Status]: Fully verified against authentic Technical Data Sheet (Phos MSL440-TDS.pdf).,Single Product,None,Phos MSL440-TDS.pdf,Emulsifying Salt Based On Phosphate and Citrate,AWA Food Additives,Turkphos,approx. 2.5 - 3% calculated on processed raw material,2 years from date of production,pH: 8.5 ±0.3; pH shift: +0.3/+0.4; ion exchange capacity: Slight; buffering capacity: Very strong; moisture: Max 3%,"Sodium Citrate E331, Sodium orthophosphate E339, Sodium polyphosphates E452","Paper sacks with polyethylene liner, 25 Kg","Cool and dry conditions, Protect from humidity",None declared,White powder,"Emulsifying Salt Based On Phosphate and Citrate manufactured by Phos, used in meat products, cheese, bakery."
53,Phos MSL500,Phos MSL500,Meat & Poultry,Poultry Processing & Sausages,Injected Chicken / Turkey Breasts & Sausages,"Increases muscle protein ionic strength and pH, maximizing brine retention, reducing cooking purge, and enhancing sausage snap.",No,Yes,R&D Validated,Approved (TDS Verified),[Taxonomy Aligned]: Meat & Poultry ➔ Poultry Processing & Sausages ➔ Injected Chicken / Turkey Breasts & Sausages | [TDS Status]: Fully verified against authentic Technical Data Sheet (Phos MSL500-TDS.pdf).,Single Product,None,Phos MSL500-TDS.pdf,Emulsifying Salt Based On Phosphate and Citrate,AWA Food Additives,Turkphos,2.5 - 3% calculated on processed raw material,2 years from date of production,pH: 8.9 ± 0.3; Moisture: Max 3%; P O: 31% ± 1,"Sodium orthophosphate E339, Sodium citrate E331, Sodium polyphosphates E452","Paper sacks with polyethylene liner, 25 Kg","Cool and dry conditions, Protect from humidity",None declared,White powder,"Emulsifying Salt Based On Phosphate and Citrate manufactured by Phos, used in meat products, cheese, bakery."
54,Phos MU100,Phos MU100,Meat & Poultry,Poultry Processing & Sausages,Injected Chicken / Turkey Breasts & Sausages,"Increases muscle protein ionic strength and pH, maximizing brine retention, reducing cooking purge, and enhancing sausage snap.",No,Yes,R&D Validated,Approved (TDS Verified),[Taxonomy Aligned]: Meat & Poultry ➔ Poultry Processing & Sausages ➔ Injected Chicken / Turkey Breasts & Sausages | [TDS Status]: Fully verified against authentic Technical Data Sheet (Phos MU100-TDS.pdf).,Single Product,None,Phos MU100-TDS.pdf,Modified Starch,AWA Food Additives,Turkphos,0.02 - 0.08% calculated in final product,2 years from date of production,pH (1% solution): 7.8 ± 0.3; Moisture: Max 3%; P O: 59.1% ± 1,"Sodium polyphosphates E452, Sodium orthophosphate E339, Sodium tripolyphosphate E451, Sodium diphosphate E450",Paper sacks with polyethylene liner 25 Kg,Should be stored under cool and dry conditions.,None declared,White powder,"Modified Starch manufactured by Essential Elements for Food Perfection, used in uHT milk, evaporated milk, UHT cream, meat products, cheese, bakery."
55,Phos MU200,Phos MU200,Meat & Poultry,Poultry Processing & Sausages,Injected Chicken / Turkey Breasts & Sausages,"Increases muscle protein ionic strength and pH, maximizing brine retention, reducing cooking purge, and enhancing sausage snap.",No,Yes,R&D Validated,Approved (TDS Verified),[Taxonomy Aligned]: Meat & Poultry ➔ Poultry Processing & Sausages ➔ Injected Chicken / Turkey Breasts & Sausages | [TDS Status]: Fully verified against authentic Technical Data Sheet (Phos MU200-TDS.pdf).,Single Product,None,Phos MU200-TDS.pdf,Phosphate Based Salts,AWA Food Additives,Turkphos,0.02-0.08% calculated in final product,2 years from date of production,pH (1% solution): 11.4 ±0.3; P O: 57% ± 1; Moisture: Max 3%; pH-shift: +0.2/+0.4; Calcium binding: Very strong; Buffering capacity: Very strong,"Sodium polyphosphates E452, Sodium orthohosphate E339",Paper sacks with polyethylene liner 25 Kg,Should be stored under cool and dry conditions,None declared,White powder,"Phosphate Based Salts manufactured by Essential Elements for Food Perfection, used in uHT milk, evaporated milk, and UHT cream."
56,Phos MU300,Phos MU300,Meat & Poultry,Poultry Processing & Sausages,Injected Chicken / Turkey Breasts & Sausages,"Increases muscle protein ionic strength and pH, maximizing brine retention, reducing cooking purge, and enhancing sausage snap.",No,Yes,R&D Validated,Approved (TDS Verified),[Taxonomy Aligned]: Meat & Poultry ➔ Poultry Processing & Sausages ➔ Injected Chicken / Turkey Breasts & Sausages | [TDS Status]: Fully verified against authentic Technical Data Sheet (Phos MU300-TDS.pdf).,Single Product,None,Phos MU300-TDS.pdf,Phosphate and Citrate Salts Used as Stabilizer,AWA Food Additives,Turkphos,0.02 to 0.08% calculated in final product,2 years from date of production,pH (1% solution): 11.3 ±0.3; P 2 O 5: 40.6% ± 1; Arsenic: Max. 1 ppm; Lead: Max. 1 ppm; Mercury: Max. 1 ppm; Cadmium: Max. 1 ppm,Sodium orthophosphate E339; Sodium polyphosphates E452; Sodium citrate E331,Paper sacks with polyethylene liner 25 Kg,Should be stored under cool and dry conditions. Protect from humidity.,None declared,White powder,"Phosphate and Citrate Salts Used as Stabilizer manufactured by Essential Elements for Food Perfection, used in uHT milk, evaporated milk, and UHT cream."
57,Phos SP101,Phos SP101,Meat & Poultry,Poultry Processing & Sausages,Injected Chicken / Turkey Breasts & Sausages,"Increases muscle protein ionic strength and pH, maximizing brine retention, reducing cooking purge, and enhancing sausage snap.",No,Yes,R&D Validated,Approved (TDS Verified),[Taxonomy Aligned]: Meat & Poultry ➔ Poultry Processing & Sausages ➔ Injected Chicken / Turkey Breasts & Sausages | [TDS Status]: Fully verified against authentic Technical Data Sheet (Phos SP101-TDS.pdf).,Single Product,None,Phos SP101-TDS.pdf,Emulsifier,AWA Food Additives,Turkphos,2 - 3.5% calculated on processed raw material,2 years from date of production,pH (1% solution): 7 ±0.3; Moisture: Max 3%; P O: 63% ± 1,"Sodium diphosphate E450, Sodium polyphosphates E452",Paper sacks with polyethylene liner 25 Kg,"Cool and dry conditions, Protect from humidity",None declared,White powder,"Emulsifier manufactured by Essential Elements, used in meat products, cheese."
58,Phos SP102,Phos SP102,Meat & Poultry,Poultry Processing & Sausages,Injected Chicken / Turkey Breasts & Sausages,"Increases muscle protein ionic strength and pH, maximizing brine retention, reducing cooking purge, and enhancing sausage snap.",No,Yes,R&D Validated,Approved (TDS Verified),[Taxonomy Aligned]: Meat & Poultry ➔ Poultry Processing & Sausages ➔ Injected Chicken / Turkey Breasts & Sausages | [TDS Status]: Fully verified against authentic Technical Data Sheet (Phos SP102-TDS.pdf).,Single Product,None,Phos SP102-TDS.pdf,Emulsifying Salt Based On Phosphate,AWA Food Additives,Turkphos,approx. 2.8 - 3.2% calculated on processed raw material,2 years from date of production,pH (1% solution): 6.4 ±0.3; P O: 64% ± 1; Moisture: Max 3%; pH-shift: -0.2/-0.4; Ion exchange capacity: Very strong; Creaming action: Medium strong; Buffering capacity: Slight,"Sodium diphosphate E450, Sodium polyphosphates E452",Paper sacks with polyethylene liner 25 Kg.,Should be stored under cool and dry conditions. (protect from humidity),None declared,White powder,"Emulsifying Salt Based On Phosphate, used in production of spreadable and firm processed cheese."
59,Phos SP120,Phos SP120,Meat & Poultry,Poultry Processing & Sausages,Injected Chicken / Turkey Breasts & Sausages,"Increases muscle protein ionic strength and pH, maximizing brine retention, reducing cooking purge, and enhancing sausage snap.",No,Yes,R&D Validated,Approved (TDS Verified),[Taxonomy Aligned]: Meat & Poultry ➔ Poultry Processing & Sausages ➔ Injected Chicken / Turkey Breasts & Sausages | [TDS Status]: Fully verified against authentic Technical Data Sheet (Phos SP120-TDS.pdf).,Single Product,None,Phos SP120-TDS.pdf,Emulsifying Salt Based On Phosphate,AWA Food Additives,Turkphos,2 - 3.5% calculated on processed raw material,2 years from date of production,pH: 9.0 ± 0.3; Moisture: Max 3%; P O: 60.3% ± 1,"Sodium polyphosphates E452, Sodium orthophosphate E339","Paper sacks with polyethylene liner, 25 Kg","Cool and dry conditions, Protect from humidity",None declared,White powder,"Emulsifying Salt Based On Phosphate, used in meat products, cheese."
60,Phos SP122,Phos SP122,Meat & Poultry,Poultry Processing & Sausages,Injected Chicken / Turkey Breasts & Sausages,"Increases muscle protein ionic strength and pH, maximizing brine retention, reducing cooking purge, and enhancing sausage snap.",No,Yes,R&D Validated,Approved (TDS Verified),[Taxonomy Aligned]: Meat & Poultry ➔ Poultry Processing & Sausages ➔ Injected Chicken / Turkey Breasts & Sausages | [TDS Status]: Fully verified against authentic Technical Data Sheet (Phos SP122-TDS.pdf).,Single Product,None,Phos SP122-TDS.pdf,Emulsifying Salt Based On Phosphate,AWA Food Additives,Turkphos,2 - 3.5% calculated on processed raw material,2 years from date of production,pH-shift: +0.4/+0.6; Ion exchange capacity: Very strong; Buffering capacity: Medium strong; Moisture: Max 3%; pH (1% solution): 10.7 ± 0.3; P O: 64% ± 1,"Sodium orthophosphate E339, Sodium polyphosphates E452",Paper sacks with polyethylene liner 25 Kg.,"Cool and dry conditions, Protect from humidity",None declared,White powder,"Emulsifying Salt Based On Phosphate manufactured by Essential Elements for Food Perfection, used in meat products, cheese, bakery."
61,Phos SP125,Phos SP125,Meat & Poultry,Poultry Processing & Sausages,Injected Chicken / Turkey Breasts & Sausages,"Increases muscle protein ionic strength and pH, maximizing brine retention, reducing cooking purge, and enhancing sausage snap.",No,Yes,R&D Validated,Approved (TDS Verified),[Taxonomy Aligned]: Meat & Poultry ➔ Poultry Processing & Sausages ➔ Injected Chicken / Turkey Breasts & Sausages | [TDS Status]: Fully verified against authentic Technical Data Sheet (Phos SP125-TDS.pdf).,Single Product,None,Phos SP125-TDS.pdf,Emulsifying Salt Based On Phosphate,AWA Food Additives,Turkphos,approx. 2 - 3.5% calculated on processed raw material,2 years from date of production,pH (1% solution): 8.8 ± 0.3; Moisture: Max 3%; P O: 61.5% ± 1,"Sodium diphosphate E450, Sodium polyphosphates E452",Paper sacks with polyethylene liner 25 Kg,"Cool and dry conditions, Protect from humidity",None declared,White powder,"Emulsifying Salt Based On Phosphate manufactured by Essential Elements for Food Perfection, used in production of processed cheese."
62,Phos SP130,Phos SP130,Meat & Poultry,Poultry Processing & Sausages,Injected Chicken / Turkey Breasts & Sausages,"Increases muscle protein ionic strength and pH, maximizing brine retention, reducing cooking purge, and enhancing sausage snap.",No,Yes,R&D Validated,Approved (TDS Verified),[Taxonomy Aligned]: Meat & Poultry ➔ Poultry Processing & Sausages ➔ Injected Chicken / Turkey Breasts & Sausages | [TDS Status]: Fully verified against authentic Technical Data Sheet (Phos SP130-TDS.pdf).,Single Product,None,Phos SP130-TDS.pdf,Emulsifying Salt Based On Phosphate and Citrates,AWA Food Additives,Turkphos,approx. 3.5 - 4% calculated on processed raw material,2 years from date of production,P2O5: 47.57% ± 1; pH (1% solution): 6.4 ± 0.3; Moisture: Max 3%,"Sodium diphosphate E450, Sodium citrate E331, Sodium orthophosphate E339",Paper sacks with polyethylene liner 25 Kg,"Cool and dry conditions, Protect from humidity",None declared,White powder,"Emulsifying Salt Based On Phosphate and Citrates, used in meat products, cheese."
63,Phos SP135,Phos SP135,Meat & Poultry,Poultry Processing & Sausages,Injected Chicken / Turkey Breasts & Sausages,"Increases muscle protein ionic strength and pH, maximizing brine retention, reducing cooking purge, and enhancing sausage snap.",No,Yes,R&D Validated,Approved (TDS Verified),[Taxonomy Aligned]: Meat & Poultry ➔ Poultry Processing & Sausages ➔ Injected Chicken / Turkey Breasts & Sausages | [TDS Status]: Fully verified against authentic Technical Data Sheet (Phos SP135-TDS.pdf).,Single Product,None,Phos SP135-TDS.pdf,Emulsifying Salt Based On Phosphate and Citrates,AWA Food Additives,Turkphos,3.5 - 4% calculated on processed raw material,2 years from date of production,pH: 7.4 ± 0.3; pH shift: +0.2/+0.4; ion exchange capacity: Medium strong; creaming action: Medium strong; buffering capacity: Weak; moisture: Max 3%; pO: 44.18% ± 1,"Sodium diphosphate E450, Sodium citrate E331, Sodium polyphosphates E452",Paper sacks with polyethylene liner 25 Kg,"Cool and dry conditions, Protect from humidity",None declared,White powder,"Emulsifying Salt Based On Phosphate and Citrates manufactured by Essential Elements for Food Perfection, used in meat products, cheese, bakery."
64,Phos SP140,Phos SP140,Meat & Poultry,Poultry Processing & Sausages,Injected Chicken / Turkey Breasts & Sausages,"Increases muscle protein ionic strength and pH, maximizing brine retention, reducing cooking purge, and enhancing sausage snap.",No,Yes,R&D Validated,Approved (TDS Verified),[Taxonomy Aligned]: Meat & Poultry ➔ Poultry Processing & Sausages ➔ Injected Chicken / Turkey Breasts & Sausages | [TDS Status]: Fully verified against authentic Technical Data Sheet (Phos SP140-TDS.pdf).,Single Product,None,Phos SP140-TDS.pdf,Emulsifying Salt,AWA Food Additives,Turkphos,approx. 2.5% calculated on processed raw material,2 years from date of production,pH: 9.3 ± 0.3; pH-shift: +0.2/+0.5; Ion exchange capacity: Slight; Buffering capacity: Medium strong; Moisture: Max 3%; P O: 56.3% ± 1,"Sodium polyphosphates E452, Sodium diphosphate E450",Paper sacks with polyethylene liner 25 Kg.,Should be stored under cool and dry conditions (protect from humidity),None declared,White powder,"Emulsifying Salt, used in meat products, cheese, bakery."
65,Phos SP145,Phos SP145,Meat & Poultry,Poultry Processing & Sausages,Injected Chicken / Turkey Breasts & Sausages,"Increases muscle protein ionic strength and pH, maximizing brine retention, reducing cooking purge, and enhancing sausage snap.",No,Yes,R&D Validated,Approved (TDS Verified),[Taxonomy Aligned]: Meat & Poultry ➔ Poultry Processing & Sausages ➔ Injected Chicken / Turkey Breasts & Sausages | [TDS Status]: Fully verified against authentic Technical Data Sheet (Phos SP145-TDS.pdf).,Single Product,None,Phos SP145-TDS.pdf,Emulsifying Salt,AWA Food Additives,Turkphos,3.5 - 4% calculated on processed raw material,2 years from date of production,pH (1% solution): 7.6 ± 0.3; Moisture: Max 3%; pH-shift: +0.1/+0.2; Ion exchange capacity: Very strong; Buffering capacity: Medium strong,"Sodium polyphosphates E452, Sodium diphosphate E450, Sodium Citrate E331, Sodium orthophosphate E339",Paper sacks with polyethylene liner 25 Kg,"Cool and dry conditions, Protect from humidity",None declared,White powder,"Emulsifying Salt, used in meat products, cheese, bakery."
66,Phos SP152,Phos SP152,Meat & Poultry,Poultry Processing & Sausages,Injected Chicken / Turkey Breasts & Sausages,"Increases muscle protein ionic strength and pH, maximizing brine retention, reducing cooking purge, and enhancing sausage snap.",No,Yes,R&D Validated,Approved (TDS Verified),[Taxonomy Aligned]: Meat & Poultry ➔ Poultry Processing & Sausages ➔ Injected Chicken / Turkey Breasts & Sausages | [TDS Status]: Fully verified against authentic Technical Data Sheet (Phos SP152-TDS.pdf).,Single Product,None,Phos SP152-TDS.pdf,Emulsifying Salt Based On Phosphate,AWA Food Additives,Turkphos,approx. 2 - 3.5% calculated on processed raw material,2 years from date of production,pH (1% solution): 9.0 ± 0.3; pH-shift: +0.2/+0.4; Ion exchange capacity: Slight; Buffering capacity: Medium strong; Moisture: Max 3%; P O: 59.4% ± 1,"Sodium diphosphate E450, Sodium polyphosphates E452",Paper sacks with polyethylene liner 25 Kg.,"Cool and dry conditions, Protect from humidity",None declared,White powder,"Emulsifying Salt Based On Phosphate, used in production of processed cheese."
67,Phos SP154,Phos SP154,Meat & Poultry,Poultry Processing & Sausages,Injected Chicken / Turkey Breasts & Sausages,"Increases muscle protein ionic strength and pH, maximizing brine retention, reducing cooking purge, and enhancing sausage snap.",No,Yes,R&D Validated,Approved (TDS Verified),[Taxonomy Aligned]: Meat & Poultry ➔ Poultry Processing & Sausages ➔ Injected Chicken / Turkey Breasts & Sausages | [TDS Status]: Fully verified against authentic Technical Data Sheet (Phos SP154-TDS.pdf).,Single Product,None,Phos SP154-TDS.pdf,Emulsifying Salt,AWA Food Additives,Turkphos,3 – 3.5 % calculated on processed raw material,2 years from date of production,pH: 8.0 ± 0.3; pH-shift: +0.2/+0.4; Ion exchange capacity: Very strong; Creaming action: Medium strong; Buffering capacity: Slight; Moisture: Max 3%; pH (1% solution): 8.0 ± 0.3; P2O5: 55.83% ± 1,Sodium polyphosphates E452; Sodium diphosphate E450; Sodium Citrate E331; Sodium orthophosphate E339,Paper sacks with polyethylene liner 25 Kg,Should be stored under cool and dry conditions. Protect from humidity.,None declared,White powder,"Emulsifying Salt manufactured by Essential Elements for Food Perfection, used in meat products, cheese, bakery."
68,Phos SP227,Phos SP227,Meat & Poultry,Poultry Processing & Sausages,Injected Chicken / Turkey Breasts & Sausages,"Increases muscle protein ionic strength and pH, maximizing brine retention, reducing cooking purge, and enhancing sausage snap.",No,Yes,R&D Validated,Approved (TDS Verified),[Taxonomy Aligned]: Meat & Poultry ➔ Poultry Processing & Sausages ➔ Injected Chicken / Turkey Breasts & Sausages | [TDS Status]: Fully verified against authentic Technical Data Sheet (Phos SP227-TDS.pdf).,Single Product,None,Phos SP227-TDS.pdf,Emulsifier,AWA Food Additives,Turkphos,2 – 3% according to protein content,2 years from date of production,pH: 7.0 ± 0.3; pH shift: +0.1/+0.2; ion exchange capacity: Very strong; moisture: Max 1.5%; p: 61.5% ± 1,"Sodium polyphosphates E452, Sodium orthophosphate E339, Sodium diphosphate E450",Paper sacks with polyethylene liner 25 Kg,"Cool and dry conditions, Protect from humidity",None declared,White powder,"Emulsifier manufactured by Essential Elements for Food Perfection, used in meat products, cheese, bakery."
69,Phos-BS,Phos-BS,Meat & Poultry,Poultry Processing & Sausages,Injected Chicken / Turkey Breasts & Sausages,"Increases muscle protein ionic strength and pH, maximizing brine retention, reducing cooking purge, and enhancing sausage snap.",No,Yes,R&D Validated,Approved (TDS Verified),[Taxonomy Aligned]: Meat & Poultry ➔ Poultry Processing & Sausages ➔ Injected Chicken / Turkey Breasts & Sausages | [TDS Status]: Fully verified against authentic Technical Data Sheet (Phos-BS-TDS.pdf).,Single Product,None,Phos-BS-TDS.pdf,Modified Starch,AWA Food Additives,Turkphos,0.3 - 1% calculated on the final product,2 years from date of production,pH (1% solution): 6.0 ± 0.3; Moisture: Max 3%; pH-shift: 0/- 0.1; Ion exchange capacity: Very strong,"Sodium polyphosphates E452, Sodium orthophosphate E339",Paper sacks with polyethylene liner 25 Kg,"Cool and dry conditions, Protect from humidity",None declared,White powder,"Modified Starch, used in meat products, cheese, bakery."
70,RevaStab ID 15 - Copy,RevaStab ID 15 - Copy,Dairy,Cheese & Dairy Systems,Processed Cheese & Dairy Spreads,"Functional dairy texturizer and stabilizer improving dry matter consistency, texture body, and shelf-life stability.",No,Yes,R&D Validated,Approved (TDS Verified),[Taxonomy Aligned]: Dairy ➔ Cheese & Dairy Systems ➔ Processed Cheese & Dairy Spreads | [TDS Status]: Fully verified against authentic Technical Data Sheet (RevaStab ID 15 - Copy.pdf).,Single Product,None,RevaStab ID 15 - Copy.pdf,Modified Starch,AWA Food Additives,Ingreva,"{""2"": 0.68, ""4"": 0.68, ""6"": 0.65, ""8"": 0.65, ""10"": 0.63, ""12"": 0.63}",24 months from production date,Moisture: Max. 5%; Viscosity (1% sol. at 25°C): Min. 510 cps; Viscosity (1% sol. at 75°C): Min. 210 cps,Mono & Diglycerides of fatty acids E471; Guar Gum E412; Cellulose Gum E466; Carrageenan E407; Dextrose Anhydrous,"Paper sacks with polyethylene liner, 25Kg.","Store at cool and dry place, Away from aromatic products",,Off-white to yellowish powder,"Modified Starch, used in ice Cream."
71,RevaStab ID 15,RevaStab ID 15,Dairy,Cheese & Dairy Systems,Processed Cheese & Dairy Spreads,"Functional dairy texturizer and stabilizer improving dry matter consistency, texture body, and shelf-life stability.",No,Yes,R&D Validated,Approved (TDS Verified),[Taxonomy Aligned]: Dairy ➔ Cheese & Dairy Systems ➔ Processed Cheese & Dairy Spreads | [TDS Status]: Fully verified against authentic Technical Data Sheet (RevaStab ID 15.pdf).,Single Product,None,RevaStab ID 15.pdf,"Mono & Diglycerides of Fatty Acids, Guar Gum, Cellulose Gum, Carrageenan, Dextrose Anhydrous",AWA Food Additives,Ingreva,"{""2"": 0.68, ""4"": 0.68, ""6"": 0.65, ""8"": 0.65, ""10"": 0.63, ""12"": 0.63}",24 months from production date,Moisture: Max. 5%; Viscosity (1% sol. at 25°C): Min. 510 cps; Viscosity (1% sol. at 75°C): Min. 210 cps,Mono & Diglycerides of fatty acids (E471); Guar Gum (E412); Cellulose Gum (E466); Carrageenan (E407); Dextrose Anhydrous,"Paper sacks with polyethylene liner, 25Kg","Store at cool and dry place, Away from aromatic products",,Off-white to yellowish powder,"Mono & Diglycerides of Fatty Acids, Guar Gum, Cellulose Gum, Carrageenan, Dextrose Anhydrous, used in ice Cream."
72,RevaStab NF04,RevaStab NF04,Dairy,Cheese & Dairy Systems,Processed Cheese & Dairy Spreads,"Functional dairy texturizer and stabilizer improving dry matter consistency, texture body, and shelf-life stability.",No,Yes,R&D Validated,Approved (TDS Verified),[Taxonomy Aligned]: Dairy ➔ Cheese & Dairy Systems ➔ Processed Cheese & Dairy Spreads | [TDS Status]: Fully verified against authentic Technical Data Sheet (RevaStab NF04.pdf).,Single Product,None,RevaStab NF04.pdf,Modified Starch,AWA Food Additives,Ingreva,"{""0%"": 0.75, ""2%"": 0.75, ""4%"": 0.7}",2 years,"pH (1% solution): 6.8; Ash: Max 8%; Moisture: Max 8%; Viscosity 1% sol. (L2, 200 rpm) at 75°c: Min 60 cPs; Viscosity 1% sol. (L2, 60 rpm) at 25°c: Min 300 cPs",Mono–and diglycerides of fatty acids (E471); Guar (E412); CarGraugmeena (E407); LBG (E410),"Paper sacks with polyethylene liner, 20 Kg.",Store in a dry place away from heat and humidity,None declared,Off white to yellowish powder,"Modified Starch, used in ice Cream."
73,RevaStab PZ,RevaStab PZ,Dairy,Cheese & Dairy Systems,Processed Cheese & Dairy Spreads,"Functional dairy texturizer and stabilizer improving dry matter consistency, texture body, and shelf-life stability.",No,Yes,R&D Validated,Approved (TDS Verified),[Taxonomy Aligned]: Dairy ➔ Cheese & Dairy Systems ➔ Processed Cheese & Dairy Spreads | [TDS Status]: Fully verified against authentic Technical Data Sheet (RevaStab PZ.pdf).,Single Product,None,RevaStab PZ.pdf,Modified Starch,AWA Food Additives,Ingreva,,24 months,"loss on drying: 14%(w/w)max.; acetyl groups content: not less than 1.5%(w/w); pH: 4,5-7,0; SO2: 10mg/kgmax.; Arsenic: 0,5mg/kgmax.; Lead: 0,1mg/kgmax.; Mercury: 0,02mg/kgmax.; Brookfield viscosity: 800-1100cp","Modified corn starch E1422 (Acetylated distarch adipate), corn basis","Paper sacks with polyethylene liner, 25 Kg.",Store in a dry place away from heat and humidity.,,"Powder, White to off-white",Modified Starch.
74,Revastab MCG,Textra / Revastab Meat & Gelling Blends,Dairy,Cheese & Dairy Systems,Processed Cheese & Dairy Spreads,"Functional dairy texturizer and stabilizer improving dry matter consistency, texture body, and shelf-life stability.",Yes,Yes,R&D Validated,Approved (TDS Verified),[Taxonomy Aligned]: Dairy ➔ Cheese & Dairy Systems ➔ Processed Cheese & Dairy Spreads | [TDS Status]: Fully verified against authentic Technical Data Sheet (Revastab MCG.pdf).,Application-Specific Variant (Different Applications),Ingreva RevaStab MC100; Ingreva RevaStab MCG; Ingreva RevaStab MCV; Textra P 105; Textra P106; Textra P 108 AH; Textra P 125; Textra P 204; Textra P105K; Textra P106 R; Textra P106 X; Textra P53; Textra P 103 25 kg; TEXTRA P 104 25 kg; Textra P100; Textra P100 25 kg,Revastab MCG.pdf,Stabilizer System,AWA Food Additives,Ingreva,0.2–0.5%,2 years,Moisture: Max 10%; Ash: Max 5%; pH: 7±1; Viscosity 25°C (1%): Min 100 cPs (170 L3/200),"Carrageenan E407, Guar gum E412","Paper sacks with polyethylene liner, 25 Kg",Store in a dry place away from heat and humidity,None declared,Creamy to white powder,"Stabilizer System, used in processed Cheese."
75,Revastab SF22,Revastab SF22,Dairy,Cheese & Dairy Systems,Processed Cheese & Dairy Spreads,"Functional dairy texturizer and stabilizer improving dry matter consistency, texture body, and shelf-life stability.",No,Yes,R&D Validated,Approved (TDS Verified),[Taxonomy Aligned]: Dairy ➔ Cheese & Dairy Systems ➔ Processed Cheese & Dairy Spreads | [TDS Status]: Fully verified against authentic Technical Data Sheet (Revastab SF22.pdf).,Single Product,None,Revastab SF22.pdf,Food Grade Stabilizers & Emulsifier,AWA Food Solutions,AWA Food Solutions,0.45% in sorbet and 0.65% in sherbet,2 years from date of production,appearance: Off White to Yellowish Powder; moisture: Max.8%; ash: Max.8%; viscosity > 25°c: Min. 290cPs; viscosity > 75°c: Min.100cPs,Pectin E440ii; Mono- and diglycerides of fatty acids E471; CMC E466; Carrageenan E407; Guar gum E412; LBG E410,"Paper sacks with polyethylene liner, 20 Kg.",Store in a dry place away from heat and humidity,None declared,Off white to yellowish powder,"Food Grade Stabilizers & Emulsifier, used in sorbet and sherbet with natural fruits and natural pulp."
76,Revastab-VPM 15,Revastab-VPM 15,Dairy,Cheese & Dairy Systems,Processed Cheese & Dairy Spreads,"Functional dairy texturizer and stabilizer improving dry matter consistency, texture body, and shelf-life stability.",No,Yes,R&D Validated,Approved (TDS Verified),[Taxonomy Aligned]: Dairy ➔ Cheese & Dairy Systems ➔ Processed Cheese & Dairy Spreads | [TDS Status]: Fully verified against authentic Technical Data Sheet (Revastab-VPM  15.pdf).,Single Product,None,Revastab-VPM  15.pdf,Modified Starch,AWA Food Additives,Ingreva,20-25% of the mixture weight,24 months,moisture content: Max. 12%; pH: 7 - 10,Sodium Alginate E401; Carrageenan E407; Micro crystalline cellulose E460i; Calcium salt E509,"Paper sacks with polyethylene liner, 25 Kg.",Stored in dry place away from direct sunlight,None declared,White powder,"Modified Starch manufactured by Ingreva, used in meat; Poultry."
77,Revastab-VPM 30,Revastab-VPM 30,Dairy,Cheese & Dairy Systems,Processed Cheese & Dairy Spreads,"Functional dairy texturizer and stabilizer improving dry matter consistency, texture body, and shelf-life stability.",No,Yes,R&D Validated,Approved (TDS Verified),[Taxonomy Aligned]: Dairy ➔ Cheese & Dairy Systems ➔ Processed Cheese & Dairy Spreads | [TDS Status]: Fully verified against authentic Technical Data Sheet (Revastab-VPM 30.pdf).,Single Product,None,Revastab-VPM 30.pdf,"Modified Starch, Emulsifier, Carrageenan",AWA Food Additives,Ingreva,1 powder : 15 oil : 30 water,24 months,moisture: Max. 12%; pH: 7 - 10,Sodium Alginate E401; Carrageenan E407; Micro crystalline cellulose E460i; Calcium salt E509,"Paper sacks with polyethylene liner, 25 Kg.",Stored in dry place away from direct sunlight,None declared,White powder,"Modified Starch, Emulsifier, Carrageenan manufactured by Ingreva, used in meat, Poultry."
78,RevastabID-06,RevastabID-06,Dairy,Cheese & Dairy Systems,Processed Cheese & Dairy Spreads,"Functional dairy texturizer and stabilizer improving dry matter consistency, texture body, and shelf-life stability.",No,Yes,R&D Validated,Approved (TDS Verified),[Taxonomy Aligned]: Dairy ➔ Cheese & Dairy Systems ➔ Processed Cheese & Dairy Spreads | [TDS Status]: Fully verified against authentic Technical Data Sheet (RevastabID-06.pdf).,Single Product,None,RevastabID-06.pdf,Mixture of Food Grade Ingredients (Modified Starch/Stabilizer Blend),AWA Food Additives,Ingreva,"{""6%"": 0.7, ""8%"": 0.68}",2 years,"pH (1% solution): 7.9; Ash: Max 8%; Moisture: Max 8%; Viscosity 1% sol. (L3, 200 rpm) at 75°c: Min 110cPs; Viscosity 1% sol. (L3, 200 rpm) at 25°c: Min 290cPs",Mono – and diglycerides of fatty acids E471; Guar Gum E412; Cellulose Gum E466; Carrageenan E407; LBG E410,Paper sacks with polyethylene liner 20 Kg.,Store in a dry place away from heat and humidity.,None declared,Off white to yellowish powder,"Mixture of Food Grade Ingredients (Modified Starch/Stabilizer Blend), used in ice Cream."
79,SF19,SF19,Dairy,Cheese & Dairy Systems,Processed Cheese & Dairy Spreads,"Functional dairy texturizer and stabilizer improving dry matter consistency, texture body, and shelf-life stability.",No,Yes,R&D Validated,Approved (TDS Verified),[Taxonomy Aligned]: Dairy ➔ Cheese & Dairy Systems ➔ Processed Cheese & Dairy Spreads | [TDS Status]: Fully verified against authentic Technical Data Sheet (SF19.pdf).,Single Product,None,SF19.pdf,Food Grade Stabilizers & Emulsifier Blend in Powder Form,AWA Food Solutions,AWA Food Solutions,"0.65% (dependent on specific recipe, dietary restrictions and desired texture)",2 years from date of production,"appearance: Off White to yellowish Powder; moisture: Max. 8%; ash: Max. 8%; viscosity > 1% sol. (L2,200 rpm) at 75°c: Min. 70cPs; viscosity > 1% sol. (L2,100 rpm) at 25°c: Min. 190cPs",Pectin E440ii; Mono-and diglycerides of fatty acids E471; CMC E466; Carrageenan E407; Guar gum E412; LBG E410,Carton box containing PE bags (20 kg per bag),Store in a dry place away from heat and humidity,"None declared, but cross contamination with Cereals, Lupin, Molluscs",Off white to yellowish powder,"Food Grade Stabilizers & Emulsifier Blend in Powder Form, used in extruded sorbet with natural fruits and natural pulp."
80,SF20,SF20,Dairy,Cheese & Dairy Systems,Processed Cheese & Dairy Spreads,"Functional dairy texturizer and stabilizer improving dry matter consistency, texture body, and shelf-life stability.",No,Yes,R&D Validated,Approved (TDS Verified),[Taxonomy Aligned]: Dairy ➔ Cheese & Dairy Systems ➔ Processed Cheese & Dairy Spreads | [TDS Status]: Fully verified against authentic Technical Data Sheet (SF20.pdf).,Single Product,None,SF20.pdf,Blend of Food Grade Stabilizers & Emulsifier in Powder Form,AWA Food Solutions,AWA Food Solutions,"0.7% depending on the specific recipe, dietary restrictions and desired texture",2 years from date of production,"appearance: Off White to Yellowish Powder; moisture: Max. 8%; ash: Max. 11%; viscosity > 1% sol. (L2, 200 rpm) at 75°c: Min. 65cPs; viscosity > 1% sol. (L2, 60 rpm) at 25°c: Min. 210cPs",Pectin E440ii; Mono-and diglycerides of fatty acids E471; CMC E466; Carrageenan E407; Guar gum E412; LBG E410,Carton box containing PE bags (20kg per bag),Store in a dry place away from heat and humidity,None declared,Off white to yellowish powder,"Blend of Food Grade Stabilizers & Emulsifier in Powder Form, used in extruded sorbet with natural fruits and natural pulp."
81,SF22,SF22,Dairy,Cheese & Dairy Systems,Processed Cheese & Dairy Spreads,"Functional dairy texturizer and stabilizer improving dry matter consistency, texture body, and shelf-life stability.",No,Yes,R&D Validated,Approved (TDS Verified),[Taxonomy Aligned]: Dairy ➔ Cheese & Dairy Systems ➔ Processed Cheese & Dairy Spreads | [TDS Status]: Fully verified against authentic Technical Data Sheet (SF22.pdf).,Single Product,None,SF22.pdf,Food Grade Stabilizers & Emulsifier in Powder Form,AWA Food Solutions,AWA Food Solutions,"0.65% (dependent on specific recipe, dietary restrictions and desired texture)",2 years from date of production,moisture: Max. 8%; ash: Max. 8%; viscosity > at 75°C: Min. 100 cPs; viscosity > at 25°C: Min. 290 cPs,Pectin E440ii; Mono-and diglycerides of fatty acids E471; CMC E466; Carrageenan E407; Guar gum E412; LBG E410,Carton box containing PE bags (20 kg per bag),Store in a dry place away from heat and humidity,None declared,Off white to yellowish powder,"Food Grade Stabilizers & Emulsifier in Powder Form, used in extruded sorbet with natural fruits and natural pulp."
82,STARPRO - PDS (HP-CF T0577) Tapioca,STARPRO - PDS (HP-CF T0577) Tapioca,"Sauces, Condiments & Dressings",Tomato & Table Sauces,Ketchup & BBQ Sauces,"Delivers freeze-thaw stability, high shear resistance, glossy sheen, and smooth texture.",No,Yes,R&D Validated,Approved (TDS Verified),"[Taxonomy Aligned]: Sauces, Condiments & Dressings ➔ Tomato & Table Sauces ➔ Ketchup & BBQ Sauces | [TDS Status]: Fully verified against authentic Technical Data Sheet (STARPRO - PDS (HP-CF T0577) Tapioca.pdf).",Single Product,None,STARPRO - PDS (HP-CF T0577) Tapioca.pdf,Modified Starch,AWA Food Additives,STARPRO,,24 months,"Moisture: 11.0 - 14.0 %; pH: 5.0 - 8.0; Hydroxypropyl Group: 4.5 - 6.0 %; Total Plate Count: 10,000 CFU/g; Yeast & Mold: 100 CFU/g; E.Coli: Negative","Hydroxypropyl Distarch Phosphate (Modified Tapioca Starch, INS 1442)","20/25 kg Three Layers Kraft Paper Bag, 500/850 kg FIBCs Jumbo Bag",Keep in dry and clean place at room temperature,None declared,White to off-white powder,"Modified Starch manufactured by Starpro Starch (Thailand) Co., Ltd, used in food Additive."
83,Siveele Technical Sheet Nataseen-L,Siveele Technical Sheet Nataseen-L,Dairy,Cheese,Cheese Surface Protection,Natural antifungal/antibacterial bio-preservation preventing surface mold and bacterial spoilage without affecting fermentation cultures.,No,Yes,R&D Validated,Approved (TDS Verified),[Taxonomy Aligned]: Dairy ➔ Cheese ➔ Cheese Surface Protection | [TDS Status]: Fully verified against authentic Technical Data Sheet (Siveele Technical Sheet Nataseen-L.pdf).,Single Product,None,Siveele Technical Sheet Nataseen-L.pdf,Natural Antimicrobial Preservative,AWA Food Additives,"Škrobárny Pelhřimov, a.s",5-50 mg per kg,24 months from date of production when stored according to recommendations,Natamycin (E235): Min. 50%; Lactose: Max. 50%,"Natamycin (E235), Lactose",10 kg per carton / 20 x 500 gram jars,"Store in cool (<25°C) and dry conditions (<65% RH). Once opened, Store between 4-25°C in original package in dry conditions, Away from direct sunlight.",Contains: Milk and products thereof (including lactose),"Powder, Off-white to creamy","Natural Antimicrobial Preservative manufactured by Siveele B.V., used in meat products, cheese, bakery, yoghurt, sour cream, cream cheese, cottage cheese, fruit juices, fruit pulp, canned foods, quick frozen lobster, fish pastes, fish roe and spawn."
84,Siveele Technical Sheet NiseenR-S,Siveele Technical Sheet NiseenR-S,Dairy,Cheese,Cheese Surface Protection,Natural antifungal/antibacterial bio-preservation preventing surface mold and bacterial spoilage without affecting fermentation cultures.,No,Yes,R&D Validated,Approved (TDS Verified),[Taxonomy Aligned]: Dairy ➔ Cheese ➔ Cheese Surface Protection | [TDS Status]: Fully verified against authentic Technical Data Sheet (Siveele Technical Sheet NiseenR-S.pdf).,Single Product,None,Siveele Technical Sheet NiseenR-S.pdf,Natural Antimicrobial,AWA Food Additives,"Škrobárny Pelhřimov, a.s",25-500 mg per kg or litre of food,24 months from date of production when stored according to recommendations,"Nisin (E 234) Min. 1,000 IU/mg, Sodium chloride Min. 50%",Nisin,10 kg per carton / 20 x 500 gram jars,"Store in cool (<25°C) and dry conditions (<65% RH). Once opened, Store between 4-25°C in original package in dry conditions, Away from direct sunlight.",None declared,"Powder, Off-white to light tan","Natural Antimicrobial manufactured by Siveele B.V., used in meat products, cheese, bakery, cream products, dairy and fat based desserts, yoghurt, flavoured milk and milk drinks, fruit and vegetable preparations, dips and snacks, pasteurised liquid egg products, slices and toppings, canned food, processed meats and fermentation products."
85,Sweetex 2E,Sweetex 2E,Beverages,Carbonated Drinks & Juices,Sugar-Free Soft Drinks & Flavored Waters,High-intensity clean sweetness profile with zero calories and synergistic sweetening power.,No,Yes,R&D Validated,Approved (TDS Verified),[Taxonomy Aligned]: Beverages ➔ Carbonated Drinks & Juices ➔ Sugar-Free Soft Drinks & Flavored Waters | [TDS Status]: Fully verified against authentic Technical Data Sheet (Sweetex 2E -TDS.pdf).,Single Product,None,Sweetex 2E -TDS.pdf,Non-Caloric Sweetener's Mixture,AWA Food Solutions,AWA Food Solutions,,24 months from production date,appearance: White Crystalline Powder; solubility: Soluble in water; moisture content: ≤1%; ash content: ≤1%,"Erythritol E 968, Sucralose E 955, Anti-caking Agent E 551","Paper sacks with polyethylene liner (5kg, 10kg and 25kg)","Keep in a cool and dry place, Away from heat and sunlight",None declared,White crystalline powder,"Non-Caloric Sweetener's Mixture, used in ice cream, Confectionery, Beverages (Hot and Cold) and Bakery."
86,Sweetex 2F,Sweetex 2F,Beverages,Carbonated Drinks & Juices,Sugar-Free Soft Drinks & Flavored Waters,High-intensity clean sweetness profile with zero calories and synergistic sweetening power.,No,Yes,R&D Validated,Approved (TDS Verified),[Taxonomy Aligned]: Beverages ➔ Carbonated Drinks & Juices ➔ Sugar-Free Soft Drinks & Flavored Waters | [TDS Status]: Fully verified against authentic Technical Data Sheet (Sweetex 2F -TDS.pdf).,Single Product,None,Sweetex 2F -TDS.pdf,Non-Caloric Sweetener's Mixture,AWA Food Solutions,AWA Food Solutions,,24 months from production date,appearance: White Crystalline Powder; solubility: Soluble in water; moisture content: ≤1%; ash content: ≤1%; total plate count: ≤ 500 cfu/g; total yeasts and molds count: ≤ 50 cfu/g; coliform: <10 cfu/g; e coli: Absent / g,"Erythritol E 968, Fructooligosaccharides, Anti-caking Agent E 551","Paper sacks with polyethylene liner (5kg, 10kg and 25kg)","Keep in a cool and dry place, Away from heat and sunlight",None declared,White crystalline powder,"Non-Caloric Sweetener's Mixture, used in ice cream, Confectionery, Beverages (Hot and Cold) and Bakery."
87,Sweetex 2P,Sweetex 2P,Beverages,Carbonated Drinks & Juices,Sugar-Free Soft Drinks & Flavored Waters,High-intensity clean sweetness profile with zero calories and synergistic sweetening power.,No,Yes,R&D Validated,Approved (TDS Verified),[Taxonomy Aligned]: Beverages ➔ Carbonated Drinks & Juices ➔ Sugar-Free Soft Drinks & Flavored Waters | [TDS Status]: Fully verified against authentic Technical Data Sheet (Sweetex 2P -TDS.pdf).,Single Product,None,Sweetex 2P -TDS.pdf,Non-Caloric Sweetener's Mixture,AWA Food Solutions,AWA Food Solutions,,24 months from production date,appearance: White Crystalline Powder; solubility: Soluble in water; moisture content: ≤1%; ash content: ≤1%,"Erythritol E 968, Polydextrose E 1200, Anti-caking Agent E 551","Paper sacks with polyethylene liner (5kg, 10kg and 25kg)","Keep in a cool and dry place, Away from heat and sunlight",None declared,White crystalline powder,"Non-Caloric Sweetener's Mixture, used in ice cream, Confectionery, Beverages (Hot and Cold) and Bakery."
88,Sweetex S,Sweetex S,Beverages,Carbonated Drinks & Juices,Sugar-Free Soft Drinks & Flavored Waters,High-intensity clean sweetness profile with zero calories and synergistic sweetening power.,No,Yes,R&D Validated,Approved (TDS Verified),[Taxonomy Aligned]: Beverages ➔ Carbonated Drinks & Juices ➔ Sugar-Free Soft Drinks & Flavored Waters | [TDS Status]: Fully verified against authentic Technical Data Sheet (Sweetex S - TDS.PDF).,Single Product,None,Sweetex S - TDS.PDF,Non-Caloric Sweetener,AWA Food Solutions,AWA Food Solutions,,24 months from production date,appearance: White Crystalline Powder; odor: Neutral; solubility: Soluble in water; moisture content: ≤1%; ash content: ≤1%; total plate count: ≤ 500 cfu/g; total yeasts and molds count: ≤ 50 cfu/g; coliform: <10 cfu/g; e coli: Absent / g,Erythritol E968; Stevia E960; Anti-caking Agent E551,"Paper sacks with polyethylene liner (5kg, 10kg and 25kg)","Keep in a cool and dry place, Away from heat and sunlight",None declared,White crystalline powder,"Non-Caloric Sweetener, used in ice cream; Confectionery; Beverages (Hot and Cold); Bakery."
89,Sweetex SS,Sweetex SS,Beverages,Carbonated Drinks & Juices,Sugar-Free Soft Drinks & Flavored Waters,High-intensity clean sweetness profile with zero calories and synergistic sweetening power.,No,Yes,R&D Validated,Approved (TDS Verified),[Taxonomy Aligned]: Beverages ➔ Carbonated Drinks & Juices ➔ Sugar-Free Soft Drinks & Flavored Waters | [TDS Status]: Fully verified against authentic Technical Data Sheet (Sweetex SS - TDS.PDF).,Single Product,None,Sweetex SS - TDS.PDF,Non-Caloric Sweetener's Mixture,AWA Food Solutions,AWA Food Solutions,1g per serving,24 months from production date,appearance: White Crystalline Powder; odor: Neutral; solubility: Soluble in water; moisture content: ≤1%; ash content: ≤1%; total plate count: ≤ 500 cfu/g; total yeasts and molds count: ≤ 50 cfu/g; coliform: <10 cfu/g; e coli: Absent / g,Erythritol E968; Stevia E960; Sucralose E955; Anti-caking Agent E551,"Paper sacks with polyethylene liner (5kg, 10kg and 25kg)","Keep in a cool and dry place, Away from heat and sunlight",None declared,White crystalline powder,"Non-Caloric Sweetener's Mixture, used in ice cream; Confectionery; Beverages (Hot and Cold); Bakery."
90,ID-20,ID-20,Dairy,Cheese & Dairy Systems,Processed Cheese & Dairy Spreads,"Functional dairy texturizer and stabilizer improving dry matter consistency, texture body, and shelf-life stability.",No,Yes,R&D Validated,Approved (TDS Verified),[Taxonomy Aligned]: Dairy ➔ Cheese & Dairy Systems ➔ Processed Cheese & Dairy Spreads | [TDS Status]: Fully verified against authentic Technical Data Sheet (TDS ID-20.pdf).,Single Product,None,TDS ID-20.pdf,Modified Starch,AWA Food Additives,AWA Food Solutions,"{""2"": 0.7, ""4"": 0.7, ""6"": 0.65, ""8"": 0.65, ""10"": 0.6, ""12"": 0.6}",24 months,pH: 8±1; Ash: Max 7%; Moisture: Max.8%; Viscosity > 25°c: Min 400cPs; Viscosity > 75°c: Min 230cPs,Mono & Diglycerides of fatty acids (E471); Guar Gum (E412); Cellulose Gum (E466); Carrageenan (E407); LBG (E410); Dextrose Anhydrous,Carton box containing PE bags (20 kg per bag),Store at cool and dry place away from aromatic products,None declared,Off white to yellowish powder,"Modified Starch, used in ice Cream."
91,TEXTRA BV100,TEXTRA BV100,Dairy,Cheese & Dairy Systems,Processed Cheese & Dairy Spreads,"Functional dairy texturizer and stabilizer improving dry matter consistency, texture body, and shelf-life stability.",No,Yes,R&D Validated,Approved (TDS Verified),[Taxonomy Aligned]: Dairy ➔ Cheese & Dairy Systems ➔ Processed Cheese & Dairy Spreads | [TDS Status]: Fully verified against authentic Technical Data Sheet (TEXTRA BV100.pdf).,Single Product,None,TEXTRA BV100.pdf,Food-Grade Stabilisers Blend,AWA Food Solutions,AWA Food Solutions,0.2 – 0.3%,2 years,appearance: Fine powder; color: Off white to yellowish white,Cellulose gum E466; Xanthan gum E415; Guar gum E412,unopened bags,Cool and dry,None declared,Fine powder,"Food-Grade Stabilisers Blend manufactured by Textra BV, used in fruit drinks and fruit drink concentrates."
92,TEXTRA _ D237,TEXTRA _ D237,Dairy,Cheese & Dairy Systems,Processed Cheese & Dairy Spreads,"Functional dairy texturizer and stabilizer improving dry matter consistency, texture body, and shelf-life stability.",No,Yes,R&D Validated,Approved (TDS Verified),[Taxonomy Aligned]: Dairy ➔ Cheese & Dairy Systems ➔ Processed Cheese & Dairy Spreads | [TDS Status]: Fully verified against authentic Technical Data Sheet (TEXTRA _ D237.pdf).,Single Product,None,TEXTRA _ D237.pdf,Emulsifier and Stabilizers,AWA Food Solutions,AWA Food Solutions,0.1-0.3%,2 years,appearance: Fine powder; color: Off white to yellowish powder; moisture: Max. 15%,Mono- and diglycerides: E471; Carrageenan: E407; Guar gum: E412,"Paper sacks with polyethylene liner, 25 Kg.",Store in a dry place away from heat and humidity,None declared,Fine powder,"Emulsifier and Stabilizers, used in chocolate milk, Recombined milk."
93,TVP TDS-A+,TVP TDS-A+,Meat & Poultry,Minced Meat & Meat Alternatives,"Burgers, Kofta & Plant-Based Nuggets","Provides meat-like fibrous chewiness, binds fat and water, reduces formulation cost, and builds structure in meat patties and plant-based nuggets.",No,Yes,R&D Validated,Approved (TDS Verified),"[Taxonomy Aligned]: Meat & Poultry ➔ Minced Meat & Meat Alternatives ➔ Burgers, Kofta & Plant-Based Nuggets | [TDS Status]: Fully verified against authentic Technical Data Sheet (TVP TDS-A+.pdf).",Single Product,None,TVP TDS-A+.pdf,Textured Soy Protein,AWA Food Additives,AWA Food Solutions,Hydrate by adding 2.5 -3 kg of water for every kg of TVP,,Moisture: Max 10%; Protein: Min 50%; Lipids: Max 1%; Fiber: 4%; Ash: Max 8%; Carbohydrates: Min.29; Water absorption: 280%-320%; Yaest/Mold: <100 cfu/g; Total Aerobia: <20000 cfu/g; E.coli: Negative; Salmonella/25g: Negative,Soy protein,Multifold paper bags 13 kg,Easy use and storage,,Textured powder,"Textured Soy Protein manufactured by Awa Food Additives, used in meat products."
94,TVP,TVP,Meat & Poultry,Minced Meat & Meat Alternatives,"Burgers, Kofta & Plant-Based Nuggets","Provides meat-like fibrous chewiness, binds fat and water, reduces formulation cost, and builds structure in meat patties and plant-based nuggets.",No,Yes,R&D Validated,Approved (TDS Verified),"[Taxonomy Aligned]: Meat & Poultry ➔ Minced Meat & Meat Alternatives ➔ Burgers, Kofta & Plant-Based Nuggets | [TDS Status]: Fully verified against authentic Technical Data Sheet (TVP TDS.pdf).",Single Product,None,TVP TDS.pdf,Textured Soy Protein,AWA Food Additives,AWA Food Solutions,2.5-3 kg of water for every kg of TVP,,Moisture: Max 10%; Protein: D/B (N*6.25) Min 40%; Lipids: Max 1%; Fiber: 4%; Ash: Max 8%; Carbohydrates: Min.29; Water absorption: 280%-320%; Yaest/Mold: <100 cfu/g; Total Aerobia: <20000 cfu/g; E.coli: Negative; Salmonella/25g: Negative,,Multifold paper bags 15 kg,,,,"Textured Soy Protein manufactured by Awa Food Additives, used in meat products."
95,Talaga 300,Talaga 300,Dairy,Cheese,Triangular Processed Cheese,Specialized texturizer and emulsification stabilizer to prevent fat separation and eliminate oiling-off in portioned foil triangles.,No,Yes,R&D Validated,Approved (TDS Verified),[Taxonomy Aligned]: Dairy ➔ Cheese ➔ Triangular Processed Cheese | [TDS Status]: Fully verified against authentic Technical Data Sheet (Talaga 300.pdf).,Single Product,None,Talaga 300.pdf,"Modified Starch, Emulsifier",AWA Food Additives,Turkphos,0.25 -0.35%,2 years,moisture: Max. 4%; viscosity: 12 : 22 cPs; pH: 7-9,Emulsifiers E471; Disodium phosphate E339; Guar Gum E412; Gelatin E441; Salt,Paper sacks with polyethylene liner 25 Kg.,Store in a dry place away from heat and humidity.,None declared,White cheese powder,"Modified Starch, Emulsifier, used in talaga white cheese."
96,Textra - D237,Textra - D237,Dairy,Cheese & Dairy Systems,Processed Cheese & Dairy Spreads,"Functional dairy texturizer and stabilizer improving dry matter consistency, texture body, and shelf-life stability.",No,Yes,R&D Validated,Approved (TDS Verified),[Taxonomy Aligned]: Dairy ➔ Cheese & Dairy Systems ➔ Processed Cheese & Dairy Spreads | [TDS Status]: Fully verified against authentic Technical Data Sheet (Textra - D237.pdf).,Single Product,None,Textra - D237.pdf,Food-Grade Emulsifier and Stabilisers,AWA Food Solutions,AWA Food Solutions,0.1-0.3%,24 months,"appearance: Fine powder; color: Off white to yellowish powder; loss on drying: Not more than 15%; microbiological > total plate count: max. 10,000 cfu/g; microbiological > yeast and mould: max. 500 cfu/g; microbiological > salmonella: absent in 25 g; microbiological > e coli: absent in 1 g","Mono- and diglycerides E471, Carrageenan E407, Guar gum E412","Paper sacks with polyethylene liner, 25 kg",Store in a dry place away from direct sunlight,None declared,Fine powder,"Food-Grade Emulsifier and Stabilisers manufactured by Textra, used in chocolate milk, Recombined milk."
97,Textra BV238,Textra BV238,Dairy,Cheese & Dairy Systems,Processed Cheese & Dairy Spreads,"Functional dairy texturizer and stabilizer improving dry matter consistency, texture body, and shelf-life stability.",No,Yes,R&D Validated,Approved (TDS Verified),[Taxonomy Aligned]: Dairy ➔ Cheese & Dairy Systems ➔ Processed Cheese & Dairy Spreads | [TDS Status]: Fully verified against authentic Technical Data Sheet (Textra BV238.pdf).,Single Product,None,Textra BV238.pdf,Modified Starch,AWA Food Solutions,AWA Food Solutions,0.2 – 0.3%,24 months,moisture limits: not more than 10%,name: Cellulose gum; e-number: E466; name: Xanthan gum; e-number: E415; name: Guar gum; e-number: E412,"Heavy duty bags, 25 kg",Store in a dry place away from direct sunlight,None declared,Off white to yellowish powder,"Modified Starch manufactured by Textra BV, used in fruit drinks and fruit drink concentrates."
98,Textra CM ICE 200ⓩ,Textra Dairy & Ice Cream Stabilizers,Dairy,Frozen Dairy,Ice Cream & Frozen Desserts,"Provides controlled overrun (air incorporation), creamy texture, and melting resistance.",Yes,Yes,R&D Validated,Approved (TDS Verified),[Taxonomy Aligned]: Dairy ➔ Frozen Dairy ➔ Ice Cream & Frozen Desserts | [TDS Status]: Fully verified against authentic Technical Data Sheet (Textra CM ICE 200ⓩ.pdf).,Application-Specific Variant (Different Applications),Textra CM 110; Textra CM Ice 200 ⓢ,Textra CM ICE 200ⓩ.pdf,Mixture of Food Grade Ingredients (Ice Cream Stabilizer/Emulsifier Blend),AWA Food Solutions,AWA Food Solutions,0.60 - 0.35% depending on fat content,2 years from date of production,pH: 8 : 10; moisture: Max. 5%; viscosity: Min 80 cPs,Mono & diglycerides of fatty acids E471; Guar Gum EE-441721; Cellulose Gum E466; Carrageenan E407; Dextrose Anhydrous,Carton box containing PE bags (20 kg per bag),Store in a dry place away from heat and humidity,None declared,Off white to yellowish powder,"Mixture of Food Grade Ingredients (Ice Cream Stabilizer/Emulsifier Blend), used in ice cream."
99,Textra CM Ice 200 ⓢ,Textra Dairy & Ice Cream Stabilizers,Dairy,Frozen Dairy,Ice Cream & Frozen Desserts,"Provides controlled overrun (air incorporation), creamy texture, and melting resistance.",Yes,Yes,R&D Validated,Approved (TDS Verified),[Taxonomy Aligned]: Dairy ➔ Frozen Dairy ➔ Ice Cream & Frozen Desserts | [TDS Status]: Fully verified against authentic Technical Data Sheet (Textra CM Ice 200 ⓢ TDS.pdf).,Application-Specific Variant (Different Applications),Textra CM 110; Textra CM ICE 200ⓩ,Textra CM Ice 200 ⓢ TDS.pdf,Mixture of Food Grade Ingredients (Ice Cream Stabilizer/Emulsifier Blend),AWA Food Solutions,AWA Food Solutions,"{""2"": 0.6, ""4"": 0.55, ""6"": 0.5, ""8"": 0.45, ""10"": 0.4, ""12"": 0.35}",24 months from production date,pH: 8 : 10; moisture: Max. 5%; viscosity: Min 80 cP,Microbiological Specification; M; ac; o; id; n; s; o & Diglycerides of fatty; E-471 Y; C; e; a; lif; s; o; t; r; a; m; n d; Mold Ma; <; x; 1; .; 0; 5; 0; c; 0; fu; c; /g; fu /g; Guar Gum E-412; E.Coli Absent; Cellulose Gum E-466; Carrageenan E-407; Dextrose Anhydrous,"Carton box, 20 kg",Store at cool and dry place away from aromatic products,,Off white to yellowish powder,"Mixture of Food Grade Ingredients (Ice Cream Stabilizer/Emulsifier Blend) manufactured by AWA Foodsolutions, used in ice Cream."
100,Textra Cream 300,Textra Cream 300,Dairy,Frozen Dairy,Ice Cream & Frozen Desserts,"Provides controlled overrun (air incorporation), creamy texture, and melting resistance.",No,Yes,R&D Validated,Approved (TDS Verified),[Taxonomy Aligned]: Dairy ➔ Frozen Dairy ➔ Ice Cream & Frozen Desserts | [TDS Status]: Fully verified against authentic Technical Data Sheet (Textra Cream 300.pdf).,Single Product,None,Textra Cream 300.pdf,Stabilizer,AWA Food Solutions,AWA Food Solutions,0.40-0.50%,24 months,loss on drying: Max. 12%; pH: 6 – 7; total plate count: Max. 1000 cfu/g; yeast and mold: Max. 500 cfu/g; coliform: <10 cfu/g; e coli: Absent,Gelatin; Guar Gum E-412; Dextrose Anhydrous,"Heavy duty bags, 25 kg",Store in a dry place away from direct sunlight,None declared,,"Stabilizer, used in natural Cream; Vegetable Cream."
101,Textra F 136,Textra F 136,Dairy,Cheese & Dairy Systems,Processed Cheese & Dairy Spreads,"Functional dairy texturizer and stabilizer improving dry matter consistency, texture body, and shelf-life stability.",No,Yes,R&D Validated,Approved (TDS Verified),[Taxonomy Aligned]: Dairy ➔ Cheese & Dairy Systems ➔ Processed Cheese & Dairy Spreads | [TDS Status]: Fully verified against authentic Technical Data Sheet (Textra F 136-.pdf).,Single Product,None,Textra F 136-.pdf,Blend of Food Grade Stabilizers,AWA Food Solutions,AWA Food Solutions,0.1 – 0.3% according to desired texture and protein level,24 months after production,"Loss on drying Max. 14%, pH (Measured in a 1% aqueous solution) - not specified","Modified Starch E-1422, Gelatin E-441, Mono & Diglyceride E-471, Dextrose, Yeasts and Molds, Salmonella Sp., E. Coli","25 kg, 5 kg, 1 kg Heavy duty bags","Should be stored away from aromatic products, Under cool and dry conditions",None declared,Light brown to white powder,"Blend of Food Grade Stabilizers manufactured by Awa Foodsolutions, used in yogurt, Fermented dairy products."
102,Textra FM 200X,Textra FM 200X,Dairy,Cheese & Dairy Systems,Processed Cheese & Dairy Spreads,"Functional dairy texturizer and stabilizer improving dry matter consistency, texture body, and shelf-life stability.",No,Yes,R&D Validated,Approved (TDS Verified),[Taxonomy Aligned]: Dairy ➔ Cheese & Dairy Systems ➔ Processed Cheese & Dairy Spreads | [TDS Status]: Fully verified against authentic Technical Data Sheet (Textra FM 200X.pdf).,Single Product,None,Textra FM 200X.pdf,"Modified Starch, Emulsifier, Carrageenan",AWA Food Solutions,AWA Food Solutions,0.7%,24 months,Moisture: Max.10%; Ash: Max. 8%; Viscosity: Min. 60 cPs,Pectin E-440ii; Mono and Diglycerides of fatty acids E-471; CMC E-466; Carrageenan E-407; Guar Gum E-412; Tara Gum E-417,"Heavy duty bags, 20 kg",Store in a dry place away from direct sunlight,None declared,Creamy to white powder,"Modified Starch, Emulsifier, Carrageenan, used in meat products, cheese, bakery."
103,Textra Feta 152,Textra Cheese Stabilizers,Dairy,Cheese & Dairy Systems,Processed Cheese & Dairy Spreads,"Functional dairy texturizer and stabilizer improving dry matter consistency, texture body, and shelf-life stability.",Yes,Yes,R&D Validated,Approved (TDS Verified),[Taxonomy Aligned]: Dairy ➔ Cheese & Dairy Systems ➔ Processed Cheese & Dairy Spreads | [TDS Status]: Fully verified against authentic Technical Data Sheet (Textra Feta 152.pdf).,Application-Specific Variant (Different Applications),Feta 341; Feta 400; Textra Feta 341; Textra Feta 400,Textra Feta 152.pdf,Blend of Food Grade Stabilizers & Emulsifier,AWA Food Solutions,AWA Food Solutions,0.4 – 0.5% depending on protein amount,2 years from date of production,moisture: Max. 8%; viscosity: Min 40 cPs; pH: 6 : 7.5,Emulsifiers E471; Guar gum E412; Arabic gum E414; Salt,"Paper sacks with polyethylene liner, 25 Kg",Store in a dry place away from heat and humidity,None declared,,"Blend of Food Grade Stabilizers & Emulsifier, used in low protein feta cheese."
104,Textra Feta 341,Textra Cheese Stabilizers,Dairy,Cheese,White Cheese / Feta,"Enhances curd firmness, optimizes slicing integrity, improves yield, and binds moisture stably during refrigerated brine aging.",Yes,Yes,R&D Validated,Approved (TDS Verified),[Taxonomy Aligned]: Dairy ➔ Cheese ➔ White Cheese / Feta | [TDS Status]: Fully verified against authentic Technical Data Sheet (Textra Feta 341.pdf).,Application-Specific Variant (Different Applications),Feta 341; Feta 400; Textra Feta 152; Textra Feta 400,Textra Feta 341.pdf,Blend of Food Grade Stabilizers & Emulsifier,AWA Food Solutions,AWA Food Solutions,0.3 – 0.5% depending on protein amount,2 years from date of production,moisture: Max. 8%; viscosity: Min 40 cPs; pH: 6 : 7.5,Carrageenan E407; Guar gum E412; Emulsifiers E471; Arabic gum E414; Modified Potato E1422; Tara gum E417; Salt,"Paper sacks with polyethylene liner, 25 Kg",Store in a dry place away from heat and humidity,None declared,Powder form,"Blend of Food Grade Stabilizers & Emulsifier, used in low protein feta cheese."
105,Textra Feta 400,Textra Cheese Stabilizers,Dairy,Cheese,Triangular Processed Cheese,Specialized texturizer and emulsification stabilizer to prevent fat separation and eliminate oiling-off in portioned foil triangles.,Yes,Yes,R&D Validated,Approved (TDS Verified),[Taxonomy Aligned]: Dairy ➔ Cheese ➔ Triangular Processed Cheese | [TDS Status]: Fully verified against authentic Technical Data Sheet (Textra Feta 400.pdf).,Application-Specific Variant (Different Applications),Feta 341; Feta 400; Textra Feta 152; Textra Feta 341,Textra Feta 400.pdf,Blend of Food Grade Stabilizers & Emulsifier,AWA Food Solutions,AWA Food Solutions,0.3 – 0.5% depending on protein content,2 years from date of production,moisture: Ma x. 8%; pH: 10-12; total plate count: Ma x. 5000 cfu/g; yeast and mold: Ma x 500. cfu/g; coliform: < 10 cfu/g; ecoli: Absent,Carrageenan E407; Guar Gum E412; Emulsifiers E471; Arabic gum E414; Modified Potato starch E1422; Salt,Paper sacks with polyethylene liner 25kg,Store in a dry place away from heat and humidity,None declared,Creamy to white powder,"Blend of Food Grade Stabilizers & Emulsifier, used in low protein Feta cheese."
106,Textra MA243,Textra Modified Starches,"Sauces, Condiments & Dressings",Tomato & Table Sauces,Ketchup & BBQ Sauces,"Delivers freeze-thaw stability, high shear resistance, glossy sheen, and smooth texture.",Yes,Yes,R&D Validated,Approved (TDS Verified),"[Taxonomy Aligned]: Sauces, Condiments & Dressings ➔ Tomato & Table Sauces ➔ Ketchup & BBQ Sauces | [TDS Status]: Fully verified against authentic Technical Data Sheet (Textra MA243.pdf).",Application-Specific Variant (Different Applications),REVATEX -TS4; Textra MS 4060; Textra MS Pro,Textra MA243.pdf,Modified Starch,AWA Food Solutions,AWA Food Solutions,0.04 – 0.05%,24 months,Loss on drying: Not more than 14%,"Carrageenan E407, Dextrose E1200, Mono- and diglycerides of fatty acids E471, Xanthan gum E415","Heavy duty bags, 25 kg",Store in a dry place away from direct sunlight,None declared,"Powder, Off white","Modified Starch, used in uHT foam milk."
107,Textra MS 4060,Textra Modified Starches,"Sauces, Condiments & Dressings",Tomato & Table Sauces,Ketchup & BBQ Sauces,"Delivers freeze-thaw stability, high shear resistance, glossy sheen, and smooth texture.",Yes,Yes,R&D Validated,Approved (TDS Verified),"[Taxonomy Aligned]: Sauces, Condiments & Dressings ➔ Tomato & Table Sauces ➔ Ketchup & BBQ Sauces | [TDS Status]: Fully verified against authentic Technical Data Sheet (Textra MS 4060.pdf).",Application-Specific Variant (Different Applications),REVATEX -TS4; Textra MA243; Textra MS Pro,Textra MS 4060.pdf,Modified Starch,AWA Food Solutions,AWA Food Solutions,0.25%,2 years,moisture: Max. 8%; ash: Max. 5%; total plate count: Max. 1000 cfu/g; total yeasts and molds count: Max. 500 cfu/g; coliform: <10 cfu/g; e coli: Absent,"Carbohydrates, Mono- and diglycerides E472","Paper sacks with polyethylene liner, 25 Kg.",Store in a dry place away from heat and humidity,None declared,Powder form,"Modified Starch, used in mozzarella Processed cheese."
108,Textra MS Pro,Textra Modified Starches,"Sauces, Condiments & Dressings",Tomato & Table Sauces,Ketchup & BBQ Sauces,"Delivers freeze-thaw stability, high shear resistance, glossy sheen, and smooth texture.",Yes,Yes,R&D Validated,Approved (TDS Verified),"[Taxonomy Aligned]: Sauces, Condiments & Dressings ➔ Tomato & Table Sauces ➔ Ketchup & BBQ Sauces | [TDS Status]: Fully verified against authentic Technical Data Sheet (Textra MS Pro.pdf).",Application-Specific Variant (Different Applications),REVATEX -TS4; Textra MA243; Textra MS 4060,Textra MS Pro.pdf,Modified Starch,AWA Food Solutions,AWA Food Solutions,0.5%,2 years,moisture: Max. 9%; ash: Max. 30%; viscosity: Min. 100 cPs,CMC E466; Sodium Alginate E401; Carrageenan E407,"Paper sacks with polyethylene liner, 25 Kg.",Store in a dry place away from heat and humidity,None declared,White powder,"Modified Starch, used in mozzarella Analogue in (low and medium protein)."
109,Textra ND203,Textra ND203,Dairy,Cheese & Dairy Systems,Processed Cheese & Dairy Spreads,"Functional dairy texturizer and stabilizer improving dry matter consistency, texture body, and shelf-life stability.",No,Yes,R&D Validated,Approved (TDS Verified),[Taxonomy Aligned]: Dairy ➔ Cheese & Dairy Systems ➔ Processed Cheese & Dairy Spreads | [TDS Status]: Fully verified against authentic Technical Data Sheet (Textra ND203.pdf).,Single Product,None,Textra ND203.pdf,Food-Grade Emulsifiers and Stabilizers,AWA Food Solutions,AWA Food Solutions,1.9 – 2%,12 months,appearance: Fine powder; color: Off white to yellowish powder; moisture: Ma x. 6%,Lactic acid esters of mono- and diglycerides of E472b; fatty acids; Microcrystalline cellulose E460i; Di Potassium phosphate E340; Tri Sodium phosphate E339; Sodium stearate E470a; Mono and diglycerides E471,Paper sacks with polyethylene liner 25 Kg.,Under conditions not exceeding 20 °C and 80% R.H.,None declared,Fine powder,"Food-Grade Emulsifiers and Stabilizers manufactured by Textra, used in pasteurized and UHT non-dairy whipping cream."
110,Textra P 105,Textra / Revastab Meat & Gelling Blends,Meat & Poultry,Processed Meat,Emulsified Sausages,"Optimizes myofibrillar protein activation, binds fat and water tightly, and enhances casing bite in frankfurters.",Yes,Yes,R&D Validated,Approved (TDS Verified),[Taxonomy Aligned]: Meat & Poultry ➔ Processed Meat ➔ Emulsified Sausages | [TDS Status]: Fully verified against authentic Technical Data Sheet (Textra P 105.pdf).,Application-Specific Variant (Different Applications),Ingreva RevaStab MC100; Ingreva RevaStab MCG; Ingreva RevaStab MCV; Revastab MCG; Textra P106; Textra P 108 AH; Textra P 125; Textra P 204; Textra P105K; Textra P106 R; Textra P106 X; Textra P53; Textra P 103 25 kg; TEXTRA P 104 25 kg; Textra P100; Textra P100 25 kg,Textra P 105.pdf,Carrageenan,AWA Food Solutions,AWA Food Solutions,0.2 – 0.5%,24 months from production date,moisture content: Max. 10%; total plate count: Max. 1000 cfu/g; yeast and mold: Max. 500 cfu/g; coliform: <10 cfu/g; e coli: Absent,Carrageenan E-407,"Heavy duty bags, 25 kg",Stored in dry place away from direct sunlight,None declared,Powder form,"Carrageenan, used in processed cheese; Meat."
111,Textra P106,Textra / Revastab Meat & Gelling Blends,Dairy,Cheese & Dairy Systems,Processed Cheese & Dairy Spreads,"Functional dairy texturizer and stabilizer improving dry matter consistency, texture body, and shelf-life stability.",Yes,Yes,R&D Validated,Approved (TDS Verified),[Taxonomy Aligned]: Dairy ➔ Cheese & Dairy Systems ➔ Processed Cheese & Dairy Spreads | [TDS Status]: Fully verified against authentic Technical Data Sheet (Textra P 106.pdf).,Application-Specific Variant (Different Applications),Ingreva RevaStab MC100; Ingreva RevaStab MCG; Ingreva RevaStab MCV; Revastab MCG; Textra P 105; Textra P 108 AH; Textra P 125; Textra P 204; Textra P105K; Textra P106 R; Textra P106 X; Textra P53; Textra P 103 25 kg; TEXTRA P 104 25 kg; Textra P100; Textra P100 25 kg,Textra P 106.pdf,Blend of Food Grade Stabilizers and Emulsifiers,AWA Food Solutions,AWA Food Solutions,0.2%-0.6%,24 months from production date,moisture: 5-8.5%; viscosity: 350-500 cP,Carrageenan E-407; Xanthan Gum E-415; Emulsifier E-471,"Heavy duty bags, 25 kg s.code: 80034",Stored in dry place away from direct sunlight,None declared,,"Blend of Food Grade Stabilizers and Emulsifiers, used in spreadable Processed cheese."
112,Textra P 108 AH,Textra / Revastab Meat & Gelling Blends,Meat & Poultry,Processed Meat,Emulsified Sausages,"Optimizes myofibrillar protein activation, binds fat and water tightly, and enhances casing bite in frankfurters.",Yes,Yes,R&D Validated,Approved (TDS Verified),[Taxonomy Aligned]: Meat & Poultry ➔ Processed Meat ➔ Emulsified Sausages | [TDS Status]: Fully verified against authentic Technical Data Sheet (Textra P 108 AH.pdf).,Application-Specific Variant (Different Applications),Ingreva RevaStab MC100; Ingreva RevaStab MCG; Ingreva RevaStab MCV; Revastab MCG; Textra P 105; Textra P106; Textra P 125; Textra P 204; Textra P105K; Textra P106 R; Textra P106 X; Textra P53; Textra P 103 25 kg; TEXTRA P 104 25 kg; Textra P100; Textra P100 25 kg,Textra P 108 AH.pdf,Blend of Food Grade Stabilizers,AWA Food Solutions,AWA Food Solutions,0.1%-0.5%,24 months from production date,moisture: Max 10%; viscosity: Min 350 cP; pH: 6 – 8.5,Modified Starch E-1422; Xanthan Gum E-415; Emulsifier E-471; Carrageenan E-407,"Heavy duty bags, 25 kg s.code: 80142",Stored in dry place away from direct sunlight,None declared,,"Blend of Food Grade Stabilizers, used in spreadable Processed cheese."
113,Textra P 125,Textra / Revastab Meat & Gelling Blends,Meat & Poultry,Processed Meat,Emulsified Sausages,"Optimizes myofibrillar protein activation, binds fat and water tightly, and enhances casing bite in frankfurters.",Yes,Yes,R&D Validated,Approved (TDS Verified),[Taxonomy Aligned]: Meat & Poultry ➔ Processed Meat ➔ Emulsified Sausages | [TDS Status]: Fully verified against authentic Technical Data Sheet (Textra P 125.pdf).,Application-Specific Variant (Different Applications),Ingreva RevaStab MC100; Ingreva RevaStab MCG; Ingreva RevaStab MCV; Revastab MCG; Textra P 105; Textra P106; Textra P 108 AH; Textra P 204; Textra P105K; Textra P106 R; Textra P106 X; Textra P53; Textra P 103 25 kg; TEXTRA P 104 25 kg; Textra P100; Textra P100 25 kg,Textra P 125.pdf,Blend of Food Grade Stabilizers,AWA Food Solutions,AWA Food Solutions,0.1 – 0.2%,24 months from production date,"Loss on drying Max. 15%, pH 6.5 – 7.5",Carrageenan E-407; Xanthan Gum E-415; Trisodium phosphate; Locust Bean gum,"Heavy duty bags, 25 kg","Away from aromatic products, Under conditions not exceeding 25 °C and 70% atmospheric humidity",None declared,Creamy to white powder,"Blend of Food Grade Stabilizers manufactured by Awa Foodsolutions, used in spreadable processed cheese."
114,Textra P 204,Textra / Revastab Meat & Gelling Blends,Meat & Poultry,Processed Meat,Emulsified Sausages,"Optimizes myofibrillar protein activation, binds fat and water tightly, and enhances casing bite in frankfurters.",Yes,Yes,R&D Validated,Approved (TDS Verified),[Taxonomy Aligned]: Meat & Poultry ➔ Processed Meat ➔ Emulsified Sausages | [TDS Status]: Fully verified against authentic Technical Data Sheet (Textra P 204.pdf).,Application-Specific Variant (Different Applications),Ingreva RevaStab MC100; Ingreva RevaStab MCG; Ingreva RevaStab MCV; Revastab MCG; Textra P 105; Textra P106; Textra P 108 AH; Textra P 125; Textra P105K; Textra P106 R; Textra P106 X; Textra P53; Textra P 103 25 kg; TEXTRA P 104 25 kg; Textra P100; Textra P100 25 kg,Textra P 204.pdf,Gelling System,AWA Food Solutions,AWA Food Solutions,0.8 – 2%,24 months from production date,moisture: Max. 12%; viscosity: Min 30 cP; ash: Max 5%,Maltodextrin; Cellulose gum E466; Carrageenan E407; Sodium alginate E401; Locust bean gum E410,"Heavy duty bags, 25 kg",Should be stored under cool and dry conditions in unopened bags,,Off-white to yellowish powder,"Gelling System manufactured by Awa Foodsolutions, used in spreadable processed cheese."
115,TEXTRA     P 104   25 kg,TEXTRA     P 104   25 kg,Dairy,Cheese & Dairy Systems,Processed Cheese & Dairy Spreads,Standardized food grade functional ingredient.,No,Yes,R&D Validated,Approved (TDS Verified),[Taxonomy Aligned]: Dairy ➔ Cheese & Dairy Systems ➔ Processed Cheese & Dairy Spreads | [TDS Status]: Fully verified against authentic Technical Data Sheet (Textra P104.pdf).,Single Product,None,Textra P104.pdf,Carrageenan,AWA Food Solutions,AWA Food Solutions,0.05 - 0.10%,2 years,pH: 6.50 - 7.50; moisture: Max. 14%; water viscosity: Min. 10 mPas; water gel strength: Min. 30 gf; potassium gel strength: 60 - 190 gf,Carrageenan E 407a,"Paper sacks with polyethylene liner, 25 Kg",Store in a dry place away from heat and humidity,None declared,Creamy – white powder,"Carrageenan, used in dairy Products; Chocolate Milk; Flans; Custards."
116,Textra P105K,Textra / Revastab Meat & Gelling Blends,Meat & Poultry,Processed Meat,Emulsified Sausages,"Optimizes myofibrillar protein activation, binds fat and water tightly, and enhances casing bite in frankfurters.",Yes,Yes,R&D Validated,Approved (TDS Verified),[Taxonomy Aligned]: Meat & Poultry ➔ Processed Meat ➔ Emulsified Sausages | [TDS Status]: Fully verified against authentic Technical Data Sheet (Textra P105K.PDF).,Application-Specific Variant (Different Applications),Ingreva RevaStab MC100; Ingreva RevaStab MCG; Ingreva RevaStab MCV; Revastab MCG; Textra P 105; Textra P106; Textra P 108 AH; Textra P 125; Textra P 204; Textra P106 R; Textra P106 X; Textra P53; Textra P 103 25 kg; TEXTRA P 104 25 kg; Textra P100; Textra P100 25 kg,Textra P105K.PDF,Food Grade Carrageenan,AWA Food Solutions,AWA Food Solutions,0.2 – 0.5%,2 years from date of production,moisture: Max. 10%; pH: 7-11; gel strength: Min 230 gf,"Carrageenan E407, Dextrose, Potassium Chloride E508","Paper sacks with polyethylene liner, 25 Kg",Store in a dry place away from heat and humidity,None declared,Powder form,"Food Grade Carrageenan, used in processed cheese, Meat."
117,Textra P106 R,Textra / Revastab Meat & Gelling Blends,Dairy,Cheese & Dairy Systems,Processed Cheese & Dairy Spreads,"Functional dairy texturizer and stabilizer improving dry matter consistency, texture body, and shelf-life stability.",Yes,Yes,R&D Validated,Approved (TDS Verified),[Taxonomy Aligned]: Dairy ➔ Cheese & Dairy Systems ➔ Processed Cheese & Dairy Spreads | [TDS Status]: Fully verified against authentic Technical Data Sheet (Textra P106 R.PDF).,Application-Specific Variant (Different Applications),Ingreva RevaStab MC100; Ingreva RevaStab MCG; Ingreva RevaStab MCV; Revastab MCG; Textra P 105; Textra P106; Textra P 108 AH; Textra P 125; Textra P 204; Textra P105K; Textra P106 X; Textra P53; Textra P 103 25 kg; TEXTRA P 104 25 kg; Textra P100; Textra P100 25 kg,Textra P106 R.PDF,"Modified Starch, Emulsifier, Carrageenan",AWA Food Solutions,AWA Food Solutions,0.08 – 0.15%,2 years,"appearance: Creamy to white powder; odor: Neutral; moisture: Max. 12%; viscosity: Min. 300 cPs (LV, 50rpm, L2, at 25˚C)","Carrageenan E407, Xanthan Gum E415, Emulsifier E471","Paper sacks with polyethylene liner, 25 Kg.",Store in a dry place away from heat and humidity,,Creamy to white powder,"Modified Starch, Emulsifier, Carrageenan, used in meat products, cheese."
118,Textra P106 X,Textra / Revastab Meat & Gelling Blends,Dairy,Cheese & Dairy Systems,Processed Cheese & Dairy Spreads,"Functional dairy texturizer and stabilizer improving dry matter consistency, texture body, and shelf-life stability.",Yes,Yes,R&D Validated,Approved (TDS Verified),[Taxonomy Aligned]: Dairy ➔ Cheese & Dairy Systems ➔ Processed Cheese & Dairy Spreads | [TDS Status]: Fully verified against authentic Technical Data Sheet (Textra P106 X.pdf).,Application-Specific Variant (Different Applications),Ingreva RevaStab MC100; Ingreva RevaStab MCG; Ingreva RevaStab MCV; Revastab MCG; Textra P 105; Textra P106; Textra P 108 AH; Textra P 125; Textra P 204; Textra P105K; Textra P106 R; Textra P53; Textra P 103 25 kg; TEXTRA P 104 25 kg; Textra P100; Textra P100 25 kg,Textra P106 X.pdf,Blend of Food Grade Stabilizers and Emulsifiers,AWA Food Solutions,AWA Food Solutions,0.2 - 0.6%,2 years,moisture: 5 : 8.5%; viscosity: 500 cPs (at 25˚C),Carrageenan E407; Xanthan Gum E415; Trisodium citrate E331,"Paper sacks with polyethylene liner, 25 Kg.",Store in a dry place away from heat and humidity,None declared,,"Blend of Food Grade Stabilizers and Emulsifiers, used in processed cheese."
119,Textra P53,Textra / Revastab Meat & Gelling Blends,Meat & Poultry,Processed Meat,Emulsified Sausages,"Optimizes myofibrillar protein activation, binds fat and water tightly, and enhances casing bite in frankfurters.",Yes,Yes,R&D Validated,Approved (TDS Verified),[Taxonomy Aligned]: Meat & Poultry ➔ Processed Meat ➔ Emulsified Sausages | [TDS Status]: Fully verified against authentic Technical Data Sheet (Textra P53.pdf).,Application-Specific Variant (Different Applications),Ingreva RevaStab MC100; Ingreva RevaStab MCG; Ingreva RevaStab MCV; Revastab MCG; Textra P 105; Textra P106; Textra P 108 AH; Textra P 125; Textra P 204; Textra P105K; Textra P106 R; Textra P106 X; Textra P 103 25 kg; TEXTRA P 104 25 kg; Textra P100; Textra P100 25 kg,Textra P53.pdf,Blend of Food Grade Stabilizers,AWA Food Solutions,AWA Food Solutions,0.5 – 0.8%,2 years,appearance: Creamy to White Powder; odor: Neutral; moisture: Max. 10%; viscosity: Min. 30 cPs (1% solution),Carrageenan E407; Xanthan Gum E415; Emulsifier E471,"Paper sacks with polyethylene liner, 25 Kg",Store in a dry place away from heat and humidity,None declared,Creamy to white powder,"Blend of Food Grade Stabilizers, used in spreadable processed cheese."
120,Textra T 13,Textra T 13,Dairy,Cheese & Dairy Systems,Processed Cheese & Dairy Spreads,Standardized food grade functional ingredient.,No,Yes,R&D Validated,Approved (TDS Verified),[Taxonomy Aligned]: Dairy ➔ Cheese & Dairy Systems ➔ Processed Cheese & Dairy Spreads | [TDS Status]: Fully verified against authentic Technical Data Sheet (Textra T 13-.pdf).,Single Product,None,Textra T 13-.pdf,Modified Starch,AWA Food Solutions,AWA Food Solutions,2.00 – 2.50%,24 months from production date,Loss on drying: Max. 18%; pH (1% aqueous solution): 6-8,"Native Starch, Tricalcium Phosphate",25 kg Heavy duty bags,"Cool and dry conditions, Away from aromatic products",None declared,Creamy to white powder,"Modified Starch manufactured by Awa Foodsolutions, used in meat products, cheese, bakery."
121,Textra TP 100,Textra TP 100,Meat & Poultry,Processed Meat,Emulsified Sausages,"Optimizes myofibrillar protein activation, binds fat and water tightly, and enhances casing bite in frankfurters.",No,Yes,R&D Validated,Approved (TDS Verified),[Taxonomy Aligned]: Meat & Poultry ➔ Processed Meat ➔ Emulsified Sausages | [TDS Status]: Fully verified against authentic Technical Data Sheet (Textra TP 100.pdf).,Single Product,None,Textra TP 100.pdf,Unique Filler of Natural Ingredients,AWA Food Solutions,AWA Food Solutions,"Replace 3kg of 36 Brix tomato paste with 1kg of Textra TP 100+2kg water, or 6-15% of tomato paste or 10% of tomato sauce",2 years from date of production,Moisture: Max 10%; Protein: Max 12%; Total Plate Count: Max. 1000 cfu/g; Total Yeasts and Molds Count: Max. 500 cfu/g; Coliform: <10 cfu/g; E. coli: Absent,Vegetable Origin Fibers,"Paper sacks with polyethylene liner, 25 Kg",Store in a dry place away from heat and humidity,Contains: Soybeans,,"Unique Filler of Natural Ingredients, used in tomato Sauce, Ketchup."
122,Textra Talaga 1000,Textra Talaga 1000,Dairy,Cheese,Triangular Processed Cheese,Specialized texturizer and emulsification stabilizer to prevent fat separation and eliminate oiling-off in portioned foil triangles.,No,Yes,R&D Validated,Approved (TDS Verified),[Taxonomy Aligned]: Dairy ➔ Cheese ➔ Triangular Processed Cheese | [TDS Status]: Fully verified against authentic Technical Data Sheet (Textra Talaga 1000.pdf).,Single Product,None,Textra Talaga 1000.pdf,Blend of Food Grade Stabilizers & Emulsifier,AWA Food Solutions,AWA Food Solutions,0.3 -0.5% depending on protein,2 years from date of production,moisture: Max.8%; pH: 6 : 7,Mono and diglyceride E471; Guar Gum E412; MCC E460; Salt,Paper sacks with polyethylene liner 25 Kg.,Store in a dry place away from heat and humidity.,None declared,Creamy to white powder,"Blend of Food Grade Stabilizers & Emulsifier, used in white cheese."
123,Valiren 2400 Granular,Valiren 2400 Granular,Dairy,Cheese,Hard & White Cheese Coagulation,High-purity microbial coagulant ensuring clean enzymatic milk clotting and high curd yield.,No,Yes,R&D Validated,Approved (TDS Verified),[Taxonomy Aligned]: Dairy ➔ Cheese ➔ Hard & White Cheese Coagulation | [TDS Status]: Fully verified against authentic Technical Data Sheet (Valiren 2400 Granular SPECIFICATION v3.pdf).,Single Product,None,Valiren 2400 Granular SPECIFICATION v3.pdf,Modified Starch,AWA Food Additives,Mayasan Biotech,7-11 gram per 1000 litres of milk,3 years under storage conditions,Activity: ≥ 2400 IMCU/g; Heavy metals: < = 30 ppm; Lead: < = 5 ppm; Arsenic: < = 3 ppm; Mercury: < = 0.5 ppm; Cadmium: < = 0.5 ppm,"Microbial Rennet derived from Rhizomucor miehei (milk clotting protease enzyme), sodium chloride, sodium benzoate","Food Grade HDPE, available in various different packaging starting from 0.5 kg to 50 kg","Sealed containers under cool, Dry conditions to minimize the loss of activity. Shelf life can be extended by storing under refrigeration at 5°C.",None declared,Brownish granular,"Modified Starch, used in enzyme use levels are generally dictated by processing conditions, milk composition, and CaCl concentration. In general, 7-11 gram of Valiren 2400 Granular is used per 1000 litres of milk, but laboratory or pilot scale tests should be run to optimize dose levels."
124,Vanillia-01,Vanillia-01,Bakery,Cake & Bakery,"Cakes, Cookies & Wafers",Heat-stable rich vanilla aroma and sweet dairy notes in baked goods.,No,Yes,R&D Validated,Approved (TDS Verified),"[Taxonomy Aligned]: Bakery ➔ Cake & Bakery ➔ Cakes, Cookies & Wafers | [TDS Status]: Fully verified against authentic Technical Data Sheet (Vanillia-01.pdf).",Single Product,None,Vanillia-01.pdf,Modified Starch,AWA Food Additives,AWA Food Solutions,0.1 – 0.5% according also to desired flavor intensity and application,2 years from date of production,moisture: 9% Max.; total plate count: Max. 1000 cfu/g; yeast and mold: Max. 500 cfu/g; coliform: <10 cfu/g; e coli: Absent,Vanilla; Monosaccharides,Paper sacks with polyethylene liner,Store in a dry place away from heat and humidity,None declared,,"Modified Starch, used in cakes; Beverages; Confectionery; Chocolates; Bakery; Ice Cream."
125,textra w 138,textra w 138,Dairy,Cheese & Dairy Systems,Processed Cheese & Dairy Spreads,"Functional dairy texturizer and stabilizer improving dry matter consistency, texture body, and shelf-life stability.",No,Yes,R&D Validated,Approved (TDS Verified),[Taxonomy Aligned]: Dairy ➔ Cheese & Dairy Systems ➔ Processed Cheese & Dairy Spreads | [TDS Status]: Fully verified against authentic Technical Data Sheet (textra w 138.pdf).,Single Product,None,textra w 138.pdf,"Modified Starch, Emulsifier, Carrageenan",AWA Food Solutions,AWA Food Solutions,0.1% (1kg/ton),24 months from production date,moisture: Max 5%; viscosity: Min 10cP at 25°C,Salt; Emulsifiers E471; Gelatin E441; Disodium phosphate E339; Guar Gum E412; Carrageenan E407,"Paper sacks with polyethylene liner, 25kg",Stored in dry place away from direct sunlight,None declared,,"Modified Starch, Emulsifier, Carrageenan, used in cutting soft white cheese."
126,Solvarin ACAD-B,Solvarin ACAD-B,"Sauces, Condiments & Dressings",Tomato & Table Sauces,Ketchup & BBQ Sauces,"Delivers freeze-thaw stability, high shear resistance, glossy sheen, and smooth texture.",No,Yes,R&D Validated,Approved (TDS Verified),"[Taxonomy Aligned]: Sauces, Condiments & Dressings ➔ Tomato & Table Sauces ➔ Ketchup & BBQ Sauces | [TDS Status]: Fully verified against authentic Technical Data Sheet (Solvarin ACAD-B spec.EN.pdf).",Single Product,None,Solvarin ACAD-B spec.EN.pdf,Acetylated Adipan of Potato Starch E 1422,AWA Food Additives,"Škrobárny Pelhřimov, a.s",,24 months from production date,"Dry matter min 80.0%, pH 5.5-7.5","potato starch (food grade), acetylated adipan and esterifyed acetanhydrid","multi layer paper sacks, 20 or 25 kg",Unopened package stored in dry and clean place without presence of material which odour could adversaly influence the product,None declared,"Mild powder, Slightly yellowish. Clean, Without odour or taste.","Acetylated Adipan of Potato Starch E 1422 manufactured by Škrobárny Pelhřimov, a.s, used in cheese production/industry."
127,"Paprika Oleoresin 100,000 CU",Paprika Oleoresin,Snacks & Savory Seasonings,Topical Seasonings & Dusting,Potato Chips / Extruded Snacks,Standardized carotenoid color (ASTA / Color Units) combined with authentic sweet paprika aroma.,Yes,Yes,R&D Validated,Approved (TDS Verified),[Taxonomy Aligned]: Snacks & Savory Seasonings ➔ Topical Seasonings & Dusting ➔ Potato Chips / Extruded Snacks | [TDS Status]: Fully verified against authentic Technical Data Sheet (OLEORESIN PAPRIKA (Oleoresins).pdf).,Concentration / Grade Variant (Same Application),"Paprika Oleoresin 20,000 CU; Paprika Oleoresin 1000; Paprika Oleoresin 1001; Paprika Oleoresin 1002; Paprika Oleoresin 1003; Paprika Oleoresin 1004; Paprika Oleoresin 1005; Paprika Oleoresin 1006; Paprika Oleoresin 1007; Paprika Oleoresin 1008; Paprika Oleoresin 1009; Paprika Oleoresin 1010; Paprika Oleoresin 1011; Paprika Oleoresin 1012; Paprika Oleoresin 1013; Paprika Oleoresin 1014; Paprika Oleoresin 1015; Paprika Oleoresin 1016; Paprika Oleoresin 1017; Paprika Oleoresin 1018; Paprika Oleoresin 1019; Paprika Oleoresin 1020; Paprika Oleoresin 1021; Paprika Oleoresin 1022; Paprika Oleoresin 1023; Paprika Oleoresin 40,000 CU; Paprika Oleoresin 40,000 CU OS; Paprika Oleoresin 40,000 CU WS; Paprika Oleoresin 60,000 CU; Paprika Oleoresin 80,000 CU",OLEORESIN PAPRIKA (Oleoresins).pdf,Oleoresin,AWA Bio,AWA Bio,,Best before 24 months under the specified storage conditions,Color value: Residual Solvent (Total) 20 ppm max. FCC VII th Edition; Capsaicin: Residual Solvent (Total) 20 ppm max. FCC VII th Edition; Residual solvents: Residual Solvent (Total) 20 ppm max. FCC VII th Edition; Heavy metals: Lead <2ppm AOAC 16th Edition,"Botanical Name: Capsicum annuum L.(Family: Solanaceae),; is obtained by solvent extraction of paprika, Capsicum annuum L.(family: Solanaceae)","HDPE Jerry Cans,Bottles","Store in full, tight containers in a cool dry place protected from light and oxidation.",None declared,Dark red oil  liquid,"OLEORESIN PAPRIKA manufactured for AWA Bio, used in savory processed food solutions."
128,Rosemary Oleoresin 1001,Rosemary Oleoresin,Snacks & Savory Seasonings,Topical Seasonings & Dusting,Potato Chips / Extruded Snacks,Concentrated standardized spice flavor profile for topical dusting and snacks.,Yes,Yes,R&D Validated,Approved (TDS Verified),[Taxonomy Aligned]: Snacks & Savory Seasonings ➔ Topical Seasonings & Dusting ➔ Potato Chips / Extruded Snacks | [TDS Status]: Fully verified against authentic Technical Data Sheet (Rosemary oleoresin (Oleoresins).pdf).,Concentration / Grade Variant (Same Application),,Rosemary oleoresin (Oleoresins).pdf,Oleoresin,AWA Bio,AWA Bio,,Best before 24 months under the specified storage conditions,Volatile oil: Residual Solvent <20 ppm max. FCC VII th Edition; Residual solvents: Residual Solvent <20 ppm max. FCC VII th Edition; Heavy metals: Lead <5ppm AOAC 16th Edition,General Name: Rosemary; Rosemary extract is obtained by solvent extraction of dried,"HDPE Pails, Bottles","Store in full, tight containers in a cool dry place protected from light and oxidation.",None declared,Greenish brown coloured viscous liquid.,"Rosemary oleoresin manufactured for AWA Bio, used in savory& processed food solutions, anti-oxidant."
129,Thyme Oleoresin 1001,Thyme Oleoresin,Snacks & Savory Seasonings,Topical Seasonings & Dusting,Potato Chips / Extruded Snacks,Concentrated standardized spice flavor profile for topical dusting and snacks.,Yes,Yes,R&D Validated,Approved (TDS Verified),[Taxonomy Aligned]: Snacks & Savory Seasonings ➔ Topical Seasonings & Dusting ➔ Potato Chips / Extruded Snacks | [TDS Status]: Fully verified against authentic Technical Data Sheet (OLEORESIN THYME (Oleoresins).pdf).,Concentration / Grade Variant (Same Application),,OLEORESIN THYME (Oleoresins).pdf,Oleoresin,AWA Bio,AWA Bio,,Best before 24 months under the specified storage conditions.,Volatile oil: Residual Solvent <20 ppm max. FCC VII th Edition; Residual solvents: Residual Solvent <20 ppm max. FCC VII th Edition; Heavy metals: Lead <5ppm AOAC 16th Edition,General Name: OLEORESIN THYME; is made by solvent extraction of the dried,"HDPE Jerry Cans,Pails,Bottles","Store in full, tight containers in a cool dry place protected from light and oxidation.",None declared,Dark brown pourable liquid .,"OLEORESIN THYME manufactured for AWA Bio, used in savory& processed food solutions, anti-oxidant."
130,OLEORESIN TURMERIC,OLEORESIN TURMERIC,Snacks & Savory Seasonings,Topical Seasonings & Dusting,Potato Chips / Extruded Snacks,Concentrated standardized spice flavor profile for topical dusting and snacks.,No,Yes,R&D Validated,Approved (TDS Verified),[Taxonomy Aligned]: Snacks & Savory Seasonings ➔ Topical Seasonings & Dusting ➔ Potato Chips / Extruded Snacks | [TDS Status]: Fully verified against authentic Technical Data Sheet (OLEORESIN TURMERIC (Oleoresins).pdf).,Single Product,None,OLEORESIN TURMERIC (Oleoresins).pdf,Oleoresin,AWA Bio,AWA Bio,,Best before 24 months under the specified storage conditions,Curcumin: Residual Solvent (Total) 20 ppm max. FCC IX th Edition; Residual solvents: Residual Solvent (Total) 20 ppm max. FCC IX th Edition; Heavy metals: Lead <2ppm AOAC 16th Edition,Botanical Name: Curcuma longa L. ( Family:Zingiberaceae); Solvent extraction of the dried rhizomes of Curcuma longa L.,"HDPE Pails,Bottles","Store in full, tight containers in a cool dry place protected from light and oxidation.",None declared,Yellow to Orange viscous liquid.,"OLEORESIN TURMERIC manufactured for AWA Bio, used in savory&processed food solutions."
131,Pepper White Oleoresin 1001,Pepper White Oleoresin,Snacks & Savory Seasonings,Topical Seasonings & Dusting,Potato Chips / Extruded Snacks,Concentrated standardized spice flavor profile for topical dusting and snacks.,No,Yes,R&D Validated,Approved (TDS Verified),[Taxonomy Aligned]: Snacks & Savory Seasonings ➔ Topical Seasonings & Dusting ➔ Potato Chips / Extruded Snacks | [TDS Status]: Fully verified against authentic Technical Data Sheet (OLEORESIN WHITE PEPPER (Oleoresins).pdf).,Single Product,None,OLEORESIN WHITE PEPPER (Oleoresins).pdf,Oleoresin,AWA Bio,AWA Bio,,Best before 24 months under the specified storage conditions,Volatile oil: Residual Solvent (Total) 20 ppm max. FCC IX th Edition; Piperine: Residual Solvent (Total) 20 ppm max. FCC IX th Edition; Residual solvents: Residual Solvent (Total) 20 ppm max. FCC IX th Edition; Heavy metals: Lead <2ppm AOAC 16th Edition,Botanical Name: Piper nigrum L. (Family: Piperaceae).; Solvent extraction of the white pepper prepared from ripe pepper berries by disintegration of,"HDPE Pails, Bottles","Store in full, tight containers in a cool dry place protected from light and oxidation.",None declared,Light yellowish brown liquid.,"OLEORESIN WHITE PEPPER manufactured for AWA Bio, used in savory& processed food solutions,."
132,Pepper Black Oleoresin 1001,Pepper Black Oleoresin,Snacks & Savory Seasonings,Topical Seasonings & Dusting,Potato Chips / Extruded Snacks,Instant pungent piperine impact and uniform distribution on potato/corn chips.,Yes,Yes,R&D Validated,Approved (TDS Verified),[Taxonomy Aligned]: Snacks & Savory Seasonings ➔ Topical Seasonings & Dusting ➔ Potato Chips / Extruded Snacks | [TDS Status]: Fully verified against authentic Technical Data Sheet (Oleoresin Black Pepper (Oleoresins).pdf).,Concentration / Grade Variant (Same Application),Pepper Black Oleoresin 1002; Pepper Black Oleoresin 1003; Pepper Black Oleoresin 1004; Pepper Black Oleoresin 1005; Pepper Black Oleoresin 1006; Pepper Black Oleoresin 1007; Pepper Black Oleoresin 1008; Pepper Black Oleoresin 1009; Pepper Black Oleoresin 1010; Pepper Black Oleoresin 1011; Pepper Black Oleoresin 1012; Pepper Black Oleoresin 1013; Pepper Black Oleoresin 1014; Pepper Black Oleoresin 1015; Pepper Black Oleoresin 1016; Pepper Black Oleoresin 1017; Pepper Black Oleoresin 1018; Pepper Black Oleoresin 1019; Pepper Black Oleoresin 1020; Pepper Black Oleoresin 1021; Pepper Black Oleoresin 1022; Pepper Black Oleoresin 1023; Pepper Black Oleoresin 1024; Pepper Black Oleoresin 1025; Pepper Black Oleoresin 1026; Pepper Black Oleoresin 1027; Pepper Black Oleoresin 1028; Pepper Black Oleoresin 1029; Pepper Black Oleoresin 1030; Pepper Black Oleoresin 1031; Pepper Black Oleoresin 1032; Pepper Black Oleoresin 40/20,Oleoresin Black Pepper (Oleoresins).pdf,Oleoresin,AWA Bio,AWA Bio,,Best before 24 months under the specified storage conditions,Volatile oil: Residual Solvent (Total) 20 ppm max. FCC IX th Edition; Piperine: Residual Solvent (Total) 20 ppm max. FCC IX th Edition; Residual solvents: Residual Solvent (Total) 20 ppm max. FCC IX th Edition; Heavy metals: Lead <2ppm AOAC 16th Edition,Botanical Name: Piper nigrum L. (Family: Piperaceae).; is obtained by solvent extraction of the dry unripe berries of Piper nigrum L.,"HDPE Pails, Bottles","Store in full, tight containers in a cool dry place protected from light and oxidation.",None declared,Olive Green coloured viscous Product,"Oleoresin Black Pepper manufactured for AWA Bio, used in savory& processed food solutions."
133,Fennel Oleoresin 1001,Fennel Oleoresin,Snacks & Savory Seasonings,Topical Seasonings & Dusting,Potato Chips / Extruded Snacks,Concentrated standardized spice flavor profile for topical dusting and snacks.,No,Yes,R&D Validated,Approved (TDS Verified),[Taxonomy Aligned]: Snacks & Savory Seasonings ➔ Topical Seasonings & Dusting ➔ Potato Chips / Extruded Snacks | [TDS Status]: Fully verified against authentic Technical Data Sheet (Oleoresin Fennel (Oleoresins).pdf).,Single Product,None,Oleoresin Fennel (Oleoresins).pdf,Oleoresin,AWA Bio,AWA Bio,,Best before 24 months under the specified storage conditions,Volatile oil: Lead <2ppm AOAC 16th Edition; Heavy metals: Lead <2ppm AOAC 16th Edition,General Name: Fennel; is obtained by solvent extraction of seeds of cultivated variety,"HDPE Jerry Cans,Bottles","Store in full, tight containers in a cool dry place protected from light and oxidation.",None declared,Dark Liquid with greenish tint.,"Oleoresin Fennel manufactured for AWA Bio, used in savory& processed food solutions."
134,Oleoresin Basil,Oleoresin Basil,Snacks & Savory Seasonings,Topical Seasonings & Dusting,Potato Chips / Extruded Snacks,Concentrated standardized spice flavor profile for topical dusting and snacks.,Yes,Yes,R&D Validated,Approved (TDS Verified),[Taxonomy Aligned]: Snacks & Savory Seasonings ➔ Topical Seasonings & Dusting ➔ Potato Chips / Extruded Snacks | [TDS Status]: Fully verified against authentic Technical Data Sheet (Oleoresin Basil (Oleoresins).pdf).,Concentration / Grade Variant (Same Application),,Oleoresin Basil (Oleoresins).pdf,Oleoresin,AWA Bio,AWA Bio,,Best before 24 months under the specified storage conditions.,Volatile oil: Lead >2ppm AOAC 16 th Edititon; Residual solvents: Residual Solvent (Total) 20 ppm max In House Method; Heavy metals: Lead >2ppm AOAC 16 th Edititon,General Name: BASIL,"HDPE Pails, Bottles","Store in full, tight containers in a cool dry place protected from light and oxidation.",None declared,Dark greenish brown viscous liquied .,"Oleoresin Basil manufactured for AWA Bio, used in savory&processed food solutions,anti-oxidant."
135,Capsicum Oleoresin 1001,Capsicum Oleoresin,Snacks & Savory Seasonings,Topical Seasonings & Dusting,Potato Chips / Extruded Snacks,Concentrated standardized spice flavor profile for topical dusting and snacks.,Yes,Yes,R&D Validated,Approved (TDS Verified),[Taxonomy Aligned]: Snacks & Savory Seasonings ➔ Topical Seasonings & Dusting ➔ Potato Chips / Extruded Snacks | [TDS Status]: Fully verified against authentic Technical Data Sheet (Oleoresin Capsicum (Oleoresins).pdf).,Concentration / Grade Variant (Same Application),"Capsicum Oleoresin 1000; Capsicum Oleoresin 1002; Capsicum Oleoresin 1003; Capsicum Oleoresin 500,000 SHU",Oleoresin Capsicum (Oleoresins).pdf,Oleoresin,AWA Bio,AWA Bio,,Best before 24 months under the specified storage conditions,Color value: Residual Solvent (Total) 20 ppm max. FCC IX th Edition; Capsaicin: Residual Solvent (Total) 20 ppm max. FCC IX th Edition; Residual solvents: Residual Solvent (Total) 20 ppm max. FCC IX th Edition; Heavy metals: Lead <2ppm AOAC 16th Edition,Botanical Name: Capsicum annuum L.or Capsicum frutescens L. (Family: Solanaceae); Solvent extraction of the dried pods of Indian red chillies,"HDPE Jerry Cans,Bottles","Store in full, tight containers in a cool dry place protected from light and oxidation.",None declared,Dark red liquid,"Oleoresin Capsicum manufactured for AWA Bio, used in savory processed food solutions."
136,Cardamom Oleoresin 1001,Cardamom Oleoresin,Snacks & Savory Seasonings,Topical Seasonings & Dusting,Potato Chips / Extruded Snacks,Concentrated standardized spice flavor profile for topical dusting and snacks.,Yes,Yes,R&D Validated,Approved (TDS Verified),[Taxonomy Aligned]: Snacks & Savory Seasonings ➔ Topical Seasonings & Dusting ➔ Potato Chips / Extruded Snacks | [TDS Status]: Fully verified against authentic Technical Data Sheet (OLEORESIN CARDAMOM (Oleoresins).pdf).,Concentration / Grade Variant (Same Application),Cardamom Oleoresin 1002,OLEORESIN CARDAMOM (Oleoresins).pdf,Oleoresin,AWA Bio,AWA Bio,,Best before 24 months under the specified storage conditions,Volatile oil: Residual Solvent 20 ppm max. FCC IX th Edition; Residual solvents: Residual Solvent 20 ppm max. FCC IX th Edition; Heavy metals: Lead <2ppm AOAC 16th Edition,Botanical Name: Elettaria cardamomum Maton (Family: Zingiberaceae).; is obtained by solvent extraction of the seeds of Elettaria,"HDPE Jerry Cans,Bottles","Store in full, tight containers in a cool dry place protected from light and oxidation.",None declared,Olive green oily liquid,"OLEORESIN CARDAMOM manufactured for AWA Bio, used in savory& processed food solutions."
137,OLEORESIN CELERY,OLEORESIN CELERY,Snacks & Savory Seasonings,Topical Seasonings & Dusting,Potato Chips / Extruded Snacks,Concentrated standardized spice flavor profile for topical dusting and snacks.,No,Yes,R&D Validated,Approved (TDS Verified),[Taxonomy Aligned]: Snacks & Savory Seasonings ➔ Topical Seasonings & Dusting ➔ Potato Chips / Extruded Snacks | [TDS Status]: Fully verified against authentic Technical Data Sheet (OLEORESIN CELERY (Oleoresins).pdf).,Single Product,None,OLEORESIN CELERY (Oleoresins).pdf,Oleoresin,AWA Bio,AWA Bio,,Best before 24 months under the specified storage conditions,Volatile oil: Residual Solvent 20 ppm max. FCC IX th Edition; Residual solvents: Residual Solvent 20 ppm max. FCC IX th Edition; Heavy metals: Lead <2ppm AOAC 16th Edition,Botanical Name: Apium graveolens L.(Family :  Umbelliferae); Solvent extraction of the dried seeds,"HDPE Jerry Cans,Bottles","Store in full, tight containers in a cool dry place protected from light and oxidation.",None declared,Light olive green oily liquid.,"OLEORESIN CELERY manufactured for AWA Bio, used in savory& processed food solutions."
138,Cassia Oleoresin 1001,Cassia / Cinnamon Oleoresin,Snacks & Savory Seasonings,Topical Seasonings & Dusting,Potato Chips / Extruded Snacks,Concentrated standardized spice flavor profile for topical dusting and snacks.,Yes,Yes,R&D Validated,Approved (TDS Verified),[Taxonomy Aligned]: Snacks & Savory Seasonings ➔ Topical Seasonings & Dusting ➔ Potato Chips / Extruded Snacks | [TDS Status]: Fully verified against authentic Technical Data Sheet (Oleoresin Cinnamon (Oleoresins).pdf).,Concentration / Grade Variant (Same Application),,Oleoresin Cinnamon (Oleoresins).pdf,Oleoresin,AWA Bio,AWA Bio,,Best before 24 months under the specified storage conditions,Volatile oil: Residual Solvent <20 ppm FCC IX th Edition; Residual solvents: Residual Solvent <20 ppm FCC IX th Edition; Heavy metals: Lead <2ppm AOAC 16th Edition,Botanical Name: Cinnamomum cassi a blume/Naes L. (Family: Lauraceae) .; is made by solvent extraction of the dried bark of Cinnamomum cassia Nees/Blume (family:,"HDPE Jerry Cans,Bottles","Store in full, tight containers in a cool dry place protected from light and oxidation.",None declared,Dark brown liquid.,"Oleoresin Cinnamon manufactured for AWA Bio, used in savory& processed food solutions.."
139,Clove Bud Oleoresin 1001,Clove Bud Oleoresin,Snacks & Savory Seasonings,Topical Seasonings & Dusting,Potato Chips / Extruded Snacks,Concentrated standardized spice flavor profile for topical dusting and snacks.,No,Yes,R&D Validated,Approved (TDS Verified),[Taxonomy Aligned]: Snacks & Savory Seasonings ➔ Topical Seasonings & Dusting ➔ Potato Chips / Extruded Snacks | [TDS Status]: Fully verified against authentic Technical Data Sheet (Oleoresin Clove (Oleoresins).pdf).,Single Product,None,Oleoresin Clove (Oleoresins).pdf,Oleoresin,AWA Bio,AWA Bio,,Best before 24 months under the specified storage conditions,Volatile oil: Residual Solvent 20 ppm max. FCC IX th Edition; Residual solvents: Residual Solvent 20 ppm max. FCC IX th Edition; Heavy metals: Lead <2ppm AOAC 16th Edition,"Botanical Name: Syzygium aromaticum L.(Family: Myrtaceae).; is obtained by solvent extraction of dried clove bud, Syzygium","HDPE Jerry Cans,Bottles","Store in full, tight containers in a cool dry place protected from light and oxidation.",None declared,Brown liquid,"Oleoresin Clove manufactured for AWA Bio, used in savory& processed food solutions."
140,Coriander Oleoresin 1001,Coriander Oleoresin,Snacks & Savory Seasonings,Topical Seasonings & Dusting,Potato Chips / Extruded Snacks,Concentrated standardized spice flavor profile for topical dusting and snacks.,Yes,Yes,R&D Validated,Approved (TDS Verified),[Taxonomy Aligned]: Snacks & Savory Seasonings ➔ Topical Seasonings & Dusting ➔ Potato Chips / Extruded Snacks | [TDS Status]: Fully verified against authentic Technical Data Sheet (Oleoresin Coriander (Oleoresins).pdf).,Concentration / Grade Variant (Same Application),,Oleoresin Coriander (Oleoresins).pdf,Oleoresin,AWA Bio,AWA Bio,,Best before 24 months under the specified storage conditions,Volatile oil: Residual Solvent 20 ppm max. FCC IX th Edition; Residual solvents: Residual Solvent 20 ppm max. FCC IX th Edition; Heavy metals: Lead <2ppm AOAC 16th Edition,Botanical Name: Coriandrum sativum L.(Family :  Umbelliferae); Solvent extraction of the dried seeds,"HDPE Jerry Cans, Bottles","Store in full, tight containers in a cool dry place protected from light and oxidation.",None declared,Yellowish brown oily liquid.,"Oleoresin Coriander manufactured for AWA Bio, used in savory& processed food solutions."
141,Cumin Oleoresin 1001,Cumin Oleoresin,Snacks & Savory Seasonings,Topical Seasonings & Dusting,Potato Chips / Extruded Snacks,Concentrated standardized spice flavor profile for topical dusting and snacks.,Yes,Yes,R&D Validated,Approved (TDS Verified),[Taxonomy Aligned]: Snacks & Savory Seasonings ➔ Topical Seasonings & Dusting ➔ Potato Chips / Extruded Snacks | [TDS Status]: Fully verified against authentic Technical Data Sheet (Oleoresin Cumin (Oleoresins).pdf).,Concentration / Grade Variant (Same Application),,Oleoresin Cumin (Oleoresins).pdf,Oleoresin,AWA Bio,AWA Bio,,Best before 24 months under the specified storage conditions,Volatile oil: Residual Solvent <20 ppm FCC IX th Edition; Residual solvents: Residual Solvent <20 ppm FCC IX th Edition; Heavy metals: Lead <2ppm AOAC 16th Edition,Botanical Name: Cuminum Cyminum  (Family: Umbelliferae ).; Solvent extraction of dried ripe fruit (Seed).,"HDPE Jerry Cans,Bottles","Store in full, tight containers in a cool dry place protected from light and oxidation.",None declared,Dark brownish Green Liquid,"Oleoresin Cumin manufactured for AWA Bio, used in savory& processed food solutions.."
142,Fenugreek Oleoresin 1001,Fenugreek Oleoresin,Snacks & Savory Seasonings,Topical Seasonings & Dusting,Potato Chips / Extruded Snacks,Concentrated standardized spice flavor profile for topical dusting and snacks.,No,Yes,R&D Validated,Approved (TDS Verified),[Taxonomy Aligned]: Snacks & Savory Seasonings ➔ Topical Seasonings & Dusting ➔ Potato Chips / Extruded Snacks | [TDS Status]: Fully verified against authentic Technical Data Sheet (Fenugreek Oleoresin ws (Oleoresins).pdf).,Single Product,None,Fenugreek Oleoresin ws (Oleoresins).pdf,Oleoresin,AWA Bio,AWA Bio,,Best before 24 months under the specified storage conditions,Residual solvents: Residual Solvent 20 ppm max. FCC IX th Edition; Heavy metals: Lead <2ppm AOAC 16th Edition,"Botanical Name: Trigonella f oenum –graecum L .(family: Papilionaceae); is obtained by solvent extraction of roasted seeds of fenugreek, Trigonella foenum","HDPE Pails,Bottles","Store in full, tight containers in a cool dry place protected from light and oxidation.",None declared,Dark brown Thick liquid,"Fenugreek Oleoresin ws manufactured for AWA Bio, used in savory& processed food solutions."
143,Ginger Oleoresin 1001,Ginger Oleoresin,Snacks & Savory Seasonings,Topical Seasonings & Dusting,Potato Chips / Extruded Snacks,Concentrated standardized spice flavor profile for topical dusting and snacks.,Yes,Yes,R&D Validated,Approved (TDS Verified),[Taxonomy Aligned]: Snacks & Savory Seasonings ➔ Topical Seasonings & Dusting ➔ Potato Chips / Extruded Snacks | [TDS Status]: Fully verified against authentic Technical Data Sheet (OLEORESIN GINGER (Oleoresins).pdf).,Concentration / Grade Variant (Same Application),,OLEORESIN GINGER (Oleoresins).pdf,Oleoresin,AWA Bio,AWA Bio,,Best before 24 months under the specified storage conditions,Volatile oil: Residual Solvent (Total) 20 ppm max. FCC IX th Edition; Residual solvents: Residual Solvent (Total) 20 ppm max. FCC IX th Edition; Heavy metals: Lead <2ppm AOAC 16th Edition,Botanical Name: Zingiber officinale Rosc. (Family: Zingiberaceae).; is obtained by solvent extraction of dried rhizomes of,"HDPE Pails,Bottles","Store in full, tight containers in a cool dry place protected from light and oxidation.",None declared,Dark brown viscous liquid.,"OLEORESIN GINGER manufactured for AWA Bio, used in savory& processed food solutions."
144,Mace Oleoresin,Mace Oleoresin,Snacks & Savory Seasonings,Topical Seasonings & Dusting,Potato Chips / Extruded Snacks,Concentrated standardized spice flavor profile for topical dusting and snacks.,No,Yes,R&D Validated,Approved (TDS Verified),[Taxonomy Aligned]: Snacks & Savory Seasonings ➔ Topical Seasonings & Dusting ➔ Potato Chips / Extruded Snacks | [TDS Status]: Fully verified against authentic Technical Data Sheet (Mace Oleoresin (Oleoresins).pdf).,Single Product,None,Mace Oleoresin (Oleoresins).pdf,Oleoresin,AWA Bio,AWA Bio,,Best before 24 months under the specified storage conditions.,Volatile oil: Residual Solvent <20 ppm FCC IX th Edition; Residual solvents: Residual Solvent <20 ppm FCC IX th Edition; Heavy metals: Lead <2ppm AOAC 16th Edition,General Name: Mace Oleoresin; is obtained by solvent extraction of dried reticulated aril,HDP / Aluminium Container,"Store in full, tight containers in a cool dry place protected from light and oxidation.",None declared,"Brownish red, free flowing liquid.","Mace Oleoresin manufactured for AWA Bio, used in savory&processed food solutions."
145,Nutmeg Oleoresin 1001,Nutmeg Oleoresin,Snacks & Savory Seasonings,Topical Seasonings & Dusting,Potato Chips / Extruded Snacks,Concentrated standardized spice flavor profile for topical dusting and snacks.,Yes,Yes,R&D Validated,Approved (TDS Verified),[Taxonomy Aligned]: Snacks & Savory Seasonings ➔ Topical Seasonings & Dusting ➔ Potato Chips / Extruded Snacks | [TDS Status]: Fully verified against authentic Technical Data Sheet (Oleoresin Nutmeg (Oleoresins).pdf).,Concentration / Grade Variant (Same Application),,Oleoresin Nutmeg (Oleoresins).pdf,Oleoresin,AWA Bio,AWA Bio,,Best before 24 months under the specified storage conditions,Volatile oil: Residual solvent 20 ppm max. FCC IX th Edition; Residual solvents: Residual solvent 20 ppm max. FCC IX th Edition; Heavy metals: Lead <2ppm AOAC 16th Edition,Botanical Name: Myristica fragrans Houtt. (Family: Myristicaceae).; Solvent extraction of the dried seeds,"HDPE Pails,Bottles","Store in full, tight containers in a cool dry place protected from light and oxidation.",None declared,Light amber to reddish brown liquid with,"Oleoresin Nutmeg manufactured for AWA Bio, used in savory& processed food solutions."
146,Oregano Oleoresin 1001,Oregano Oleoresin,Snacks & Savory Seasonings,Topical Seasonings & Dusting,Potato Chips / Extruded Snacks,Concentrated standardized spice flavor profile for topical dusting and snacks.,Yes,Yes,R&D Validated,Approved (TDS Verified),[Taxonomy Aligned]: Snacks & Savory Seasonings ➔ Topical Seasonings & Dusting ➔ Potato Chips / Extruded Snacks | [TDS Status]: Fully verified against authentic Technical Data Sheet (OLEORESIN OREGANUM (Oleoresins).pdf).,Concentration / Grade Variant (Same Application),,OLEORESIN OREGANUM (Oleoresins).pdf,Oleoresin,AWA Bio,AWA Bio,,Best before 24 months under the specified storage conditions,Volatile oil: Residual Solvent (Total) 20 ppm max. FCC IX th Edition; Residual solvents: Residual Solvent (Total) 20 ppm max. FCC IX th Edition; Heavy metals: Lead <2ppm AOAC 16th Edition,Botanical Name: Origanum vulgar; Solvent extraction of the dried rhizomes,"HDPE Pails,Bottles","Store in full, tight containers in a cool dry place protected from light and oxidation.",None declared,Dark brownish green pourable liquid.,"OLEORESIN OREGANUM manufactured for AWA Bio, used in savory&processed food solutions,anti-oxidant."
147,Celery Seed Oil,Celery Seed Oil,Snacks & Savory Seasonings,Topical Seasonings & Dusting,Potato Chips / Extruded Snacks,Concentrated standardized spice flavor profile for topical dusting and snacks.,No,Yes,R&D Validated,Approved (TDS Verified),[Taxonomy Aligned]: Snacks & Savory Seasonings ➔ Topical Seasonings & Dusting ➔ Potato Chips / Extruded Snacks | [TDS Status]: Fully verified against authentic Technical Data Sheet (Celery Seed Oil (Essential Oils).pdf).,Single Product,None,Celery Seed Oil (Essential Oils).pdf,Essential Oil,AWA Bio,AWA Bio,,Best before 24 months under the specified storage conditions.,Specific gravity: FCC); Refractive index: FCC),General Name: Celery; is obtained by steam distillation of the seeds of,"HDPE Jerry Cans,Bottles","Store in full, tight containers in a cool dry place protected from light and oxidation.",None declared,Yellowish-brown liquid,"Celery Seed Oil manufactured for AWA Bio, used in flavors, cosmetics."
148,CINNAMON LEAF OIL,CINNAMON LEAF OIL,Snacks & Savory Seasonings,Topical Seasonings & Dusting,Potato Chips / Extruded Snacks,Concentrated standardized spice flavor profile for topical dusting and snacks.,No,Yes,R&D Validated,Approved (TDS Verified),[Taxonomy Aligned]: Snacks & Savory Seasonings ➔ Topical Seasonings & Dusting ➔ Potato Chips / Extruded Snacks | [TDS Status]: Fully verified against authentic Technical Data Sheet (CINNAMON LEAF OIL (Essential Oils).pdf).,Single Product,None,CINNAMON LEAF OIL (Essential Oils).pdf,Essential Oil,AWA Bio,AWA Bio,,Best before 24 months under the specified storage conditions.,Specific gravity: FCC); Refractive index: FCC),General Name: Cinnamon leaf oil; Steam distillation of the cinnamon leav es.,"HDPE Jerry Cans, Bottles","Store in full, tight containers in a cool dry place protected from light and oxidation.",None declared,Pale yellow oily liquid,"CINNAMON LEAF OIL manufactured for AWA Bio, used in flavors, cosmetics."
149,CLOVE LEAF OIL,CLOVE LEAF OIL,Snacks & Savory Seasonings,Topical Seasonings & Dusting,Potato Chips / Extruded Snacks,Concentrated standardized spice flavor profile for topical dusting and snacks.,No,Yes,R&D Validated,Approved (TDS Verified),[Taxonomy Aligned]: Snacks & Savory Seasonings ➔ Topical Seasonings & Dusting ➔ Potato Chips / Extruded Snacks | [TDS Status]: Fully verified against authentic Technical Data Sheet (CLOVE LEAF OIL (Essential Oils).pdf).,Single Product,None,CLOVE LEAF OIL (Essential Oils).pdf,Essential Oil,AWA Bio,AWA Bio,,Best before 24 months under the specified storage conditions.,Eugenol: Alcohol Solubility Complies FCC IX th Edition; Specific gravity: FCC); Refractive index: FCC),General Name: Clove Leaf oil; Steam distillation of the clove leaves.,"HDPE Jerry Cans,Bottles","Store in full, tight containers in a cool dry place protected from light and oxidation.",None declared,Colorless to yellow oily liquid,"CLOVE LEAF OIL manufactured for AWA Bio, used in flavors, cosmetics."
150,Coriander Oleoresin 1001,Coriander Oleoresin,Snacks & Savory Seasonings,Topical Seasonings & Dusting,Potato Chips / Extruded Snacks,Concentrated standardized spice flavor profile for topical dusting and snacks.,Yes,Yes,R&D Validated,Approved (TDS Verified),[Taxonomy Aligned]: Snacks & Savory Seasonings ➔ Topical Seasonings & Dusting ➔ Potato Chips / Extruded Snacks | [TDS Status]: Fully verified against authentic Technical Data Sheet (Coriander Oil (Essential Oils).pdf).,Concentration / Grade Variant (Same Application),,Coriander Oil (Essential Oils).pdf,Essential Oil,AWA Bio,AWA Bio,,Best before 24 months under the specified storage conditions.,Volatile oil: Residual Solvent 20 ppm max. FCC IX th Edition; Residual solvents: Residual Solvent 20 ppm max. FCC IX th Edition; Heavy metals: Lead <2ppm AOAC 16th Edition,General Name: Coriander oil; Steam distillation of the Coriander Seed .,"HDPE Jerry Cans, Bottles","Store in full, tight containers in a cool dry place protected from light and oxidation.",None declared,"Colourless to pale yellow, mobile liquid SOP/","Coriander Oil manufactured for AWA Bio, used in flavors, cosmetics."
151,Cumin Oleoresin 1001,Cumin Oleoresin,Snacks & Savory Seasonings,Topical Seasonings & Dusting,Potato Chips / Extruded Snacks,Concentrated standardized spice flavor profile for topical dusting and snacks.,Yes,Yes,R&D Validated,Approved (TDS Verified),[Taxonomy Aligned]: Snacks & Savory Seasonings ➔ Topical Seasonings & Dusting ➔ Potato Chips / Extruded Snacks | [TDS Status]: Fully verified against authentic Technical Data Sheet (CUMIN OIL (Essential Oils).pdf).,Concentration / Grade Variant (Same Application),,CUMIN OIL (Essential Oils).pdf,Essential Oil,AWA Bio,AWA Bio,,Best before 24 months under the specified storage conditions.,Volatile oil: Residual Solvent <20 ppm FCC IX th Edition; Residual solvents: Residual Solvent <20 ppm FCC IX th Edition; Heavy metals: Lead <2ppm AOAC 16th Edition,General Name: Cumin oil; Steam distillation of the  Cumin Seed .,"HDPE Jerry Cans,Bottles","Store in full, tight containers in a cool dry place protected from light and oxidation.",None declared,Free flowing liquid colourless to pale,"CUMIN OIL manufactured for AWA Bio, used in flavors, cosmetics."
152,Dill Oleoresin 1001,Dill Oleoresin,Snacks & Savory Seasonings,Topical Seasonings & Dusting,Potato Chips / Extruded Snacks,Concentrated standardized spice flavor profile for topical dusting and snacks.,No,Yes,R&D Validated,Approved (TDS Verified),[Taxonomy Aligned]: Snacks & Savory Seasonings ➔ Topical Seasonings & Dusting ➔ Potato Chips / Extruded Snacks | [TDS Status]: Fully verified against authentic Technical Data Sheet (Dill Oil (Essential Oils).pdf).,Single Product,None,Dill Oil (Essential Oils).pdf,Essential Oil,AWA Bio,AWA Bio,,Best before 24 months under the specified storage conditions,Refractive index: +80 In House Method; Heavy metals: Lead <2ppm AOAC 16th Edition,steam distillation of the dried seed,"HDPE Jerry Cans, Bottles","Store in full, tight containers in a cool dry place protected from light and oxidation.",None declared,Colorless-Yellow.,"Dill Oil manufactured for AWA Bio, used in flavors, cosmetics."
153,EUGENOL,EUGENOL,Dairy,Cheese & Dairy Systems,Processed Cheese & Dairy Spreads,Standardized food grade functional ingredient.,No,Yes,R&D Validated,Approved (TDS Verified),[Taxonomy Aligned]: Dairy ➔ Cheese & Dairy Systems ➔ Processed Cheese & Dairy Spreads | [TDS Status]: Fully verified against authentic Technical Data Sheet (EUGENOL (Essential Oils).pdf).,Single Product,None,EUGENOL (Essential Oils).pdf,Essential Oil,AWA Bio,AWA Bio,,Best before 24 months under the specified storage conditions,Eugenol: 900097; Specific gravity: FCC); Refractive index: FCC); Residual solvents: Residual Solvent 20 ppm max. FCC IX th Edition; Heavy metals: Lead <2ppm AOAC 16th Edition,Botanical Name: Syzygium aromaticum L.(Family: Myrtaceae).; fractional distillation of Clove leaf oil (Syzygium aromaticum,"HDPE Jerry Cans, Bottles","Store in full, tight containers in a cool dry place protected from light and oxidation.",None declared,Colorless to pale yellow liquid,"EUGENOL manufactured for AWA Bio, used in flavors, cosmetics."
154,Garlic Oleoresin 1001,Garlic Oleoresin,Snacks & Savory Seasonings,Topical Seasonings & Dusting,Potato Chips / Extruded Snacks,Authentic pungent allium sulfur aroma and fresh taste notes at micro-dosage.,Yes,Yes,R&D Validated,Approved (TDS Verified),[Taxonomy Aligned]: Snacks & Savory Seasonings ➔ Topical Seasonings & Dusting ➔ Potato Chips / Extruded Snacks | [TDS Status]: Fully verified against authentic Technical Data Sheet (GARLIC Oil (Essential Oils).pdf).,Concentration / Grade Variant (Same Application),Garlic Oleoresin 1002; Garlic Oleoresin 1003; Garlic Oleoresin 1004; Garlic Oleoresin 1005; Garlic Oleoresin 50/50; Garlic Oleoresin 60/40,GARLIC Oil (Essential Oils).pdf,Essential Oil,AWA Bio,AWA Bio,,Best before 24 months under the specified storage conditions,Heavy metals: Lead <2ppm AOAC 16th Edition,Botanical Name: Allium sativum L. (Family : Liliaceae); Proportionate blending of the essential oil with suitable additive.,"HDPE Jerry Cans,Bottles","Store in full, tight containers in a cool dry place protected from light and oxidation.",None declared,Pale yellow liquid..,"GARLIC Oil manufactured for AWA Bio, used in savory,processed food solutions."
155,Ginger Oleoresin 1001,Ginger Oleoresin,Snacks & Savory Seasonings,Topical Seasonings & Dusting,Potato Chips / Extruded Snacks,Concentrated standardized spice flavor profile for topical dusting and snacks.,Yes,Yes,R&D Validated,Approved (TDS Verified),[Taxonomy Aligned]: Snacks & Savory Seasonings ➔ Topical Seasonings & Dusting ➔ Potato Chips / Extruded Snacks | [TDS Status]: Fully verified against authentic Technical Data Sheet (Ginger Oil (Essential Oils).pdf).,Concentration / Grade Variant (Same Application),,Ginger Oil (Essential Oils).pdf,Essential Oil,AWA Bio,AWA Bio,,Best before 24 months under the specified storage conditions,Volatile oil: Residual Solvent (Total) 20 ppm max. FCC IX th Edition; Residual solvents: Residual Solvent (Total) 20 ppm max. FCC IX th Edition; Heavy metals: Lead <2ppm AOAC 16th Edition,Botanical Name: Zingiber officinale Rosc. (Family: Zingiberaceae).; Steam distillation of the dried Ginger,"HDPE Jerry Cans,Bottles","Store in full, tight containers in a cool dry place protected from light and oxidation.",None declared,Liquid,"Ginger Oil manufactured for AWA Bio, used in flavors,cosmetics."
156,Mace OIL,Mace OIL,Snacks & Savory Seasonings,Topical Seasonings & Dusting,Potato Chips / Extruded Snacks,Concentrated standardized spice flavor profile for topical dusting and snacks.,No,Yes,R&D Validated,Approved (TDS Verified),[Taxonomy Aligned]: Snacks & Savory Seasonings ➔ Topical Seasonings & Dusting ➔ Potato Chips / Extruded Snacks | [TDS Status]: Fully verified against authentic Technical Data Sheet (Mace OIL (Essential Oils).pdf).,Single Product,None,Mace OIL (Essential Oils).pdf,Essential Oil,AWA Bio,AWA Bio,,Best before 24 months under the specified storage conditions.,Specific gravity: FCC); Refractive index: FCC),General Name: Mace oil; is obtained by steam distillation of the dried reticulated aril of,"HDPE Jerry Cans,Bottles","Store in full, tight containers in a cool dry place protected from light and oxidation.",None declared,Colorless to  pale  yellow oil,"Mace OIL manufactured for AWA Bio, used in flavors,cosmetics."
157,Mustard Oleoresin 1001,Mustard Oleoresin,Snacks & Savory Seasonings,Topical Seasonings & Dusting,Potato Chips / Extruded Snacks,Concentrated standardized spice flavor profile for topical dusting and snacks.,No,Yes,R&D Validated,Approved (TDS Verified),[Taxonomy Aligned]: Snacks & Savory Seasonings ➔ Topical Seasonings & Dusting ➔ Potato Chips / Extruded Snacks | [TDS Status]: Fully verified against authentic Technical Data Sheet (MUSTARD Flavor (Essential Oils).pdf).,Single Product,None,MUSTARD Flavor (Essential Oils).pdf,Essential Oil,AWA Bio,AWA Bio,,Best before 24 months under the specified storage conditions,Volatile oil: Lead <2ppm AOAC 16th Edition; Heavy metals: Lead <2ppm AOAC 16th Edition,Botanical Name: Brassica juncea Forge (Family: Cruciferae); Proportionate blending of the essential oil with suitable additive.,"HDPE Jerry Cans,Bottles","Store in full, tight containers in a cool dry place protected from light and oxidation.",None declared,Pale yellow liquid.,"MUSTARD Flavor manufactured for AWA Bio, used in savory& processed food solutions,flavors."
158,Nutmeg Oleoresin 1001,Nutmeg Oleoresin,Snacks & Savory Seasonings,Topical Seasonings & Dusting,Potato Chips / Extruded Snacks,Concentrated standardized spice flavor profile for topical dusting and snacks.,Yes,Yes,R&D Validated,Approved (TDS Verified),[Taxonomy Aligned]: Snacks & Savory Seasonings ➔ Topical Seasonings & Dusting ➔ Potato Chips / Extruded Snacks | [TDS Status]: Fully verified against authentic Technical Data Sheet (Nutmeg Oil (Essential Oils).pdf).,Concentration / Grade Variant (Same Application),,Nutmeg Oil (Essential Oils).pdf,Essential Oil,AWA Bio,AWA Bio,,Best before 24 months under the specified storage conditions,Volatile oil: Residual solvent 20 ppm max. FCC IX th Edition; Residual solvents: Residual solvent 20 ppm max. FCC IX th Edition; Heavy metals: Lead <2ppm AOAC 16th Edition,Botanical Name: Myristica fragrans Houtt. (Family: Myristicaceae).; Steam distillation of the dried Nutmeg,"HDPE Jerry Cans,Bottles","Store in full, tight containers in a cool dry place protected from light and oxidation.",None declared,Almost colourless to pale yellow liquid,"Nutmeg Oil manufactured for AWA Bio, used in flavors,cosmetics."
159,Onion Oleoresin 1001,Onion Oleoresin,Snacks & Savory Seasonings,Topical Seasonings & Dusting,Potato Chips / Extruded Snacks,Authentic pungent allium sulfur aroma and fresh taste notes at micro-dosage.,Yes,Yes,R&D Validated,Approved (TDS Verified),[Taxonomy Aligned]: Snacks & Savory Seasonings ➔ Topical Seasonings & Dusting ➔ Potato Chips / Extruded Snacks | [TDS Status]: Fully verified against authentic Technical Data Sheet (Onion Oil (Essential Oils).pdf).,Concentration / Grade Variant (Same Application),Onion Oleoresin 1002; Onion Oleoresin 1003; Onion Oleoresin 1004; Onion Oleoresin 50/50; Onion Oleoresin 60/40; Onion Oleoresin 70/30; Onion Oleoresin 80/20; Onion Oleoresin 90/10,Onion Oil (Essential Oils).pdf,Essential Oil,AWA Bio,AWA Bio,,Best before 24 months under the specified storage conditions,Heavy metals: Lead <2ppm AOAC 16th Edition,Botanical Name: Allium cepaL. (Family: Liliaceae); Proportionate blending of the essential oil with suitable emulsifier.,"HDPE Jerry Cans,Bottles","Store in full, tight containers in a cool dry place protected from light and oxidation.",None declared,Light yellow oily liquid.,"Onion Oil manufactured for AWA Bio, used in savory,processed food solutions."
160,Oregano Oleoresin 1001,Oregano Oleoresin,Snacks & Savory Seasonings,Topical Seasonings & Dusting,Potato Chips / Extruded Snacks,Concentrated standardized spice flavor profile for topical dusting and snacks.,Yes,Yes,R&D Validated,Approved (TDS Verified),[Taxonomy Aligned]: Snacks & Savory Seasonings ➔ Topical Seasonings & Dusting ➔ Potato Chips / Extruded Snacks | [TDS Status]: Fully verified against authentic Technical Data Sheet (Oregano Oil (Essential Oils).pdf).,Concentration / Grade Variant (Same Application),,Oregano Oil (Essential Oils).pdf,Essential Oil,AWA Bio,AWA Bio,,Best before 24 months under the specified storage conditions,Volatile oil: Residual Solvent (Total) 20 ppm max. FCC IX th Edition; Residual solvents: Residual Solvent (Total) 20 ppm max. FCC IX th Edition; Heavy metals: Lead <2ppm AOAC 16th Edition,Botanical Name: Oreganum Vulgare L. (Family: Labiatae); Steam distillation of the dried leaves,"HDPE Jerry,Cans,Bottles","Store in full, tight containers in a cool dry place protected from light and oxidation.",None declared,Light Yellow oily liquid.,"Oregano Oil manufactured for AWA Bio, used in flavors,cosmetics."
161,Rosemary Oleoresin 1001,Rosemary Oleoresin,Snacks & Savory Seasonings,Topical Seasonings & Dusting,Potato Chips / Extruded Snacks,Concentrated standardized spice flavor profile for topical dusting and snacks.,Yes,Yes,R&D Validated,Approved (TDS Verified),[Taxonomy Aligned]: Snacks & Savory Seasonings ➔ Topical Seasonings & Dusting ➔ Potato Chips / Extruded Snacks | [TDS Status]: Fully verified against authentic Technical Data Sheet (Rosemary Oil (Essential Oils).pdf).,Concentration / Grade Variant (Same Application),,Rosemary Oil (Essential Oils).pdf,Essential Oil,AWA Bio,AWA Bio,,Best before 24 months under the specified storage conditions.,Volatile oil: Residual Solvent <20 ppm max. FCC VII th Edition; Residual solvents: Residual Solvent <20 ppm max. FCC VII th Edition; Heavy metals: Lead <5ppm AOAC 16th Edition,General Name: Rosemary; Steam distillation of the  dried leaves of,"HDPE Jerry Cans,Bottles","Store in full, tight containers in a cool dry place protected from light and oxidation.",None declared,Pale  yellow liquid.,"Rosemary Oil manufactured for AWA Bio, used in flavors, cosmetics."
162,Thyme Oleoresin 1001,Thyme Oleoresin,Snacks & Savory Seasonings,Topical Seasonings & Dusting,Potato Chips / Extruded Snacks,Concentrated standardized spice flavor profile for topical dusting and snacks.,Yes,Yes,R&D Validated,Approved (TDS Verified),[Taxonomy Aligned]: Snacks & Savory Seasonings ➔ Topical Seasonings & Dusting ➔ Potato Chips / Extruded Snacks | [TDS Status]: Fully verified against authentic Technical Data Sheet (THYME OIL (Essential Oils).pdf).,Concentration / Grade Variant (Same Application),,THYME OIL (Essential Oils).pdf,Essential Oil,AWA Bio,AWA Bio,,Best before 24 months under the specified storage conditions.,Specific gravity: FCC); Refractive index: FCC),General Name: Thyme oil; Steam distillation of the thyme leaves.,"HDPE Jerry Cans,Bottles","Store in full, tight containers in a cool dry place protected from light and oxidation.",None declared,Clear liquid,"THYME OIL manufactured for AWA Bio, used in flavors,cosmetics."
163,Aniseed Oil,Aniseed Oil,Snacks & Savory Seasonings,Topical Seasonings & Dusting,Potato Chips / Extruded Snacks,Concentrated standardized spice flavor profile for topical dusting and snacks.,No,Yes,R&D Validated,Approved (TDS Verified),[Taxonomy Aligned]: Snacks & Savory Seasonings ➔ Topical Seasonings & Dusting ➔ Potato Chips / Extruded Snacks | [TDS Status]: Fully verified against authentic Technical Data Sheet (Aniseed Oil (Essential Oils).pdf).,Single Product,None,Aniseed Oil (Essential Oils).pdf,Essential Oil,AWA Bio,AWA Bio,,Best before 24 months under the specified storage conditions,Specific gravity: FCC); Refractive index: FCC),The oil is obtained by steam distillation of the dried ripe,"HDPE Jerry Cans, Bottles","Store in full, tight containers in a cool dry place protected from light and oxidation.",None declared,Viscous yellow liquid.,"Aniseed Oil manufactured for AWA Bio, used in flavors, cosmetics."
164,Pepper Black Oleoresin 1001,Pepper Black Oleoresin,Snacks & Savory Seasonings,Topical Seasonings & Dusting,Potato Chips / Extruded Snacks,Instant pungent piperine impact and uniform distribution on potato/corn chips.,Yes,Yes,R&D Validated,Approved (TDS Verified),[Taxonomy Aligned]: Snacks & Savory Seasonings ➔ Topical Seasonings & Dusting ➔ Potato Chips / Extruded Snacks | [TDS Status]: Fully verified against authentic Technical Data Sheet (Black Pepper Oil (Essential Oils).pdf).,Concentration / Grade Variant (Same Application),Pepper Black Oleoresin 1002; Pepper Black Oleoresin 1003; Pepper Black Oleoresin 1004; Pepper Black Oleoresin 1005; Pepper Black Oleoresin 1006; Pepper Black Oleoresin 1007; Pepper Black Oleoresin 1008; Pepper Black Oleoresin 1009; Pepper Black Oleoresin 1010; Pepper Black Oleoresin 1011; Pepper Black Oleoresin 1012; Pepper Black Oleoresin 1013; Pepper Black Oleoresin 1014; Pepper Black Oleoresin 1015; Pepper Black Oleoresin 1016; Pepper Black Oleoresin 1017; Pepper Black Oleoresin 1018; Pepper Black Oleoresin 1019; Pepper Black Oleoresin 1020; Pepper Black Oleoresin 1021; Pepper Black Oleoresin 1022; Pepper Black Oleoresin 1023; Pepper Black Oleoresin 1024; Pepper Black Oleoresin 1025; Pepper Black Oleoresin 1026; Pepper Black Oleoresin 1027; Pepper Black Oleoresin 1028; Pepper Black Oleoresin 1029; Pepper Black Oleoresin 1030; Pepper Black Oleoresin 1031; Pepper Black Oleoresin 1032; Pepper Black Oleoresin 40/20,Black Pepper Oil (Essential Oils).pdf,Essential Oil,AWA Bio,AWA Bio,,Best before 24 months under the specified storage conditions,Volatile oil: Residual Solvent (Total) 20 ppm max. FCC IX th Edition; Piperine: Residual Solvent (Total) 20 ppm max. FCC IX th Edition; Residual solvents: Residual Solvent (Total) 20 ppm max. FCC IX th Edition; Heavy metals: Lead <2ppm AOAC 16th Edition,Botanical Name: Piper nigrum L. (Family: Piperaceae).; Steam distillation the ripe pepper berries,"HDPE Jerry Cans,Bottles","Store in full, tight containers in a cool dry place protected from light and oxidation.",None declared,Greenish Yellow,"Black Pepper Oil manufactured for AWA Bio, used in flavors, cosmetics."
165,Cardamom Oleoresin 1001,Cardamom Oleoresin,Snacks & Savory Seasonings,Topical Seasonings & Dusting,Potato Chips / Extruded Snacks,Concentrated standardized spice flavor profile for topical dusting and snacks.,Yes,Yes,R&D Validated,Approved (TDS Verified),[Taxonomy Aligned]: Snacks & Savory Seasonings ➔ Topical Seasonings & Dusting ➔ Potato Chips / Extruded Snacks | [TDS Status]: Fully verified against authentic Technical Data Sheet (CARDAMOM OIL (Essential Oils).pdf).,Concentration / Grade Variant (Same Application),Cardamom Oleoresin 1002,CARDAMOM OIL (Essential Oils).pdf,Essential Oil,AWA Bio,AWA Bio,,Best before 24 months under the specified storage conditions,Volatile oil: Residual Solvent 20 ppm max. FCC IX th Edition; Residual solvents: Residual Solvent 20 ppm max. FCC IX th Edition; Heavy metals: Lead <2ppm AOAC 16th Edition,Botanical Name: Elettaria cardamomum Maton (Family: Zingiberaceae).; Steam distillation of the dried cardamom,"HDPE Jerry Cans,Bottles","Store in full, tight containers in a cool dry place protected from light and oxidation.",None declared,Liquid,"CARDAMOM OIL manufactured for AWA Bio, used in flavors,cosmetics."
166,Cassia Oleoresin 1001,Cassia / Cinnamon Oleoresin,Snacks & Savory Seasonings,Topical Seasonings & Dusting,Potato Chips / Extruded Snacks,Concentrated standardized spice flavor profile for topical dusting and snacks.,Yes,Yes,R&D Validated,Approved (TDS Verified),[Taxonomy Aligned]: Snacks & Savory Seasonings ➔ Topical Seasonings & Dusting ➔ Potato Chips / Extruded Snacks | [TDS Status]: Fully verified against authentic Technical Data Sheet (CASSIA OIL (Essential Oils).pdf).,Concentration / Grade Variant (Same Application),,CASSIA OIL (Essential Oils).pdf,Essential Oil,AWA Bio,AWA Bio,,Best before 24 months under the specified storage conditions.,Specific gravity: FCC); Refractive index: FCC),General Name: Cinnamon; Steam distillation of the cinnamon leaves .,"HDPE Jerry Cans, Bottles","Store in full, tight containers in a cool dry place protected from light and oxidation.",None declared,Pale yellow oily liquid,"CASSIA OIL manufactured for AWA Bio, used in flavors,cosmetics."
167,Natural Mixed Tocopherols,Natural Mixed Tocopherols,Dairy,Cheese & Dairy Systems,Processed Cheese & Dairy Spreads,Standardized food grade functional ingredient.,No,Yes,R&D Validated,Approved (TDS Verified),[Taxonomy Aligned]: Dairy ➔ Cheese & Dairy Systems ➔ Processed Cheese & Dairy Spreads | [TDS Status]: Fully verified against authentic Technical Data Sheet (Natural Mixed Tocopherols (Natural Anti-Oxidants).pdf).,Single Product,None,Natural Mixed Tocopherols (Natural Anti-Oxidants).pdf,Natural Anti-Oxidant,AWA Bio,AWA Bio,,Best before 24 months under the specified storage conditions,Specific gravity: Arsenic ≤ 1.0 ppm HG-AAS,,"HDPE Jerry Cans,Bottles","Store in full, tight containers in a cool dry place protected from light and oxidation.",None declared,"Pale yellow to brownish red, Clear oily","Natural Mixed Tocopherols manufactured for AWA Bio, used in anti-oxidant."
168,Thyme Oleoresin 1001,Thyme Oleoresin,Snacks & Savory Seasonings,Topical Seasonings & Dusting,Potato Chips / Extruded Snacks,Concentrated standardized spice flavor profile for topical dusting and snacks.,Yes,Yes,R&D Validated,Approved (TDS Verified),[Taxonomy Aligned]: Snacks & Savory Seasonings ➔ Topical Seasonings & Dusting ➔ Potato Chips / Extruded Snacks | [TDS Status]: Fully verified against authentic Technical Data Sheet (OLEORESIN THYME (Natural Anti-Oxidants).pdf).,Concentration / Grade Variant (Same Application),,OLEORESIN THYME (Natural Anti-Oxidants).pdf,Oleoresin,AWA Bio,AWA Bio,,Best before 24 months under the specified storage conditions.,Volatile oil: Residual Solvent <20 ppm max. FCC VII th Edition; Residual solvents: Residual Solvent <20 ppm max. FCC VII th Edition; Heavy metals: Lead <5ppm AOAC 16th Edition,General Name: OLEORESIN THYME; is made by solvent extraction of the dried,"HDPE Jerry Cans,Pails,Bottles","Store in full, tight containers in a cool dry place protected from light and oxidation.",None declared,Dark brown pourable liquid .,"OLEORESIN THYME manufactured for AWA Bio, used in savory& processed food solutions, anti-oxidant."
169,Oleoresin Basil,Oleoresin Basil,Snacks & Savory Seasonings,Topical Seasonings & Dusting,Potato Chips / Extruded Snacks,Concentrated standardized spice flavor profile for topical dusting and snacks.,Yes,Yes,R&D Validated,Approved (TDS Verified),[Taxonomy Aligned]: Snacks & Savory Seasonings ➔ Topical Seasonings & Dusting ➔ Potato Chips / Extruded Snacks | [TDS Status]: Fully verified against authentic Technical Data Sheet (Oleoresin Basil (Natural Anti-Oxidants).pdf).,Concentration / Grade Variant (Same Application),,Oleoresin Basil (Natural Anti-Oxidants).pdf,Oleoresin,AWA Bio,AWA Bio,,Best before 24 months under the specified storage conditions.,Volatile oil: Lead >2ppm AOAC 16 th Edititon; Residual solvents: Residual Solvent (Total) 20 ppm max In House Method; Heavy metals: Lead >2ppm AOAC 16 th Edititon,General Name: BASIL,"HDPE Pails, Bottles","Store in full, tight containers in a cool dry place protected from light and oxidation.",None declared,Dark greenish brown viscous liquied .,"Oleoresin Basil manufactured for AWA Bio, used in savory&processed food solutions,anti-oxidant."
170,Oregano Oleoresin 1001,Oregano Oleoresin,Snacks & Savory Seasonings,Topical Seasonings & Dusting,Potato Chips / Extruded Snacks,Concentrated standardized spice flavor profile for topical dusting and snacks.,Yes,Yes,R&D Validated,Approved (TDS Verified),[Taxonomy Aligned]: Snacks & Savory Seasonings ➔ Topical Seasonings & Dusting ➔ Potato Chips / Extruded Snacks | [TDS Status]: Fully verified against authentic Technical Data Sheet (OLEORESIN OREGANUM (Natural Anti-Oxidants).pdf).,Concentration / Grade Variant (Same Application),,OLEORESIN OREGANUM (Natural Anti-Oxidants).pdf,Oleoresin,AWA Bio,AWA Bio,,Best before 24 months under the specified storage conditions,Volatile oil: Residual Solvent (Total) 20 ppm max. FCC IX th Edition; Residual solvents: Residual Solvent (Total) 20 ppm max. FCC IX th Edition; Heavy metals: Lead <2ppm AOAC 16th Edition,Botanical Name: Origanum vulgar; Solvent extraction of the dried rhizomes,"HDPE Pails,Bottles","Store in full, tight containers in a cool dry place protected from light and oxidation.",None declared,Dark brownish green pourable liquid.,"OLEORESIN OREGANUM manufactured for AWA Bio, used in savory&processed food solutions,anti-oxidant."
171,Rosemary Oleoresin 1001,Rosemary Oleoresin,Snacks & Savory Seasonings,Topical Seasonings & Dusting,Potato Chips / Extruded Snacks,Concentrated standardized spice flavor profile for topical dusting and snacks.,Yes,Yes,R&D Validated,Approved (TDS Verified),[Taxonomy Aligned]: Snacks & Savory Seasonings ➔ Topical Seasonings & Dusting ➔ Potato Chips / Extruded Snacks | [TDS Status]: Fully verified against authentic Technical Data Sheet (Rosemary oleoresin (Natural Anti-Oxidants).pdf).,Concentration / Grade Variant (Same Application),,Rosemary oleoresin (Natural Anti-Oxidants).pdf,Oleoresin,AWA Bio,AWA Bio,,Best before 24 months under the specified storage conditions,Volatile oil: Residual Solvent <20 ppm max. FCC VII th Edition; Residual solvents: Residual Solvent <20 ppm max. FCC VII th Edition; Heavy metals: Lead <5ppm AOAC 16th Edition,General Name: Rosemary; Rosemary extract is obtained by solvent extraction of dried,"HDPE Pails, Bottles","Store in full, tight containers in a cool dry place protected from light and oxidation.",None declared,Greenish brown coloured viscous liquid.,"Rosemary oleoresin manufactured for AWA Bio, used in savory& processed food solutions, anti-oxidant."
172,Oleoresin spinach,Oleoresin spinach,Snacks & Savory Seasonings,Topical Seasonings & Dusting,Potato Chips / Extruded Snacks,Concentrated standardized spice flavor profile for topical dusting and snacks.,No,Yes,R&D Validated,Approved (TDS Verified),[Taxonomy Aligned]: Snacks & Savory Seasonings ➔ Topical Seasonings & Dusting ➔ Potato Chips / Extruded Snacks | [TDS Status]: Fully verified against authentic Technical Data Sheet (Oleoresin spinach (Natural Anti-Oxidants).pdf).,Single Product,None,Oleoresin spinach (Natural Anti-Oxidants).pdf,Oleoresin,AWA Bio,AWA Bio,,Best before 24 months under the specified storage conditions,Residual solvents: Residual Solvent (Total) 20 ppm max. FCC IX th Edition; Heavy metals: Lead <2ppm AOAC 16th Edition,"General Name: spinach; The product is natural, obtained from dried leaves of","HDPE Jerry Cans,Bottles","Store in full, tight containers in a cool dry place protected from light and oxidation.",None declared,Green liquid,"Oleoresin spinach manufactured for AWA Bio, used in natural color, anti-oxidant."
173,Burger Spice Blend,Burger Spice Blend,Snacks & Savory Seasonings,Topical Seasonings & Dusting,Potato Chips / Extruded Snacks,Concentrated standardized spice flavor profile for topical dusting and snacks.,No,Yes,R&D Validated,Approved (TDS Verified),[Taxonomy Aligned]: Snacks & Savory Seasonings ➔ Topical Seasonings & Dusting ➔ Potato Chips / Extruded Snacks | [TDS Status]: Fully verified against authentic Technical Data Sheet (Burger Spice Blend (Liquid Spice Blends).pdf).,Single Product,None,Burger Spice Blend (Liquid Spice Blends).pdf,Liquid Spice Blend,AWA Bio,AWA Bio,,Best before 24 months under the specified storage conditions,Capsaicin: Residual Solvent (Total) 20 ppm max. FCC IX th Edition; Residual solvents: Residual Solvent (Total) 20 ppm max. FCC IX th Edition; Heavy metals: Lead <2ppm AOAC 16th Edition,General Name: Spice blend liquid; Appropriate  blending of specific ingredients .,"HDPE Jerry Cans,Bottels","Store in full, tight containers in a cool dry place protected from light and oxidation.",None declared,Brown oily liquid,"Burger Spice Blend manufactured for AWA Bio, used in processed meat..."
174,HOT DOG SPICE BLEND,HOT DOG SPICE BLEND,Snacks & Savory Seasonings,Topical Seasonings & Dusting,Potato Chips / Extruded Snacks,Concentrated standardized spice flavor profile for topical dusting and snacks.,No,Yes,R&D Validated,Approved (TDS Verified),[Taxonomy Aligned]: Snacks & Savory Seasonings ➔ Topical Seasonings & Dusting ➔ Potato Chips / Extruded Snacks | [TDS Status]: Fully verified against authentic Technical Data Sheet (HOT DOG SPICE BLEND (Liquid Spice Blends).pdf).,Single Product,None,HOT DOG SPICE BLEND (Liquid Spice Blends).pdf,Liquid Spice Blend,AWA Bio,AWA Bio,,Best before 24 months under the specified storage conditions,Capsaicin: Residual Solvent (Total) 20 ppm max. FCC IX th Edition; Residual solvents: Residual Solvent (Total) 20 ppm max. FCC IX th Edition; Heavy metals: Lead <2ppm AOAC 16th Edition,General Name: Spice blend liquid; Appropriate  blending of specific ingredients .,"HDPE Jerry Cans,Bottles","Store in full, tight containers in a cool dry place protected from light and oxidation.",None declared,Brown liquid,"HOT DOG SPICE BLEND manufactured for AWA Bio, used in processed meat."
175,Ketch up oil 1001 - SM,Ketch up oil 1001 - SM,Snacks & Savory Seasonings,Topical Seasonings & Dusting,Potato Chips / Extruded Snacks,Concentrated standardized spice flavor profile for topical dusting and snacks.,No,Yes,R&D Validated,Approved (TDS Verified),[Taxonomy Aligned]: Snacks & Savory Seasonings ➔ Topical Seasonings & Dusting ➔ Potato Chips / Extruded Snacks | [TDS Status]: Fully verified against authentic Technical Data Sheet (Ketchup Spice Blend (Liquid Spice Blends).pdf).,Single Product,None,Ketchup Spice Blend (Liquid Spice Blends).pdf,Liquid Spice Blend,AWA Bio,AWA Bio,,Best before 24 months under the specified storage conditions,Volatile oil: Residual Solvent <20 ppm FCC IX th Edition; Residual solvents: Residual Solvent <20 ppm FCC IX th Edition; Heavy metals: Lead <2ppm AOAC 16th Edition,General Name: Spice blend; Proportionate blending of specific ingredients,"HDPE Jerry Cans,Bottles","Store in full, tight containers in a cool dry place protected from light and oxidation.",None declared,Light brown liquid.,"Ketchup Spice Blend manufactured for AWA Bio, used in savory, sauces.."
176,Kofta Spice Blend,Kofta Spice Blend,Snacks & Savory Seasonings,Topical Seasonings & Dusting,Potato Chips / Extruded Snacks,Concentrated standardized spice flavor profile for topical dusting and snacks.,No,Yes,R&D Validated,Approved (TDS Verified),[Taxonomy Aligned]: Snacks & Savory Seasonings ➔ Topical Seasonings & Dusting ➔ Potato Chips / Extruded Snacks | [TDS Status]: Fully verified against authentic Technical Data Sheet (Kofta Spice Blend (Liquid Spice Blends).pdf).,Single Product,None,Kofta Spice Blend (Liquid Spice Blends).pdf,Liquid Spice Blend,AWA Bio,AWA Bio,,Best before 24 months under the specified storage conditions,Piperine: Residual Solvent (Total) 20 ppm max. FCC IX th Edition; Residual solvents: Residual Solvent (Total) 20 ppm max. FCC IX th Edition; Heavy metals: Lead <2ppm AOAC 16th Edition,General Name: Spice blend liquid; Appropriate  blending of specific ingredients .,"HDPE Jerry Cans,Bottles","Store in full, tight containers in a cool dry place protected from light and oxidation.",None declared,Brown oily liquid,"Kofta Spice Blend manufactured for AWA Bio, used in processed meat..."
177,Luncheon Spice Blend,Luncheon Spice Blend,Snacks & Savory Seasonings,Topical Seasonings & Dusting,Potato Chips / Extruded Snacks,Concentrated standardized spice flavor profile for topical dusting and snacks.,No,Yes,R&D Validated,Approved (TDS Verified),[Taxonomy Aligned]: Snacks & Savory Seasonings ➔ Topical Seasonings & Dusting ➔ Potato Chips / Extruded Snacks | [TDS Status]: Fully verified against authentic Technical Data Sheet (Luncheon Spice Blend (Liquid Spice Blends).pdf).,Single Product,None,Luncheon Spice Blend (Liquid Spice Blends).pdf,Liquid Spice Blend,AWA Bio,AWA Bio,,Best before 24 months under the specified storage conditions,Capsaicin: Residual Solvent (Total) 20 ppm max. FCC IX th Edition; Residual solvents: Residual Solvent (Total) 20 ppm max. FCC IX th Edition; Heavy metals: Lead <2ppm AOAC 16th Edition,General Name: Spice blend liquid; Appropriate blending of specific ingredients .,"HDPE Jerry Cans,Bottles","Store in full, tight containers in a cool dry place protected from light and oxidation.",None declared,Brown oily liquid,"Luncheon Spice Blend manufactured for AWA Bio, used in flavors, cosmetics."
178,Oriental Sausage Spice Blend,Oriental Sausage Spice Blend,Snacks & Savory Seasonings,Topical Seasonings & Dusting,Potato Chips / Extruded Snacks,Concentrated standardized spice flavor profile for topical dusting and snacks.,No,Yes,R&D Validated,Approved (TDS Verified),[Taxonomy Aligned]: Snacks & Savory Seasonings ➔ Topical Seasonings & Dusting ➔ Potato Chips / Extruded Snacks | [TDS Status]: Fully verified against authentic Technical Data Sheet (Oriental Sausage Spice Blend (Liquid Spice Blends).pdf).,Single Product,None,Oriental Sausage Spice Blend (Liquid Spice Blends).pdf,Liquid Spice Blend,AWA Bio,AWA Bio,,Best before 24 months under the specified storage conditions,Capsaicin: Residual Solvent (Total) 20 ppm max. FCC IX th Edition; Residual solvents: Residual Solvent (Total) 20 ppm max. FCC IX th Edition; Heavy metals: Lead <2ppm AOAC 16th Edition,General Name: Spice blend liquid; Appropriate  blending of specific ingredients .,"HDPE Jerry Cans,Bottles","Store in full, tight containers in a cool dry place protected from light and oxidation.",None declared,Brown oily liquid,"Oriental Sausage Spice Blend manufactured for AWA Bio, used in processed meat.."
179,Pastrami Spice Blend,Pastrami Spice Blend,Snacks & Savory Seasonings,Topical Seasonings & Dusting,Potato Chips / Extruded Snacks,Concentrated standardized spice flavor profile for topical dusting and snacks.,No,Yes,R&D Validated,Approved (TDS Verified),[Taxonomy Aligned]: Snacks & Savory Seasonings ➔ Topical Seasonings & Dusting ➔ Potato Chips / Extruded Snacks | [TDS Status]: Fully verified against authentic Technical Data Sheet (Pastrami Spice Blend (Liquid Spice Blends).pdf).,Single Product,None,Pastrami Spice Blend (Liquid Spice Blends).pdf,Liquid Spice Blend,AWA Bio,AWA Bio,,Best before 24 months under the specified storage conditions,Residual solvents: Residual Solvent 20 ppm max. FCC IX th Edition; Heavy metals: Lead <2ppm AOAC 16th Edition,General Name: Spice blend liquid; Appropriate  blending of specific ingredients .,"HDPE Jerry Cans,Bottles","Store in full, tight containers in a cool dry place protected from light and oxidation.",None declared,Brown liquid,"Pastrami Spice Blend manufactured for AWA Bio, used in processed meat.."
180,Pizza Spice Blend,Pizza Spice Blend,Snacks & Savory Seasonings,Topical Seasonings & Dusting,Potato Chips / Extruded Snacks,Concentrated standardized spice flavor profile for topical dusting and snacks.,No,Yes,R&D Validated,Approved (TDS Verified),[Taxonomy Aligned]: Snacks & Savory Seasonings ➔ Topical Seasonings & Dusting ➔ Potato Chips / Extruded Snacks | [TDS Status]: Fully verified against authentic Technical Data Sheet (Pizza Spice Blend (Liquid Spice Blends).pdf).,Single Product,None,Pizza Spice Blend (Liquid Spice Blends).pdf,Liquid Spice Blend,AWA Bio,AWA Bio,,Best before 24 months under the specified storage conditions,Volatile oil: Residual Solvent <20 ppm FCC IX th Edition; Residual solvents: Residual Solvent <20 ppm FCC IX th Edition; Heavy metals: Lead <2ppm AOAC 16th Edition,General Name: Spice blend; Proportionate blending of specific ingredients,"HDPE Jerry Cans,Bottles","Store in full, tight containers in a cool dry place protected from light and oxidation.",None declared,Light brown liquid.,"Pizza Spice Blend manufactured for AWA Bio, used in flavors, cosmetics."
181,Roasted Beef Spice Blend,Roasted Beef Spice Blend,Snacks & Savory Seasonings,Topical Seasonings & Dusting,Potato Chips / Extruded Snacks,Concentrated standardized spice flavor profile for topical dusting and snacks.,No,Yes,R&D Validated,Approved (TDS Verified),[Taxonomy Aligned]: Snacks & Savory Seasonings ➔ Topical Seasonings & Dusting ➔ Potato Chips / Extruded Snacks | [TDS Status]: Fully verified against authentic Technical Data Sheet (Roasted Beef Spice Blend (Liquid Spice Blends).pdf).,Single Product,None,Roasted Beef Spice Blend (Liquid Spice Blends).pdf,Liquid Spice Blend,AWA Bio,AWA Bio,,Best before 24 months under the specified storage conditions,Piperine: Residual Solvent (Total) 20 ppm max. FCC IX th Edition; Residual solvents: Residual Solvent (Total) 20 ppm max. FCC IX th Edition; Heavy metals: Lead <2ppm AOAC 16th Edition,General Name: Spice blend liquid; Appropriate blending of specific ingredients .,"HDPE Jerry Cans,Bottles","Store in full, tight containers in a cool dry place protected from light and oxidation.",None declared,Brown liquid,"Roasted Beef Spice Blend manufactured for AWA Bio, used in processed meat.."
182,AGLUPECTIN HS-MR,Pectin Functional Systems,Bakery,Pastry Fillings,Bake-Stable Jams & Pie Fillings,Bake-stable gelling resisting boil-out during oven baking.,Yes,Not found for any variants,Analyst Proposed,Missing TDS - Urgent R&D Request,[Catalog TDS Reference Linked]: Bio Ingredints Portfolio B2B.PDF | Note: Grade-specific active concentration & dosage left blank pending Supplier CoA.,Concentration / Grade Variant (Same Application),AGLUPECTIN HS-R-E440(I); AGLUPECTIN HS-SB13Z; Pectin 105C; Pectin CE 514; Pectin LM 101 AS; Pectin LM 102 AS; Pectin LM 104 AS; Pectin LM 104 AS - FS; Pectin LM 106 AS-YA; Pectin LM104 AS (100); Pectin Ultra,Bio Ingredints Portfolio B2B.PDF,Pectin / Hydrocolloid,AWA Food Solutions,Ingreva,,24 months,,AGLUPECTIN HS-MR,25 kg,"Store in a cool, dry place away from direct sunlight",None declared,,"AGLUPECTIN HS-MR, food grade industrial ingredient."
183,AGLUPECTIN HS-R-E440(I),Pectin Functional Systems,Bakery,Pastry Fillings,Bake-Stable Jams & Pie Fillings,Bake-stable gelling resisting boil-out during oven baking.,Yes,Not found for any variants,Analyst Proposed,Missing TDS - Urgent R&D Request,[Catalog TDS Reference Linked]: Bio Ingredints Portfolio B2B.PDF | Note: Grade-specific active concentration & dosage left blank pending Supplier CoA.,Concentration / Grade Variant (Same Application),AGLUPECTIN HS-MR; AGLUPECTIN HS-SB13Z; Pectin 105C; Pectin CE 514; Pectin LM 101 AS; Pectin LM 102 AS; Pectin LM 104 AS; Pectin LM 104 AS - FS; Pectin LM 106 AS-YA; Pectin LM104 AS (100); Pectin Ultra,Bio Ingredints Portfolio B2B.PDF,Pectin / Hydrocolloid,AWA Food Solutions,Ingreva,,24 months,,AGLUPECTIN HS-R-E440(I),25 kg,"Store in a cool, dry place away from direct sunlight",None declared,,"AGLUPECTIN HS-R-E440(I), food grade industrial ingredient."
184,AGLUPECTIN HS-SB13Z,Pectin Functional Systems,Bakery,Pastry Fillings,Bake-Stable Jams & Pie Fillings,Bake-stable gelling resisting boil-out during oven baking.,Yes,Not found for any variants,Analyst Proposed,Missing TDS - Urgent R&D Request,[Catalog TDS Reference Linked]: Bio Ingredints Portfolio B2B.PDF | Note: Grade-specific active concentration & dosage left blank pending Supplier CoA.,Concentration / Grade Variant (Same Application),AGLUPECTIN HS-MR; AGLUPECTIN HS-R-E440(I); Pectin 105C; Pectin CE 514; Pectin LM 101 AS; Pectin LM 102 AS; Pectin LM 104 AS; Pectin LM 104 AS - FS; Pectin LM 106 AS-YA; Pectin LM104 AS (100); Pectin Ultra,Bio Ingredints Portfolio B2B.PDF,Pectin / Hydrocolloid,AWA Food Solutions,Ingreva,,24 months,,AGLUPECTIN HS-SB13Z,25 kg,"Store in a cool, dry place away from direct sunlight",None declared,,"AGLUPECTIN HS-SB13Z, food grade industrial ingredient."
185,Annatto 2.2 WS 1KG,Annatto Natural Color,Dairy,Cheese,Processed Cheese,Stable yellow-to-orange coloration (Bixin / Norbixin) with high milk protein affinity.,Yes,Not found for any variants,Analyst Proposed,Missing TDS - Urgent R&D Request,[Catalog TDS Reference Linked]: Natural Colors (TDS)s.pdf | Note: Grade-specific active concentration & dosage left blank pending Supplier CoA.,Concentration / Grade Variant (Same Application),Annatto 4% WS 1kg; Annatto Turmeric; Annatto WS 2.2 % 5 KG; Annatto WS 3.50 %; Annatto WS 4 % 5 KG,Natural Colors (TDS)s.pdf,Food Color,AWA Food Solutions,AWA Food Solutions,,24 months,,Annatto 2.2 WS 1KG,1KG,"Store in a cool, dry place away from direct sunlight",None declared,,"Annatto 2.2 WS 1KG, food grade industrial ingredient."
186,Annatto 4% WS 1kg,Annatto Natural Color,Dairy,Cheese,Processed Cheese,Stable yellow-to-orange coloration (Bixin / Norbixin) with high milk protein affinity.,Yes,Not found for any variants,Analyst Proposed,Missing TDS - Urgent R&D Request,[Catalog TDS Reference Linked]: Natural Colors (TDS)s.pdf | Note: Grade-specific active concentration & dosage left blank pending Supplier CoA.,Concentration / Grade Variant (Same Application),Annatto 2.2 WS 1KG; Annatto Turmeric; Annatto WS 2.2 % 5 KG; Annatto WS 3.50 %; Annatto WS 4 % 5 KG,Natural Colors (TDS)s.pdf,Food Color,AWA Food Solutions,AWA Food Solutions,,24 months,,Annatto 4% WS 1kg,1kg,"Store in a cool, dry place away from direct sunlight",None declared,,"Annatto 4% WS 1kg, food grade industrial ingredient."
187,Annatto Turmeric,Annatto Natural Color,Dairy,Cheese,Processed Cheese,Stable yellow-to-orange coloration (Bixin / Norbixin) with high milk protein affinity.,Yes,Not found for any variants,Analyst Proposed,Missing TDS - Urgent R&D Request,[Catalog TDS Reference Linked]: Natural Colors (TDS)s.pdf | Note: Grade-specific active concentration & dosage left blank pending Supplier CoA.,Concentration / Grade Variant (Same Application),Annatto 2.2 WS 1KG; Annatto 4% WS 1kg; Annatto WS 2.2 % 5 KG; Annatto WS 3.50 %; Annatto WS 4 % 5 KG,Natural Colors (TDS)s.pdf,Food Color,AWA Food Solutions,AWA Food Solutions,,24 months,,Annatto Turmeric,25 kg,"Store in a cool, dry place away from direct sunlight",None declared,,"Annatto Turmeric, food grade industrial ingredient."
188,Annatto WS 2.2 % 5 KG,Annatto Natural Color,Dairy,Cheese,Processed Cheese,Stable yellow-to-orange coloration (Bixin / Norbixin) with high milk protein affinity.,Yes,Not found for any variants,Analyst Proposed,Missing TDS - Urgent R&D Request,[Catalog TDS Reference Linked]: Natural Colors (TDS)s.pdf | Note: Grade-specific active concentration & dosage left blank pending Supplier CoA.,Concentration / Grade Variant (Same Application),Annatto 2.2 WS 1KG; Annatto 4% WS 1kg; Annatto Turmeric; Annatto WS 3.50 %; Annatto WS 4 % 5 KG,Natural Colors (TDS)s.pdf,Food Color,AWA Food Solutions,AWA Food Solutions,,24 months,,Annatto WS 2.2 % 5 KG,5 KG,"Store in a cool, dry place away from direct sunlight",None declared,,"Annatto WS 2.2 % 5 KG, food grade industrial ingredient."
189,Annatto WS 3.50 %,Annatto Natural Color,Dairy,Cheese,Processed Cheese,Stable yellow-to-orange coloration (Bixin / Norbixin) with high milk protein affinity.,Yes,Not found for any variants,Analyst Proposed,Missing TDS - Urgent R&D Request,[Catalog TDS Reference Linked]: Natural Colors (TDS)s.pdf | Note: Grade-specific active concentration & dosage left blank pending Supplier CoA.,Concentration / Grade Variant (Same Application),Annatto 2.2 WS 1KG; Annatto 4% WS 1kg; Annatto Turmeric; Annatto WS 2.2 % 5 KG; Annatto WS 4 % 5 KG,Natural Colors (TDS)s.pdf,Food Color,AWA Food Solutions,AWA Food Solutions,,24 months,,Annatto WS 3.50 %,25 kg,"Store in a cool, dry place away from direct sunlight",None declared,,"Annatto WS 3.50 %, food grade industrial ingredient."
190,Annatto WS 4 % 5 KG,Annatto Natural Color,Dairy,Cheese,Processed Cheese,Stable yellow-to-orange coloration (Bixin / Norbixin) with high milk protein affinity.,Yes,Not found for any variants,Analyst Proposed,Missing TDS - Urgent R&D Request,[Catalog TDS Reference Linked]: Natural Colors (TDS)s.pdf | Note: Grade-specific active concentration & dosage left blank pending Supplier CoA.,Concentration / Grade Variant (Same Application),Annatto 2.2 WS 1KG; Annatto 4% WS 1kg; Annatto Turmeric; Annatto WS 2.2 % 5 KG; Annatto WS 3.50 %,Natural Colors (TDS)s.pdf,Food Color,AWA Food Solutions,AWA Food Solutions,,24 months,,Annatto WS 4 % 5 KG,5 KG,"Store in a cool, dry place away from direct sunlight",None declared,,"Annatto WS 4 % 5 KG, food grade industrial ingredient."
191,Antifoam,Antifoam Compounds,Beverages,Processing & Bottling,Carbonated Bottling & Juice Degassing,Rapid foam knockdown during carbonated beverage bottling and thermal fruit juice processing.,Yes,"No, but copied variant",Analyst Proposed,Inherited Sibling Specs (Direct TDS Required),[Catalog TDS Reference Linked]: Powder Antifoam.pdf | Note: Grade-specific active concentration & dosage left blank pending Supplier CoA.,Application-Specific Variant (Different Applications),ANTIFOAM COMPOUND; Antifoam LPD,Powder Antifoam.pdf,Food Ingredient,AWA Food Solutions,AWA Food Solutions,,24 months,,Antifoam,25 kg,"Store in a cool, dry place away from direct sunlight",None declared,,"Antifoam, food grade industrial ingredient."
192,Ascorbic Acid China,Ascorbic Acid China,Dairy,Cheese & Dairy Systems,Processed Cheese & Dairy Spreads,Standardized food grade functional ingredient.,No,"No, and doesn't have variants",Analyst Proposed,Missing TDS - Urgent R&D Request,[Catalog TDS Reference Linked]: Bio Ingredints Portfolio B2B.PDF | Note: Grade-specific active concentration & dosage left blank pending Supplier CoA.,Single Product,None,Bio Ingredints Portfolio B2B.PDF,Food Additive / Preservative / Buffer,AWA Food Solutions,AWA Food Solutions,,24 months,,Ascorbic Acid China,25 kg,"Store in a cool, dry place away from direct sunlight",None declared,,"Ascorbic Acid China, food grade industrial ingredient."
193,Beet root extract,Beet Root Color,Meat & Poultry,Processed Meat,Emulsified Sausages,Heat- and light-stable vivid cured pink-to-red hue in frankfurters and sausages.,No,"No, and doesn't have variants",Analyst Proposed,Missing TDS - Urgent R&D Request,[Catalog TDS Reference Linked]: Bio Ingredints Portfolio B2B.PDF | Note: Grade-specific active concentration & dosage left blank pending Supplier CoA.,Single Product,None,Bio Ingredints Portfolio B2B.PDF,Food Ingredient,AWA Food Solutions,AWA Food Solutions,,24 months,,Beet root extract,25 kg,"Store in a cool, dry place away from direct sunlight",None declared,,"Beet root extract, food grade industrial ingredient."
194,Blackcurrant Anthocyanin,Anthocyanin Natural Color,Meat & Poultry,Processed Meat,Emulsified Sausages,Heat- and light-stable vivid cured pink-to-red hue in frankfurters and sausages.,Yes,Not found for any variants,Analyst Proposed,Missing TDS - Urgent R&D Request,[Catalog TDS Reference Linked]: Bio Ingredints Portfolio B2B.PDF | Note: Grade-specific active concentration & dosage left blank pending Supplier CoA.,Concentration / Grade Variant (Same Application),Blackcurrant Anthocyanin 20 KG,Bio Ingredints Portfolio B2B.PDF,Food Color,AWA Food Solutions,AWA Food Solutions,,24 months,,Blackcurrant Anthocyanin,25 kg,"Store in a cool, dry place away from direct sunlight",None declared,,"Blackcurrant Anthocyanin, food grade industrial ingredient."
195,Blackcurrant Anthocyanin 20 KG,Anthocyanin Natural Color,Meat & Poultry,Processed Meat,Emulsified Sausages,Heat- and light-stable vivid cured pink-to-red hue in frankfurters and sausages.,Yes,Not found for any variants,Analyst Proposed,Missing TDS - Urgent R&D Request,[Catalog TDS Reference Linked]: Bio Ingredints Portfolio B2B.PDF | Note: Grade-specific active concentration & dosage left blank pending Supplier CoA.,Concentration / Grade Variant (Same Application),Blackcurrant Anthocyanin,Bio Ingredints Portfolio B2B.PDF,Food Color,AWA Food Solutions,AWA Food Solutions,,24 months,,Blackcurrant Anthocyanin 20 KG,20 KG,"Store in a cool, dry place away from direct sunlight",None declared,,"Blackcurrant Anthocyanin 20 KG, food grade industrial ingredient."
196,Calcium Chloride-25kg,Calcium Chloride-25kg,Beverages,Carbonated Drinks,Cola / Carbonated Soft Drinks,"Provides crisp tart acidity, enhances fruit flavor perception, and regulates formulation pH.",No,"No, and doesn't have variants",Analyst Proposed,Missing TDS - Urgent R&D Request,[Catalog TDS Reference Linked]: Bio Ingredints Portfolio B2B.PDF | Note: Grade-specific active concentration & dosage left blank pending Supplier CoA.,Single Product,None,Bio Ingredints Portfolio B2B.PDF,Food Ingredient,AWA Food Solutions,AWA Food Solutions,,24 months,,Calcium Chloride-25kg,25kg,"Store in a cool, dry place away from direct sunlight",None declared,,"Calcium Chloride-25kg, food grade industrial ingredient."
197,Calcium Propionate China-25kg,Calcium Propionate,Bakery,Bread,Sliced Bread / Buns / Rolls,"Inhibits mold (Aspergillus, Penicillium) extending shelf-life by 7-14 days.",Yes,Not found for any variants,Analyst Proposed,Missing TDS - Urgent R&D Request,[Catalog TDS Reference Linked]: Bio Ingredints Portfolio B2B.PDF | Note: Grade-specific active concentration & dosage left blank pending Supplier CoA.,Concentration / Grade Variant (Same Application),Calcium Propionate Macco-20kg,Bio Ingredints Portfolio B2B.PDF,Food Additive / Preservative / Buffer,AWA Food Solutions,AWA Food Solutions,,24 months,,Calcium Propionate China-25kg,25kg,"Store in a cool, dry place away from direct sunlight",None declared,,"Calcium Propionate China-25kg, food grade industrial ingredient."
198,Calcium Propionate Macco-20kg,Calcium Propionate,Bakery,Bread,Sliced Bread / Buns / Rolls,"Inhibits mold (Aspergillus, Penicillium) extending shelf-life by 7-14 days.",Yes,Not found for any variants,Analyst Proposed,Missing TDS - Urgent R&D Request,[Catalog TDS Reference Linked]: Bio Ingredints Portfolio B2B.PDF | Note: Grade-specific active concentration & dosage left blank pending Supplier CoA.,Concentration / Grade Variant (Same Application),Calcium Propionate China-25kg,Bio Ingredints Portfolio B2B.PDF,Food Additive / Preservative / Buffer,AWA Food Solutions,AWA Food Solutions,,24 months,,Calcium Propionate Macco-20kg,20kg,"Store in a cool, dry place away from direct sunlight",None declared,,"Calcium Propionate Macco-20kg, food grade industrial ingredient."
199,Capsicum Oleoresin 1000,Capsicum Oleoresin,Snacks & Savory Seasonings,Topical Seasonings & Dusting,Potato Chips / Extruded Snacks,Concentrated standardized spice flavor profile for topical dusting and snacks.,Yes,"No, but copied variant",Analyst Proposed,Inherited Sibling Specs (Direct TDS Required),[Catalog TDS Reference Linked]: Oleoresin Capsicum (Oleoresins).pdf | Note: Grade-specific active concentration & dosage left blank pending Supplier CoA.,Concentration / Grade Variant (Same Application),"Capsicum Oleoresin 1001; Capsicum Oleoresin 1002; Capsicum Oleoresin 1003; Capsicum Oleoresin 500,000 SHU",Oleoresin Capsicum (Oleoresins).pdf,Oleoresin,AWA Bio,AWA Bio,,24 months,,Capsicum Oleoresin 1000,HDPE containers / standard food grade packaging,"Store in a cool, dry place away from direct sunlight",None declared,Dark red liquid In House Method,Oleoresin Capsicum (Capsicum): Solvent extraction of the dried pods of Indian red chillies
200,Capsicum Oleoresin 1002,Capsicum Oleoresin,Snacks & Savory Seasonings,Topical Seasonings & Dusting,Potato Chips / Extruded Snacks,Concentrated standardized spice flavor profile for topical dusting and snacks.,Yes,"No, but copied variant",Analyst Proposed,Inherited Sibling Specs (Direct TDS Required),[Catalog TDS Reference Linked]: Oleoresin Capsicum (Oleoresins).pdf | Note: Grade-specific active concentration & dosage left blank pending Supplier CoA.,Concentration / Grade Variant (Same Application),"Capsicum Oleoresin 1001; Capsicum Oleoresin 1000; Capsicum Oleoresin 1003; Capsicum Oleoresin 500,000 SHU",Oleoresin Capsicum (Oleoresins).pdf,Oleoresin,AWA Bio,AWA Bio,,24 months,,Capsicum Oleoresin 1002,HDPE containers / standard food grade packaging,"Store in a cool, dry place away from direct sunlight",None declared,Dark red liquid In House Method,Oleoresin Capsicum (Capsicum): Solvent extraction of the dried pods of Indian red chillies
201,Capsicum Oleoresin 1003,Capsicum Oleoresin,Snacks & Savory Seasonings,Topical Seasonings & Dusting,Potato Chips / Extruded Snacks,Concentrated standardized spice flavor profile for topical dusting and snacks.,Yes,"No, but copied variant",Analyst Proposed,Inherited Sibling Specs (Direct TDS Required),[Catalog TDS Reference Linked]: Oleoresin Capsicum (Oleoresins).pdf | Note: Grade-specific active concentration & dosage left blank pending Supplier CoA.,Concentration / Grade Variant (Same Application),"Capsicum Oleoresin 1001; Capsicum Oleoresin 1000; Capsicum Oleoresin 1002; Capsicum Oleoresin 500,000 SHU",Oleoresin Capsicum (Oleoresins).pdf,Oleoresin,AWA Bio,AWA Bio,,24 months,,Capsicum Oleoresin 1003,HDPE containers / standard food grade packaging,"Store in a cool, dry place away from direct sunlight",None declared,Dark red liquid In House Method,Oleoresin Capsicum (Capsicum): Solvent extraction of the dried pods of Indian red chillies
202,"Capsicum Oleoresin 500,000 SHU",Capsicum Oleoresin,Snacks & Savory Seasonings,Topical Seasonings & Dusting,Potato Chips / Extruded Snacks,Concentrated standardized spice flavor profile for topical dusting and snacks.,Yes,"No, but copied variant",Analyst Proposed,Inherited Sibling Specs (Direct TDS Required),[Catalog TDS Reference Linked]: Oleoresin Capsicum (Oleoresins).pdf | Note: Grade-specific active concentration & dosage left blank pending Supplier CoA.,Concentration / Grade Variant (Same Application),Capsicum Oleoresin 1001; Capsicum Oleoresin 1000; Capsicum Oleoresin 1002; Capsicum Oleoresin 1003,Oleoresin Capsicum (Oleoresins).pdf,Oleoresin,AWA Bio,AWA Bio,,24 months,,"Capsicum Oleoresin 500,000 SHU",HDPE containers / standard food grade packaging,"Store in a cool, dry place away from direct sunlight",None declared,Dark red liquid In House Method,Oleoresin Capsicum (Capsicum): Solvent extraction of the dried pods of Indian red chillies
203,Caramel (E150D),Caramel Color,Beverages,Carbonated Drinks,Cola / Carbonated Soft Drinks,Imparts deep amber to dark brown coloration with excellent acid stability.,Yes,Not found for any variants,Analyst Proposed,Missing TDS - Urgent R&D Request,[Catalog TDS Reference Linked]: Bio Ingredints Portfolio B2B.PDF | Note: Grade-specific active concentration & dosage left blank pending Supplier CoA.,Concentration / Grade Variant (Same Application),Caramel liquid Type E150A 30KG; Caramel Liquid Type E150D; Caramel Liquid Type E150D 30KG; Caramel Powder (E150D); Caramel powder Type E150A 20KG; Caramel powder Type E150c 20KG; Caramel powder Type E150d 20KG,Bio Ingredints Portfolio B2B.PDF,Food Color,AWA Food Solutions,AWA Food Solutions,,24 months,,Caramel (E150D),25 kg,"Store in a cool, dry place away from direct sunlight",None declared,,"Caramel (E150D), food grade industrial ingredient."
204,Caramel liquid Type E150A 30KG,Caramel Color,Beverages,Carbonated Drinks,Cola / Carbonated Soft Drinks,Imparts deep amber to dark brown coloration with excellent acid stability.,Yes,Not found for any variants,Analyst Proposed,Missing TDS - Urgent R&D Request,[Catalog TDS Reference Linked]: Bio Ingredints Portfolio B2B.PDF | Note: Grade-specific active concentration & dosage left blank pending Supplier CoA.,Concentration / Grade Variant (Same Application),Caramel (E150D); Caramel Liquid Type E150D; Caramel Liquid Type E150D 30KG; Caramel Powder (E150D); Caramel powder Type E150A 20KG; Caramel powder Type E150c 20KG; Caramel powder Type E150d 20KG,Bio Ingredints Portfolio B2B.PDF,Food Color,AWA Food Solutions,AWA Food Solutions,,24 months,,Caramel liquid Type E150A 30KG,30KG,"Store in a cool, dry place away from direct sunlight",None declared,,"Caramel liquid Type E150A 30KG, food grade industrial ingredient."
205,Caramel Liquid Type E150D,Caramel Color,Beverages,Carbonated Drinks,Cola / Carbonated Soft Drinks,Imparts deep amber to dark brown coloration with excellent acid stability.,Yes,Not found for any variants,Analyst Proposed,Missing TDS - Urgent R&D Request,[Catalog TDS Reference Linked]: Bio Ingredints Portfolio B2B.PDF | Note: Grade-specific active concentration & dosage left blank pending Supplier CoA.,Concentration / Grade Variant (Same Application),Caramel (E150D); Caramel liquid Type E150A 30KG; Caramel Liquid Type E150D 30KG; Caramel Powder (E150D); Caramel powder Type E150A 20KG; Caramel powder Type E150c 20KG; Caramel powder Type E150d 20KG,Bio Ingredints Portfolio B2B.PDF,Food Color,AWA Food Solutions,AWA Food Solutions,,24 months,,Caramel Liquid Type E150D,25 kg,"Store in a cool, dry place away from direct sunlight",None declared,,"Caramel Liquid Type E150D, food grade industrial ingredient."
206,Caramel Liquid Type E150D 30KG,Caramel Color,Beverages,Carbonated Drinks,Cola / Carbonated Soft Drinks,Imparts deep amber to dark brown coloration with excellent acid stability.,Yes,Not found for any variants,Analyst Proposed,Missing TDS - Urgent R&D Request,[Catalog TDS Reference Linked]: Bio Ingredints Portfolio B2B.PDF | Note: Grade-specific active concentration & dosage left blank pending Supplier CoA.,Concentration / Grade Variant (Same Application),Caramel (E150D); Caramel liquid Type E150A 30KG; Caramel Liquid Type E150D; Caramel Powder (E150D); Caramel powder Type E150A 20KG; Caramel powder Type E150c 20KG; Caramel powder Type E150d 20KG,Bio Ingredints Portfolio B2B.PDF,Food Color,AWA Food Solutions,AWA Food Solutions,,24 months,,Caramel Liquid Type E150D 30KG,30KG,"Store in a cool, dry place away from direct sunlight",None declared,,"Caramel Liquid Type E150D 30KG, food grade industrial ingredient."
207,Caramel Powder (E150D),Caramel Color,Beverages,Carbonated Drinks,Cola / Carbonated Soft Drinks,Imparts deep amber to dark brown coloration with excellent acid stability.,Yes,Not found for any variants,Analyst Proposed,Missing TDS - Urgent R&D Request,[Catalog TDS Reference Linked]: Bio Ingredints Portfolio B2B.PDF | Note: Grade-specific active concentration & dosage left blank pending Supplier CoA.,Concentration / Grade Variant (Same Application),Caramel (E150D); Caramel liquid Type E150A 30KG; Caramel Liquid Type E150D; Caramel Liquid Type E150D 30KG; Caramel powder Type E150A 20KG; Caramel powder Type E150c 20KG; Caramel powder Type E150d 20KG,Bio Ingredints Portfolio B2B.PDF,Food Color,AWA Food Solutions,AWA Food Solutions,,24 months,,Caramel Powder (E150D),25 kg,"Store in a cool, dry place away from direct sunlight",None declared,,"Caramel Powder (E150D), food grade industrial ingredient."
208,Caramel powder Type E150A 20KG,Caramel Color,Beverages,Carbonated Drinks,Cola / Carbonated Soft Drinks,Imparts deep amber to dark brown coloration with excellent acid stability.,Yes,Not found for any variants,Analyst Proposed,Missing TDS - Urgent R&D Request,[Catalog TDS Reference Linked]: Bio Ingredints Portfolio B2B.PDF | Note: Grade-specific active concentration & dosage left blank pending Supplier CoA.,Concentration / Grade Variant (Same Application),Caramel (E150D); Caramel liquid Type E150A 30KG; Caramel Liquid Type E150D; Caramel Liquid Type E150D 30KG; Caramel Powder (E150D); Caramel powder Type E150c 20KG; Caramel powder Type E150d 20KG,Bio Ingredints Portfolio B2B.PDF,Food Color,AWA Food Solutions,AWA Food Solutions,,24 months,,Caramel powder Type E150A 20KG,20KG,"Store in a cool, dry place away from direct sunlight",None declared,,"Caramel powder Type E150A 20KG, food grade industrial ingredient."
209,Caramel powder Type E150c 20KG,Caramel Color,Beverages,Carbonated Drinks,Cola / Carbonated Soft Drinks,Imparts deep amber to dark brown coloration with excellent acid stability.,Yes,Not found for any variants,Analyst Proposed,Missing TDS - Urgent R&D Request,[Catalog TDS Reference Linked]: Bio Ingredints Portfolio B2B.PDF | Note: Grade-specific active concentration & dosage left blank pending Supplier CoA.,Concentration / Grade Variant (Same Application),Caramel (E150D); Caramel liquid Type E150A 30KG; Caramel Liquid Type E150D; Caramel Liquid Type E150D 30KG; Caramel Powder (E150D); Caramel powder Type E150A 20KG; Caramel powder Type E150d 20KG,Bio Ingredints Portfolio B2B.PDF,Food Color,AWA Food Solutions,AWA Food Solutions,,24 months,,Caramel powder Type E150c 20KG,20KG,"Store in a cool, dry place away from direct sunlight",None declared,,"Caramel powder Type E150c 20KG, food grade industrial ingredient."
210,Caramel powder Type E150d 20KG,Caramel Color,Beverages,Carbonated Drinks,Cola / Carbonated Soft Drinks,Imparts deep amber to dark brown coloration with excellent acid stability.,Yes,Not found for any variants,Analyst Proposed,Missing TDS - Urgent R&D Request,[Catalog TDS Reference Linked]: Bio Ingredints Portfolio B2B.PDF | Note: Grade-specific active concentration & dosage left blank pending Supplier CoA.,Concentration / Grade Variant (Same Application),Caramel (E150D); Caramel liquid Type E150A 30KG; Caramel Liquid Type E150D; Caramel Liquid Type E150D 30KG; Caramel Powder (E150D); Caramel powder Type E150A 20KG; Caramel powder Type E150c 20KG,Bio Ingredints Portfolio B2B.PDF,Food Color,AWA Food Solutions,AWA Food Solutions,,24 months,,Caramel powder Type E150d 20KG,20KG,"Store in a cool, dry place away from direct sunlight",None declared,,"Caramel powder Type E150d 20KG, food grade industrial ingredient."
211,Cardamom Oleoresin 1002,Cardamom Oleoresin,Snacks & Savory Seasonings,Topical Seasonings & Dusting,Potato Chips / Extruded Snacks,Concentrated standardized spice flavor profile for topical dusting and snacks.,Yes,"No, but copied variant",Analyst Proposed,Inherited Sibling Specs (Direct TDS Required),[Catalog TDS Reference Linked]: OLEORESIN CARDAMOM (Oleoresins).pdf | Note: Grade-specific active concentration & dosage left blank pending Supplier CoA.,Concentration / Grade Variant (Same Application),Cardamom Oleoresin 1001; Cardamom Oleoresin 1001,OLEORESIN CARDAMOM (Oleoresins).pdf,Oleoresin,AWA Bio,AWA Bio,,24 months,,Cardamom Oleoresin 1002,HDPE containers / standard food grade packaging,"Store in a cool, dry place away from direct sunlight",None declared,Olive green oily liquid In House Method,OLEORESIN CARDAMOM (Cardamom): is obtained by solvent extraction of the seeds of Elettaria cardamomum Maton. (family:Zingiberaceae) of Indian origin.
212,Carmine WS 50 %,Carmine Natural Color,Meat & Poultry,Processed Meat,Emulsified Sausages,Heat- and light-stable vivid cured pink-to-red hue in frankfurters and sausages.,No,"No, and doesn't have variants",Analyst Proposed,Missing TDS - Urgent R&D Request,[Catalog TDS Reference Linked]: Natural Colors (TDS)s.pdf | Note: Grade-specific active concentration & dosage left blank pending Supplier CoA.,Single Product,None,Natural Colors (TDS)s.pdf,Food Color,AWA Food Solutions,AWA Food Solutions,,24 months,,Carmine WS 50 %,25 kg,"Store in a cool, dry place away from direct sunlight",None declared,,"Carmine WS 50 %, food grade industrial ingredient."
213,CARRAGEENAN CK-500,Carrageenan CK/M Series,Meat & Poultry,Processed Meat,Emulsified Sausages & Injected Poultry,"Forms thermo-irreversible protein gel network, increasing cooking yield and slice elasticity.",No,"No, and doesn't have variants",Analyst Proposed,Missing TDS - Urgent R&D Request,[Catalog TDS Reference Linked]: Bio Ingredints Portfolio B2B.PDF | Note: Grade-specific active concentration & dosage left blank pending Supplier CoA.,Single Product,None,Bio Ingredints Portfolio B2B.PDF,Carrageenan,AWA Food Solutions,Ingreva,,24 months,,CARRAGEENAN CK-500,25 kg,"Store in a cool, dry place away from direct sunlight",None declared,,"CARRAGEENAN CK-500, food grade industrial ingredient."
214,Cellulose casing - 26E*84,Cellulose Casings,Meat & Poultry,Sausage Casings,Shirred Cellulose Casings,"High mechanical tensile strength for automated stuffing of hot dogs, frankfurters, and smoked sausages, uniform caliber diameter, optimal smoke permeability, and clean peeling.",Yes,"No, but copied variant",Analyst Proposed,Inherited Sibling Specs (Direct TDS Required),[Catalog TDS Reference Linked]: Ingreva Cellulose Casing.pdf | Note: Grade-specific active concentration & dosage left blank pending Supplier CoA.,Concentration / Grade Variant (Same Application),Cellulose casing - 23E*84; Cellulose casing - 21E*84; Cellulose casing - 28E*84; Frankfurte casing 24/84; Smoked casing - 23E*84,Ingreva Cellulose Casing.pdf,Cellulose Casing,AWA Food Additives,Ingreva,,24 months,,Cellulose casing - 26E*84,25 kg,"Store in a cool, dry place away from direct sunlight",None declared,,"Cellulose casing - 26E*84, food grade industrial ingredient."
215,Cellulose casing - 21E*84,Cellulose Casings,Meat & Poultry,Sausage Casings,Shirred Cellulose Casings,"High mechanical tensile strength for automated stuffing of hot dogs, frankfurters, and smoked sausages, uniform caliber diameter, optimal smoke permeability, and clean peeling.",Yes,"No, but copied variant",Analyst Proposed,Inherited Sibling Specs (Direct TDS Required),[Catalog TDS Reference Linked]: Ingreva Cellulose Casing.pdf | Note: Grade-specific active concentration & dosage left blank pending Supplier CoA.,Concentration / Grade Variant (Same Application),Cellulose casing - 23E*84; Cellulose casing - 26E*84; Cellulose casing - 28E*84; Frankfurte casing 24/84; Smoked casing - 23E*84,Ingreva Cellulose Casing.pdf,Cellulose Casing,AWA Food Additives,Ingreva,,24 months,,Cellulose casing - 21E*84,25 kg,"Store in a cool, dry place away from direct sunlight",None declared,,"Cellulose casing - 21E*84, food grade industrial ingredient."
216,Cellulose casing - 28E*84,Cellulose Casings,Meat & Poultry,Sausage Casings,Shirred Cellulose Casings,"High mechanical tensile strength for automated stuffing of hot dogs, frankfurters, and smoked sausages, uniform caliber diameter, optimal smoke permeability, and clean peeling.",Yes,"No, but copied variant",Analyst Proposed,Inherited Sibling Specs (Direct TDS Required),[Catalog TDS Reference Linked]: Ingreva Cellulose Casing.pdf | Note: Grade-specific active concentration & dosage left blank pending Supplier CoA.,Concentration / Grade Variant (Same Application),Cellulose casing - 23E*84; Cellulose casing - 26E*84; Cellulose casing - 21E*84; Frankfurte casing 24/84; Smoked casing - 23E*84,Ingreva Cellulose Casing.pdf,Cellulose Casing,AWA Food Additives,Ingreva,,24 months,,Cellulose casing - 28E*84,25 kg,"Store in a cool, dry place away from direct sunlight",None declared,,"Cellulose casing - 28E*84, food grade industrial ingredient."
217,Chlorophyll,Chlorophyll Natural Color,Confectionery,Sugar Confectionery,Hard / Soft Candies,Vibrant olive-to-bright green natural coloration (E140/E141).,Yes,Not found for any variants,Analyst Proposed,Missing TDS - Urgent R&D Request,[Catalog TDS Reference Linked]: Natural Colors (TDS)s.pdf | Note: Grade-specific active concentration & dosage left blank pending Supplier CoA.,Concentration / Grade Variant (Same Application),Chlorophyll OS; Chlorophyll WS 14 %; Chlorophyll WS 20 %,Natural Colors (TDS)s.pdf,Food Color,AWA Food Solutions,AWA Food Solutions,,24 months,,Chlorophyll,25 kg,"Store in a cool, dry place away from direct sunlight",None declared,,"Chlorophyll, food grade industrial ingredient."
218,Chlorophyll OS,Chlorophyll Natural Color,Confectionery,Sugar Confectionery,Hard / Soft Candies,Vibrant olive-to-bright green natural coloration (E140/E141).,Yes,Not found for any variants,Analyst Proposed,Missing TDS - Urgent R&D Request,[Catalog TDS Reference Linked]: Natural Colors (TDS)s.pdf | Note: Grade-specific active concentration & dosage left blank pending Supplier CoA.,Concentration / Grade Variant (Same Application),Chlorophyll; Chlorophyll WS 14 %; Chlorophyll WS 20 %,Natural Colors (TDS)s.pdf,Food Color,AWA Food Solutions,AWA Food Solutions,,24 months,,Chlorophyll OS,25 kg,"Store in a cool, dry place away from direct sunlight",None declared,,"Chlorophyll OS, food grade industrial ingredient."
219,Chlorophyll WS 14 %,Chlorophyll Natural Color,Confectionery,Sugar Confectionery,Hard / Soft Candies,Vibrant olive-to-bright green natural coloration (E140/E141).,Yes,Not found for any variants,Analyst Proposed,Missing TDS - Urgent R&D Request,[Catalog TDS Reference Linked]: Natural Colors (TDS)s.pdf | Note: Grade-specific active concentration & dosage left blank pending Supplier CoA.,Concentration / Grade Variant (Same Application),Chlorophyll; Chlorophyll OS; Chlorophyll WS 20 %,Natural Colors (TDS)s.pdf,Food Color,AWA Food Solutions,AWA Food Solutions,,24 months,,Chlorophyll WS 14 %,25 kg,"Store in a cool, dry place away from direct sunlight",None declared,,"Chlorophyll WS 14 %, food grade industrial ingredient."
220,Chlorophyll WS 20 %,Chlorophyll Natural Color,Confectionery,Sugar Confectionery,Hard / Soft Candies,Vibrant olive-to-bright green natural coloration (E140/E141).,Yes,Not found for any variants,Analyst Proposed,Missing TDS - Urgent R&D Request,[Catalog TDS Reference Linked]: Natural Colors (TDS)s.pdf | Note: Grade-specific active concentration & dosage left blank pending Supplier CoA.,Concentration / Grade Variant (Same Application),Chlorophyll; Chlorophyll OS; Chlorophyll WS 14 %,Natural Colors (TDS)s.pdf,Food Color,AWA Food Solutions,AWA Food Solutions,,24 months,,Chlorophyll WS 20 %,25 kg,"Store in a cool, dry place away from direct sunlight",None declared,,"Chlorophyll WS 20 %, food grade industrial ingredient."
221,Citric Acid Anhydrous-25kg,Citric Acid,Beverages,Carbonated Drinks,Cola / Carbonated Soft Drinks,"Provides crisp tart acidity, enhances fruit flavor perception, and regulates formulation pH.",Yes,Not found for any variants,Analyst Proposed,Missing TDS - Urgent R&D Request,[Catalog TDS Reference Linked]: Bio Ingredints Portfolio B2B.PDF | Note: Grade-specific active concentration & dosage left blank pending Supplier CoA.,Concentration / Grade Variant (Same Application),Citric Acid Monohydrate,Bio Ingredints Portfolio B2B.PDF,Food Additive / Preservative / Buffer,AWA Food Solutions,AWA Food Solutions,,24 months,,Citric Acid Anhydrous-25kg,25kg,"Store in a cool, dry place away from direct sunlight",None declared,,"Citric Acid Anhydrous-25kg, food grade industrial ingredient."
222,Citric Acid Monohydrate,Citric Acid,Bakery,Cake & Bakery,Sponge Cake / Muffin,"Promotes rapid batter aeration, fine crumb structure, moisture retention, and anti-staling softness.",Yes,Not found for any variants,Analyst Proposed,Missing TDS - Urgent R&D Request,[Catalog TDS Reference Linked]: Bio Ingredints Portfolio B2B.PDF | Note: Grade-specific active concentration & dosage left blank pending Supplier CoA.,Concentration / Grade Variant (Same Application),Citric Acid Anhydrous-25kg,Bio Ingredints Portfolio B2B.PDF,Food Additive / Preservative / Buffer,AWA Food Solutions,AWA Food Solutions,,24 months,,Citric Acid Monohydrate,25 kg,"Store in a cool, dry place away from direct sunlight",None declared,,"Citric Acid Monohydrate, food grade industrial ingredient."
223,Cocoa Butter Substitute-local-25kg,Cocoa Powders & Fats,Confectionery,Chocolate,"Compound Chocolate, Pralines & Fillings","Imparts rich authentic cocoa/nut flavor, deep coloration, and smooth fat crystallization profile.",Yes,Not found for any variants,Analyst Proposed,Missing TDS - Urgent R&D Request,[Catalog TDS Reference Linked]: Bio Ingredints Portfolio B2B.PDF | Note: Grade-specific active concentration & dosage left blank pending Supplier CoA.,Concentration / Grade Variant (Same Application),Cocoa Powder G100-25kg; Cocoa Powder JB800-25kg; Cocoa Powder S9-25kg; Cocoa Powder SL60-25kg; Cocoa Powder SP70-25kg; Cocoa Powder V98-25kg,Bio Ingredints Portfolio B2B.PDF,Cocoa Powder & Fats,AWA Food Solutions,AWA Food Solutions,,24 months,,Cocoa Butter Substitute-local-25kg,25 kg bags,"Store in a cool, dry place away from direct sunlight",None declared,,"Cocoa Butter Substitute-local-25kg, food grade industrial ingredient."
224,Cocoa Powder G100-25kg,Cocoa Powders & Fats,Confectionery,Chocolate,"Compound Chocolate, Pralines & Fillings","Imparts rich authentic cocoa/nut flavor, deep coloration, and smooth fat crystallization profile.",Yes,Not found for any variants,Analyst Proposed,Missing TDS - Urgent R&D Request,[Catalog TDS Reference Linked]: Bio Ingredints Portfolio B2B.PDF | Note: Grade-specific active concentration & dosage left blank pending Supplier CoA.,Concentration / Grade Variant (Same Application),Cocoa Butter Substitute-local-25kg; Cocoa Powder JB800-25kg; Cocoa Powder S9-25kg; Cocoa Powder SL60-25kg; Cocoa Powder SP70-25kg; Cocoa Powder V98-25kg,Bio Ingredints Portfolio B2B.PDF,Cocoa Powder & Fats,AWA Food Solutions,AWA Food Solutions,,24 months,,Cocoa Powder G100-25kg,25 kg bags,"Store in a cool, dry place away from direct sunlight",None declared,,"Cocoa Powder G100-25kg, food grade industrial ingredient."
225,Cocoa Powder JB800-25kg,Cocoa Powders & Fats,Confectionery,Chocolate,"Compound Chocolate, Pralines & Fillings","Imparts rich authentic cocoa/nut flavor, deep coloration, and smooth fat crystallization profile.",Yes,Not found for any variants,Analyst Proposed,Missing TDS - Urgent R&D Request,[Catalog TDS Reference Linked]: Bio Ingredints Portfolio B2B.PDF | Note: Grade-specific active concentration & dosage left blank pending Supplier CoA.,Concentration / Grade Variant (Same Application),Cocoa Butter Substitute-local-25kg; Cocoa Powder G100-25kg; Cocoa Powder S9-25kg; Cocoa Powder SL60-25kg; Cocoa Powder SP70-25kg; Cocoa Powder V98-25kg,Bio Ingredints Portfolio B2B.PDF,Cocoa Powder & Fats,AWA Food Solutions,AWA Food Solutions,,24 months,,Cocoa Powder JB800-25kg,25 kg bags,"Store in a cool, dry place away from direct sunlight",None declared,,"Cocoa Powder JB800-25kg, food grade industrial ingredient."
226,Cocoa Powder S9-25kg,Cocoa Powders & Fats,Confectionery,Chocolate,"Compound Chocolate, Pralines & Fillings","Imparts rich authentic cocoa/nut flavor, deep coloration, and smooth fat crystallization profile.",Yes,Not found for any variants,Analyst Proposed,Missing TDS - Urgent R&D Request,[Catalog TDS Reference Linked]: Bio Ingredints Portfolio B2B.PDF | Note: Grade-specific active concentration & dosage left blank pending Supplier CoA.,Concentration / Grade Variant (Same Application),Cocoa Butter Substitute-local-25kg; Cocoa Powder G100-25kg; Cocoa Powder JB800-25kg; Cocoa Powder SL60-25kg; Cocoa Powder SP70-25kg; Cocoa Powder V98-25kg,Bio Ingredints Portfolio B2B.PDF,Cocoa Powder & Fats,AWA Food Solutions,AWA Food Solutions,,24 months,,Cocoa Powder S9-25kg,25 kg bags,"Store in a cool, dry place away from direct sunlight",None declared,,"Cocoa Powder S9-25kg, food grade industrial ingredient."
227,Cocoa Powder SL60-25kg,Cocoa Powders & Fats,Confectionery,Chocolate,"Compound Chocolate, Pralines & Fillings","Imparts rich authentic cocoa/nut flavor, deep coloration, and smooth fat crystallization profile.",Yes,Not found for any variants,Analyst Proposed,Missing TDS - Urgent R&D Request,[Catalog TDS Reference Linked]: Bio Ingredints Portfolio B2B.PDF | Note: Grade-specific active concentration & dosage left blank pending Supplier CoA.,Concentration / Grade Variant (Same Application),Cocoa Butter Substitute-local-25kg; Cocoa Powder G100-25kg; Cocoa Powder JB800-25kg; Cocoa Powder S9-25kg; Cocoa Powder SP70-25kg; Cocoa Powder V98-25kg,Bio Ingredints Portfolio B2B.PDF,Cocoa Powder & Fats,AWA Food Solutions,AWA Food Solutions,,24 months,,Cocoa Powder SL60-25kg,25 kg bags,"Store in a cool, dry place away from direct sunlight",None declared,,"Cocoa Powder SL60-25kg, food grade industrial ingredient."
228,Cocoa Powder SP70-25kg,Cocoa Powders & Fats,Confectionery,Chocolate,"Compound Chocolate, Pralines & Fillings","Imparts rich authentic cocoa/nut flavor, deep coloration, and smooth fat crystallization profile.",Yes,Not found for any variants,Analyst Proposed,Missing TDS - Urgent R&D Request,[Catalog TDS Reference Linked]: Bio Ingredints Portfolio B2B.PDF | Note: Grade-specific active concentration & dosage left blank pending Supplier CoA.,Concentration / Grade Variant (Same Application),Cocoa Butter Substitute-local-25kg; Cocoa Powder G100-25kg; Cocoa Powder JB800-25kg; Cocoa Powder S9-25kg; Cocoa Powder SL60-25kg; Cocoa Powder V98-25kg,Bio Ingredints Portfolio B2B.PDF,Cocoa Powder & Fats,AWA Food Solutions,AWA Food Solutions,,24 months,,Cocoa Powder SP70-25kg,25 kg bags,"Store in a cool, dry place away from direct sunlight",None declared,,"Cocoa Powder SP70-25kg, food grade industrial ingredient."
229,Cocoa Powder V98-25kg,Cocoa Powders & Fats,Confectionery,Chocolate,"Compound Chocolate, Pralines & Fillings","Imparts rich authentic cocoa/nut flavor, deep coloration, and smooth fat crystallization profile.",Yes,Not found for any variants,Analyst Proposed,Missing TDS - Urgent R&D Request,[Catalog TDS Reference Linked]: Bio Ingredints Portfolio B2B.PDF | Note: Grade-specific active concentration & dosage left blank pending Supplier CoA.,Concentration / Grade Variant (Same Application),Cocoa Butter Substitute-local-25kg; Cocoa Powder G100-25kg; Cocoa Powder JB800-25kg; Cocoa Powder S9-25kg; Cocoa Powder SL60-25kg; Cocoa Powder SP70-25kg,Bio Ingredints Portfolio B2B.PDF,Cocoa Powder & Fats,AWA Food Solutions,AWA Food Solutions,,24 months,,Cocoa Powder V98-25kg,25 kg bags,"Store in a cool, dry place away from direct sunlight",None declared,,"Cocoa Powder V98-25kg, food grade industrial ingredient."
230,Curcumin WS 10 %,Curcumin Natural Color,Confectionery,Sugar Confectionery,Hard / Soft Candies,Brilliant lemon-yellow natural shade with clean sensory profile.,Yes,Not found for any variants,Analyst Proposed,Missing TDS - Urgent R&D Request,[Catalog TDS Reference Linked]: Natural Colors (TDS)s.pdf | Note: Grade-specific active concentration & dosage left blank pending Supplier CoA.,Concentration / Grade Variant (Same Application),Curcumin WS 15 %; Curcumin WS 5 %,Natural Colors (TDS)s.pdf,Food Color,AWA Food Solutions,AWA Food Solutions,,24 months,,Curcumin WS 10 %,25 kg,"Store in a cool, dry place away from direct sunlight",None declared,,"Curcumin WS 10 %, food grade industrial ingredient."
231,Curcumin WS 15 %,Curcumin Natural Color,Confectionery,Sugar Confectionery,Hard / Soft Candies,Brilliant lemon-yellow natural shade with clean sensory profile.,Yes,Not found for any variants,Analyst Proposed,Missing TDS - Urgent R&D Request,[Catalog TDS Reference Linked]: Natural Colors (TDS)s.pdf | Note: Grade-specific active concentration & dosage left blank pending Supplier CoA.,Concentration / Grade Variant (Same Application),Curcumin WS 10 %; Curcumin WS 5 %,Natural Colors (TDS)s.pdf,Food Color,AWA Food Solutions,AWA Food Solutions,,24 months,,Curcumin WS 15 %,25 kg,"Store in a cool, dry place away from direct sunlight",None declared,,"Curcumin WS 15 %, food grade industrial ingredient."
232,Curcumin WS 5 %,Curcumin Natural Color,Confectionery,Sugar Confectionery,Hard / Soft Candies,Brilliant lemon-yellow natural shade with clean sensory profile.,Yes,Not found for any variants,Analyst Proposed,Missing TDS - Urgent R&D Request,[Catalog TDS Reference Linked]: Natural Colors (TDS)s.pdf | Note: Grade-specific active concentration & dosage left blank pending Supplier CoA.,Concentration / Grade Variant (Same Application),Curcumin WS 10 %; Curcumin WS 15 %,Natural Colors (TDS)s.pdf,Food Color,AWA Food Solutions,AWA Food Solutions,,24 months,,Curcumin WS 5 %,25 kg,"Store in a cool, dry place away from direct sunlight",None declared,,"Curcumin WS 5 %, food grade industrial ingredient."
233,Dairy anti foam,Dairy anti foam,Dairy,Cheese & Dairy Systems,Processed Cheese & Dairy Spreads,Standardized food grade functional ingredient.,No,"No, and doesn't have variants",Analyst Proposed,Missing TDS - Urgent R&D Request,[Catalog TDS Reference Linked]: Bio Ingredints Portfolio B2B.PDF | Note: Grade-specific active concentration & dosage left blank pending Supplier CoA.,Single Product,None,Bio Ingredints Portfolio B2B.PDF,Food Ingredient,AWA Food Solutions,AWA Food Solutions,,24 months,,Dairy anti foam,25 kg,"Store in a cool, dry place away from direct sunlight",None declared,,"Dairy anti foam, food grade industrial ingredient."
234,Dextrose Anhydrous-25kg,Dextrose,Beverages,Instant Drinks & Clouding,Instant RTD Mixes & Cloudy Beverages,"Provides cloud opacity, mouthfeel creaminess, body, and carrier functionality.",Yes,Not found for any variants,Analyst Proposed,Missing TDS - Urgent R&D Request,[Catalog TDS Reference Linked]: Bio Ingredints Portfolio B2B.PDF | Note: Grade-specific active concentration & dosage left blank pending Supplier CoA.,Concentration / Grade Variant (Same Application),Dextrose Monohydrate-25kg,Bio Ingredints Portfolio B2B.PDF,Sweetener / Carrier,AWA Food Solutions,AWA Food Solutions,,24 months,,Dextrose Anhydrous-25kg,25kg,"Store in a cool, dry place away from direct sunlight",None declared,,"Dextrose Anhydrous-25kg, food grade industrial ingredient."
235,Dextrose Monohydrate-25kg,Dextrose,Bakery,Cake & Bakery,Sponge Cake / Muffin,"Promotes rapid batter aeration, fine crumb structure, moisture retention, and anti-staling softness.",Yes,Not found for any variants,Analyst Proposed,Missing TDS - Urgent R&D Request,[Catalog TDS Reference Linked]: Bio Ingredints Portfolio B2B.PDF | Note: Grade-specific active concentration & dosage left blank pending Supplier CoA.,Concentration / Grade Variant (Same Application),Dextrose Anhydrous-25kg,Bio Ingredints Portfolio B2B.PDF,Sweetener / Carrier,AWA Food Solutions,AWA Food Solutions,,24 months,,Dextrose Monohydrate-25kg,25kg,"Store in a cool, dry place away from direct sunlight",None declared,,"Dextrose Monohydrate-25kg, food grade industrial ingredient."
236,Fish Collagen,Fish Collagen,Meat & Poultry,Minced Meat & Meat Alternatives,"Burgers, Kofta & Plant-Based Nuggets","Provides meat-like fibrous chewiness, binds fat and water, reduces formulation cost, and builds structure in meat patties and plant-based nuggets.",No,"No, and doesn't have variants",Analyst Proposed,Missing TDS - Urgent R&D Request,[Catalog TDS Reference Linked]: Bio Ingredints Portfolio B2B.PDF | Note: Grade-specific active concentration & dosage left blank pending Supplier CoA.,Single Product,None,Bio Ingredints Portfolio B2B.PDF,Protein,AWA Food Solutions,AWA Food Solutions,,24 months,,Fish Collagen,25 kg,"Store in a cool, dry place away from direct sunlight",None declared,,"Fish Collagen, food grade industrial ingredient."
237,Frankfurte casing 24/84,Cellulose Casings,Meat & Poultry,Sausage Casings,Shirred Cellulose Casings,"High mechanical tensile strength for automated stuffing of hot dogs, frankfurters, and smoked sausages, uniform caliber diameter, optimal smoke permeability, and clean peeling.",Yes,"No, but copied variant",Analyst Proposed,Inherited Sibling Specs (Direct TDS Required),[Catalog TDS Reference Linked]: Ingreva Cellulose Casing.pdf | Note: Grade-specific active concentration & dosage left blank pending Supplier CoA.,Concentration / Grade Variant (Same Application),Cellulose casing - 23E*84; Cellulose casing - 26E*84; Cellulose casing - 21E*84; Cellulose casing - 28E*84; Smoked casing - 23E*84,Ingreva Cellulose Casing.pdf,Cellulose Casing,AWA Food Additives,Ingreva,,24 months,,Frankfurte casing 24/84,25 kg,"Store in a cool, dry place away from direct sunlight",None declared,,"Frankfurte casing 24/84, food grade industrial ingredient."
238,Garlic Oleoresin 1002,Garlic Oleoresin,Snacks & Savory Seasonings,Topical Seasonings & Dusting,Potato Chips / Extruded Snacks,Authentic pungent allium sulfur aroma and fresh taste notes at micro-dosage.,Yes,"No, but copied variant",Analyst Proposed,Inherited Sibling Specs (Direct TDS Required),[Catalog TDS Reference Linked]: GARLIC Oil (Essential Oils).pdf | Note: Grade-specific active concentration & dosage left blank pending Supplier CoA.,Concentration / Grade Variant (Same Application),Garlic Oleoresin 1001; Garlic Oleoresin 1003; Garlic Oleoresin 1004; Garlic Oleoresin 1005; Garlic Oleoresin 50/50; Garlic Oleoresin 60/40,GARLIC Oil (Essential Oils).pdf,Oleoresin,AWA Bio,AWA Bio,,24 months,,Garlic Oleoresin 1002,25 kg,"Store in a cool, dry place away from direct sunlight",None declared,,"Garlic Oleoresin 1002, food grade industrial ingredient."
239,Garlic Oleoresin 1003,Garlic Oleoresin,Snacks & Savory Seasonings,Topical Seasonings & Dusting,Potato Chips / Extruded Snacks,Authentic pungent allium sulfur aroma and fresh taste notes at micro-dosage.,Yes,"No, but copied variant",Analyst Proposed,Inherited Sibling Specs (Direct TDS Required),[Catalog TDS Reference Linked]: GARLIC Oil (Essential Oils).pdf | Note: Grade-specific active concentration & dosage left blank pending Supplier CoA.,Concentration / Grade Variant (Same Application),Garlic Oleoresin 1001; Garlic Oleoresin 1002; Garlic Oleoresin 1004; Garlic Oleoresin 1005; Garlic Oleoresin 50/50; Garlic Oleoresin 60/40,GARLIC Oil (Essential Oils).pdf,Oleoresin,AWA Bio,AWA Bio,,24 months,,Garlic Oleoresin 1003,25 kg,"Store in a cool, dry place away from direct sunlight",None declared,,"Garlic Oleoresin 1003, food grade industrial ingredient."
240,Garlic Oleoresin 1004,Garlic Oleoresin,Snacks & Savory Seasonings,Topical Seasonings & Dusting,Potato Chips / Extruded Snacks,Authentic pungent allium sulfur aroma and fresh taste notes at micro-dosage.,Yes,"No, but copied variant",Analyst Proposed,Inherited Sibling Specs (Direct TDS Required),[Catalog TDS Reference Linked]: GARLIC Oil (Essential Oils).pdf | Note: Grade-specific active concentration & dosage left blank pending Supplier CoA.,Concentration / Grade Variant (Same Application),Garlic Oleoresin 1001; Garlic Oleoresin 1002; Garlic Oleoresin 1003; Garlic Oleoresin 1005; Garlic Oleoresin 50/50; Garlic Oleoresin 60/40,GARLIC Oil (Essential Oils).pdf,Oleoresin,AWA Bio,AWA Bio,,24 months,,Garlic Oleoresin 1004,25 kg,"Store in a cool, dry place away from direct sunlight",None declared,,"Garlic Oleoresin 1004, food grade industrial ingredient."
241,Garlic Oleoresin 1005,Garlic Oleoresin,Snacks & Savory Seasonings,Topical Seasonings & Dusting,Potato Chips / Extruded Snacks,Authentic pungent allium sulfur aroma and fresh taste notes at micro-dosage.,Yes,"No, but copied variant",Analyst Proposed,Inherited Sibling Specs (Direct TDS Required),[Catalog TDS Reference Linked]: GARLIC Oil (Essential Oils).pdf | Note: Grade-specific active concentration & dosage left blank pending Supplier CoA.,Concentration / Grade Variant (Same Application),Garlic Oleoresin 1001; Garlic Oleoresin 1002; Garlic Oleoresin 1003; Garlic Oleoresin 1004; Garlic Oleoresin 50/50; Garlic Oleoresin 60/40,GARLIC Oil (Essential Oils).pdf,Oleoresin,AWA Bio,AWA Bio,,24 months,,Garlic Oleoresin 1005,25 kg,"Store in a cool, dry place away from direct sunlight",None declared,,"Garlic Oleoresin 1005, food grade industrial ingredient."
242,Garlic Oleoresin 50/50,Garlic Oleoresin,Snacks & Savory Seasonings,Topical Seasonings & Dusting,Potato Chips / Extruded Snacks,Authentic pungent allium sulfur aroma and fresh taste notes at micro-dosage.,Yes,"No, but copied variant",Analyst Proposed,Inherited Sibling Specs (Direct TDS Required),[Catalog TDS Reference Linked]: GARLIC Oil (Essential Oils).pdf | Note: Grade-specific active concentration & dosage left blank pending Supplier CoA.,Concentration / Grade Variant (Same Application),Garlic Oleoresin 1001; Garlic Oleoresin 1002; Garlic Oleoresin 1003; Garlic Oleoresin 1004; Garlic Oleoresin 1005; Garlic Oleoresin 60/40,GARLIC Oil (Essential Oils).pdf,Oleoresin,AWA Bio,AWA Bio,,24 months,,Garlic Oleoresin 50/50,25 kg,"Store in a cool, dry place away from direct sunlight",None declared,,"Garlic Oleoresin 50/50, food grade industrial ingredient."
243,Garlic Oleoresin 60/40,Garlic Oleoresin,Snacks & Savory Seasonings,Topical Seasonings & Dusting,Potato Chips / Extruded Snacks,Authentic pungent allium sulfur aroma and fresh taste notes at micro-dosage.,Yes,"No, but copied variant",Analyst Proposed,Inherited Sibling Specs (Direct TDS Required),[Catalog TDS Reference Linked]: GARLIC Oil (Essential Oils).pdf | Note: Grade-specific active concentration & dosage left blank pending Supplier CoA.,Concentration / Grade Variant (Same Application),Garlic Oleoresin 1001; Garlic Oleoresin 1002; Garlic Oleoresin 1003; Garlic Oleoresin 1004; Garlic Oleoresin 1005; Garlic Oleoresin 50/50,GARLIC Oil (Essential Oils).pdf,Oleoresin,AWA Bio,AWA Bio,,24 months,,Garlic Oleoresin 60/40,25 kg,"Store in a cool, dry place away from direct sunlight",None declared,,"Garlic Oleoresin 60/40, food grade industrial ingredient."
244,Guar gum - 5000 CPS,Guar Gum,Dairy,Frozen Dairy,Ice Cream & Frozen Desserts,"Delivers rapid cold hydration, binds free water, and eliminates icy crystal growth.",Yes,Not found for any variants,Analyst Proposed,Missing TDS - Urgent R&D Request,[Catalog TDS Reference Linked]: Bio Ingredints Portfolio B2B.PDF | Note: Grade-specific active concentration & dosage left blank pending Supplier CoA.,Concentration / Grade Variant (Same Application),Guar gum - 6000 CPS,Bio Ingredints Portfolio B2B.PDF,Stabilizer / Hydrocolloid,AWA Food Solutions,AWA Food Solutions,,24 months,,Guar gum - 5000 CPS,25 kg,"Store in a cool, dry place away from direct sunlight",None declared,,"Guar gum - 5000 CPS, food grade industrial ingredient."
245,Guar gum - 6000 CPS,Guar Gum,Dairy,Frozen Dairy,Ice Cream & Frozen Desserts,"Delivers rapid cold hydration, binds free water, and eliminates icy crystal growth.",Yes,Not found for any variants,Analyst Proposed,Missing TDS - Urgent R&D Request,[Catalog TDS Reference Linked]: Bio Ingredints Portfolio B2B.PDF | Note: Grade-specific active concentration & dosage left blank pending Supplier CoA.,Concentration / Grade Variant (Same Application),Guar gum - 5000 CPS,Bio Ingredints Portfolio B2B.PDF,Stabilizer / Hydrocolloid,AWA Food Solutions,AWA Food Solutions,,24 months,,Guar gum - 6000 CPS,25 kg,"Store in a cool, dry place away from direct sunlight",None declared,,"Guar gum - 6000 CPS, food grade industrial ingredient."
246,HAZELNUT PASTE,HAZELNUT PASTE,Confectionery,Chocolate,"Compound Chocolate, Pralines & Fillings","Imparts rich authentic cocoa/nut flavor, deep coloration, and smooth fat crystallization profile.",No,"No, and doesn't have variants",Analyst Proposed,Missing TDS - Urgent R&D Request,[Catalog TDS Reference Linked]: Bio Ingredints Portfolio B2B.PDF | Note: Grade-specific active concentration & dosage left blank pending Supplier CoA.,Single Product,None,Bio Ingredints Portfolio B2B.PDF,Food Ingredient,AWA Food Solutions,AWA Food Solutions,,24 months,,HAZELNUT PASTE,25 kg,"Store in a cool, dry place away from direct sunlight",None declared,,"HAZELNUT PASTE, food grade industrial ingredient."
247,HAZELNUT PASTE TYPE C,HAZELNUT PASTE TYPE C,Confectionery,Chocolate,"Compound Chocolate, Pralines & Fillings","Imparts rich authentic cocoa/nut flavor, deep coloration, and smooth fat crystallization profile.",No,"No, and doesn't have variants",Analyst Proposed,Missing TDS - Urgent R&D Request,[Catalog TDS Reference Linked]: Bio Ingredints Portfolio B2B.PDF | Note: Grade-specific active concentration & dosage left blank pending Supplier CoA.,Single Product,None,Bio Ingredints Portfolio B2B.PDF,Food Ingredient,AWA Food Solutions,AWA Food Solutions,,24 months,,HAZELNUT PASTE TYPE C,25 kg,"Store in a cool, dry place away from direct sunlight",None declared,,"HAZELNUT PASTE TYPE C, food grade industrial ingredient."
248,Lactose-Imported-25kg,Lactose-Imported-25kg,Beverages,Instant Drinks & Clouding,Instant RTD Mixes & Cloudy Beverages,"Provides cloud opacity, mouthfeel creaminess, body, and carrier functionality.",No,"No, and doesn't have variants",Analyst Proposed,Missing TDS - Urgent R&D Request,[Catalog TDS Reference Linked]: Bio Ingredints Portfolio B2B.PDF | Note: Grade-specific active concentration & dosage left blank pending Supplier CoA.,Single Product,None,Bio Ingredints Portfolio B2B.PDF,Sweetener / Carrier,AWA Food Solutions,AWA Food Solutions,,24 months,,Lactose-Imported-25kg,25kg,"Store in a cool, dry place away from direct sunlight",None declared,,"Lactose-Imported-25kg, food grade industrial ingredient."
249,Laurel Oleoresin 1001,Laurel Oleoresin,Snacks & Savory Seasonings,Topical Seasonings & Dusting,Potato Chips / Extruded Snacks,Concentrated standardized spice flavor profile for topical dusting and snacks.,No,"No, and doesn't have variants",Analyst Proposed,Missing TDS - Urgent R&D Request,[Catalog TDS Reference Linked]: Oleoresins (TDS)s.pdf | Note: Grade-specific active concentration & dosage left blank pending Supplier CoA.,Single Product,None,Oleoresins (TDS)s.pdf,Oleoresin,AWA Bio,AWA Bio,,24 months,,Laurel Oleoresin 1001,25 kg,"Store in a cool, dry place away from direct sunlight",None declared,,"Laurel Oleoresin 1001, food grade industrial ingredient."
250,Lemon cloud,Lemon cloud,Beverages,Instant Drinks & Clouding,Instant RTD Mixes & Cloudy Beverages,"Provides cloud opacity, mouthfeel creaminess, body, and carrier functionality.",No,"No, and doesn't have variants",Analyst Proposed,Missing TDS - Urgent R&D Request,[Catalog TDS Reference Linked]: Bio Ingredints Portfolio B2B.PDF | Note: Grade-specific active concentration & dosage left blank pending Supplier CoA.,Single Product,None,Bio Ingredints Portfolio B2B.PDF,Food Ingredient,AWA Food Solutions,AWA Food Solutions,,24 months,,Lemon cloud,25 kg,"Store in a cool, dry place away from direct sunlight",None declared,,"Lemon cloud, food grade industrial ingredient."
251,Liquid Smoke,Liquid Smoke,Meat & Poultry,Processed Meat,Emulsified Sausages & Restructured Meat,"Optimizes meat protein binding, cured color fixation, texture cross-linking, and shelf-life extension in sausages, luncheon, and beef pastrami.",No,"No, and doesn't have variants",Analyst Proposed,Missing TDS - Urgent R&D Request,[Catalog TDS Reference Linked]: Bio Ingredints Portfolio B2B.PDF | Note: Grade-specific active concentration & dosage left blank pending Supplier CoA.,Single Product,None,Bio Ingredints Portfolio B2B.PDF,Food Ingredient,AWA Food Solutions,AWA Food Solutions,,24 months,,Liquid Smoke,25 kg,"Store in a cool, dry place away from direct sunlight",None declared,,"Liquid Smoke, food grade industrial ingredient."
252,Locust Bean Gum,Locust Bean Gum,Dairy,Frozen Dairy,Ice Cream & Frozen Desserts,"Delivers rapid cold hydration, binds free water, and eliminates icy crystal growth.",No,"No, and doesn't have variants",Analyst Proposed,Missing TDS - Urgent R&D Request,[Catalog TDS Reference Linked]: Bio Ingredints Portfolio B2B.PDF | Note: Grade-specific active concentration & dosage left blank pending Supplier CoA.,Single Product,None,Bio Ingredints Portfolio B2B.PDF,Stabilizer / Hydrocolloid,AWA Food Solutions,AWA Food Solutions,,24 months,,Locust Bean Gum,25 kg,"Store in a cool, dry place away from direct sunlight",None declared,,"Locust Bean Gum, food grade industrial ingredient."
253,L-Tartaric Acid China-25kg,L-Tartaric Acid China-25kg,Beverages,Carbonated Drinks,Cola / Carbonated Soft Drinks,"Provides crisp tart acidity, enhances fruit flavor perception, and regulates formulation pH.",No,"No, and doesn't have variants",Analyst Proposed,Missing TDS - Urgent R&D Request,[Catalog TDS Reference Linked]: Bio Ingredints Portfolio B2B.PDF | Note: Grade-specific active concentration & dosage left blank pending Supplier CoA.,Single Product,None,Bio Ingredints Portfolio B2B.PDF,Food Additive / Preservative / Buffer,AWA Food Solutions,AWA Food Solutions,,24 months,,L-Tartaric Acid China-25kg,25kg,"Store in a cool, dry place away from direct sunlight",None declared,,"L-Tartaric Acid China-25kg, food grade industrial ingredient."
254,Lutein WS 10%,Lutein Natural Color,Confectionery,Sugar Confectionery,Hard / Soft Candies,Brilliant lemon-yellow natural shade with clean sensory profile.,Yes,Not found for any variants,Analyst Proposed,Missing TDS - Urgent R&D Request,[Catalog TDS Reference Linked]: Natural Colors (TDS)s.pdf | Note: Grade-specific active concentration & dosage left blank pending Supplier CoA.,Concentration / Grade Variant (Same Application),Lutein WS 5%,Natural Colors (TDS)s.pdf,Food Color,AWA Food Solutions,AWA Food Solutions,,24 months,,Lutein WS 10%,25 kg,"Store in a cool, dry place away from direct sunlight",None declared,,"Lutein WS 10%, food grade industrial ingredient."
255,Lutein WS 5%,Lutein Natural Color,Confectionery,Sugar Confectionery,Hard / Soft Candies,Brilliant lemon-yellow natural shade with clean sensory profile.,Yes,Not found for any variants,Analyst Proposed,Missing TDS - Urgent R&D Request,[Catalog TDS Reference Linked]: Natural Colors (TDS)s.pdf | Note: Grade-specific active concentration & dosage left blank pending Supplier CoA.,Concentration / Grade Variant (Same Application),Lutein WS 10%,Natural Colors (TDS)s.pdf,Food Color,AWA Food Solutions,AWA Food Solutions,,24 months,,Lutein WS 5%,25 kg,"Store in a cool, dry place away from direct sunlight",None declared,,"Lutein WS 5%, food grade industrial ingredient."
256,Maltodextrine-Local-25kg,Maltodextrine-Local-25kg,Beverages,Instant Drinks & Clouding,Instant RTD Mixes & Cloudy Beverages,"Provides cloud opacity, mouthfeel creaminess, body, and carrier functionality.",No,"No, and doesn't have variants",Analyst Proposed,Missing TDS - Urgent R&D Request,[Catalog TDS Reference Linked]: Bio Ingredints Portfolio B2B.PDF | Note: Grade-specific active concentration & dosage left blank pending Supplier CoA.,Single Product,None,Bio Ingredints Portfolio B2B.PDF,Sweetener / Carrier,AWA Food Solutions,AWA Food Solutions,,24 months,,Maltodextrine-Local-25kg,25kg,"Store in a cool, dry place away from direct sunlight",None declared,,"Maltodextrine-Local-25kg, food grade industrial ingredient."
257,Marjoram Oleoresin 1001,Marjoram Oleoresin,Snacks & Savory Seasonings,Topical Seasonings & Dusting,Potato Chips / Extruded Snacks,Concentrated standardized spice flavor profile for topical dusting and snacks.,No,"No, and doesn't have variants",Analyst Proposed,Missing TDS - Urgent R&D Request,[Catalog TDS Reference Linked]: Oleoresins (TDS)s.pdf | Note: Grade-specific active concentration & dosage left blank pending Supplier CoA.,Single Product,None,Oleoresins (TDS)s.pdf,Oleoresin,AWA Bio,AWA Bio,,24 months,,Marjoram Oleoresin 1001,25 kg,"Store in a cool, dry place away from direct sunlight",None declared,,"Marjoram Oleoresin 1001, food grade industrial ingredient."
258,MEAT FLAVOR S0843603,MEAT FLAVOR S0843603,Meat & Poultry,Processed Meat,Emulsified Sausages & Restructured Meat,"Optimizes meat protein binding, cured color fixation, texture cross-linking, and shelf-life extension in sausages, luncheon, and beef pastrami.",No,"No, and doesn't have variants",Analyst Proposed,Missing TDS - Urgent R&D Request,[Catalog TDS Reference Linked]: Bio Ingredints Portfolio B2B.PDF | Note: Grade-specific active concentration & dosage left blank pending Supplier CoA.,Single Product,None,Bio Ingredints Portfolio B2B.PDF,Food Ingredient,AWA Food Solutions,AWA Food Solutions,,24 months,,MEAT FLAVOR S0843603,25 kg,"Store in a cool, dry place away from direct sunlight",None declared,,"MEAT FLAVOR S0843603, food grade industrial ingredient."
259,Meat Protein,Meat Protein,Meat & Poultry,Minced Meat & Meat Alternatives,"Burgers, Kofta & Plant-Based Nuggets","Provides meat-like fibrous chewiness, binds fat and water, reduces formulation cost, and builds structure in meat patties and plant-based nuggets.",No,"No, and doesn't have variants",Analyst Proposed,Missing TDS - Urgent R&D Request,[Catalog TDS Reference Linked]: Bio Ingredints Portfolio B2B.PDF | Note: Grade-specific active concentration & dosage left blank pending Supplier CoA.,Single Product,None,Bio Ingredints Portfolio B2B.PDF,Protein,AWA Food Solutions,AWA Food Solutions,,24 months,,Meat Protein,25 kg,"Store in a cool, dry place away from direct sunlight",None declared,,"Meat Protein, food grade industrial ingredient."
260,Non Dairy Creamer,Non Dairy Creamer,Beverages,Instant Drinks & Clouding,Instant RTD Mixes & Cloudy Beverages,"Provides cloud opacity, mouthfeel creaminess, body, and carrier functionality.",No,"No, and doesn't have variants",Analyst Proposed,Missing TDS - Urgent R&D Request,[Catalog TDS Reference Linked]: Bio Ingredints Portfolio B2B.PDF | Note: Grade-specific active concentration & dosage left blank pending Supplier CoA.,Single Product,None,Bio Ingredints Portfolio B2B.PDF,Food Ingredient,AWA Food Solutions,AWA Food Solutions,,24 months,,Non Dairy Creamer,25 kg,"Store in a cool, dry place away from direct sunlight",None declared,,"Non Dairy Creamer, food grade industrial ingredient."
261,Onion Oleoresin 1002,Onion Oleoresin,Snacks & Savory Seasonings,Topical Seasonings & Dusting,Potato Chips / Extruded Snacks,Authentic pungent allium sulfur aroma and fresh taste notes at micro-dosage.,Yes,"No, but copied variant",Analyst Proposed,Inherited Sibling Specs (Direct TDS Required),[Catalog TDS Reference Linked]: Onion Oil (Essential Oils).pdf | Note: Grade-specific active concentration & dosage left blank pending Supplier CoA.,Concentration / Grade Variant (Same Application),Onion Oleoresin 1001; Onion Oleoresin 1003; Onion Oleoresin 1004; Onion Oleoresin 50/50; Onion Oleoresin 60/40; Onion Oleoresin 70/30; Onion Oleoresin 80/20; Onion Oleoresin 90/10,Onion Oil (Essential Oils).pdf,Oleoresin,AWA Bio,AWA Bio,,24 months,,Onion Oleoresin 1002,25 kg,"Store in a cool, dry place away from direct sunlight",None declared,,"Onion Oleoresin 1002, food grade industrial ingredient."
262,Onion Oleoresin 1003,Onion Oleoresin,Snacks & Savory Seasonings,Topical Seasonings & Dusting,Potato Chips / Extruded Snacks,Authentic pungent allium sulfur aroma and fresh taste notes at micro-dosage.,Yes,"No, but copied variant",Analyst Proposed,Inherited Sibling Specs (Direct TDS Required),[Catalog TDS Reference Linked]: Onion Oil (Essential Oils).pdf | Note: Grade-specific active concentration & dosage left blank pending Supplier CoA.,Concentration / Grade Variant (Same Application),Onion Oleoresin 1001; Onion Oleoresin 1002; Onion Oleoresin 1004; Onion Oleoresin 50/50; Onion Oleoresin 60/40; Onion Oleoresin 70/30; Onion Oleoresin 80/20; Onion Oleoresin 90/10,Onion Oil (Essential Oils).pdf,Oleoresin,AWA Bio,AWA Bio,,24 months,,Onion Oleoresin 1003,25 kg,"Store in a cool, dry place away from direct sunlight",None declared,,"Onion Oleoresin 1003, food grade industrial ingredient."
263,Onion Oleoresin 1004,Onion Oleoresin,Snacks & Savory Seasonings,Topical Seasonings & Dusting,Potato Chips / Extruded Snacks,Authentic pungent allium sulfur aroma and fresh taste notes at micro-dosage.,Yes,"No, but copied variant",Analyst Proposed,Inherited Sibling Specs (Direct TDS Required),[Catalog TDS Reference Linked]: Onion Oil (Essential Oils).pdf | Note: Grade-specific active concentration & dosage left blank pending Supplier CoA.,Concentration / Grade Variant (Same Application),Onion Oleoresin 1001; Onion Oleoresin 1002; Onion Oleoresin 1003; Onion Oleoresin 50/50; Onion Oleoresin 60/40; Onion Oleoresin 70/30; Onion Oleoresin 80/20; Onion Oleoresin 90/10,Onion Oil (Essential Oils).pdf,Oleoresin,AWA Bio,AWA Bio,,24 months,,Onion Oleoresin 1004,25 kg,"Store in a cool, dry place away from direct sunlight",None declared,,"Onion Oleoresin 1004, food grade industrial ingredient."
264,Onion Oleoresin 50/50,Onion Oleoresin,Snacks & Savory Seasonings,Topical Seasonings & Dusting,Potato Chips / Extruded Snacks,Authentic pungent allium sulfur aroma and fresh taste notes at micro-dosage.,Yes,"No, but copied variant",Analyst Proposed,Inherited Sibling Specs (Direct TDS Required),[Catalog TDS Reference Linked]: Onion Oil (Essential Oils).pdf | Note: Grade-specific active concentration & dosage left blank pending Supplier CoA.,Concentration / Grade Variant (Same Application),Onion Oleoresin 1001; Onion Oleoresin 1002; Onion Oleoresin 1003; Onion Oleoresin 1004; Onion Oleoresin 60/40; Onion Oleoresin 70/30; Onion Oleoresin 80/20; Onion Oleoresin 90/10,Onion Oil (Essential Oils).pdf,Oleoresin,AWA Bio,AWA Bio,,24 months,,Onion Oleoresin 50/50,25 kg,"Store in a cool, dry place away from direct sunlight",None declared,,"Onion Oleoresin 50/50, food grade industrial ingredient."
265,Onion Oleoresin 60/40,Onion Oleoresin,Snacks & Savory Seasonings,Topical Seasonings & Dusting,Potato Chips / Extruded Snacks,Authentic pungent allium sulfur aroma and fresh taste notes at micro-dosage.,Yes,"No, but copied variant",Analyst Proposed,Inherited Sibling Specs (Direct TDS Required),[Catalog TDS Reference Linked]: Onion Oil (Essential Oils).pdf | Note: Grade-specific active concentration & dosage left blank pending Supplier CoA.,Concentration / Grade Variant (Same Application),Onion Oleoresin 1001; Onion Oleoresin 1002; Onion Oleoresin 1003; Onion Oleoresin 1004; Onion Oleoresin 50/50; Onion Oleoresin 70/30; Onion Oleoresin 80/20; Onion Oleoresin 90/10,Onion Oil (Essential Oils).pdf,Oleoresin,AWA Bio,AWA Bio,,24 months,,Onion Oleoresin 60/40,25 kg,"Store in a cool, dry place away from direct sunlight",None declared,,"Onion Oleoresin 60/40, food grade industrial ingredient."
266,Onion Oleoresin 70/30,Onion Oleoresin,Snacks & Savory Seasonings,Topical Seasonings & Dusting,Potato Chips / Extruded Snacks,Authentic pungent allium sulfur aroma and fresh taste notes at micro-dosage.,Yes,"No, but copied variant",Analyst Proposed,Inherited Sibling Specs (Direct TDS Required),[Catalog TDS Reference Linked]: Onion Oil (Essential Oils).pdf | Note: Grade-specific active concentration & dosage left blank pending Supplier CoA.,Concentration / Grade Variant (Same Application),Onion Oleoresin 1001; Onion Oleoresin 1002; Onion Oleoresin 1003; Onion Oleoresin 1004; Onion Oleoresin 50/50; Onion Oleoresin 60/40; Onion Oleoresin 80/20; Onion Oleoresin 90/10,Onion Oil (Essential Oils).pdf,Oleoresin,AWA Bio,AWA Bio,,24 months,,Onion Oleoresin 70/30,25 kg,"Store in a cool, dry place away from direct sunlight",None declared,,"Onion Oleoresin 70/30, food grade industrial ingredient."
267,Onion Oleoresin 80/20,Onion Oleoresin,Snacks & Savory Seasonings,Topical Seasonings & Dusting,Potato Chips / Extruded Snacks,Authentic pungent allium sulfur aroma and fresh taste notes at micro-dosage.,Yes,"No, but copied variant",Analyst Proposed,Inherited Sibling Specs (Direct TDS Required),[Catalog TDS Reference Linked]: Onion Oil (Essential Oils).pdf | Note: Grade-specific active concentration & dosage left blank pending Supplier CoA.,Concentration / Grade Variant (Same Application),Onion Oleoresin 1001; Onion Oleoresin 1002; Onion Oleoresin 1003; Onion Oleoresin 1004; Onion Oleoresin 50/50; Onion Oleoresin 60/40; Onion Oleoresin 70/30; Onion Oleoresin 90/10,Onion Oil (Essential Oils).pdf,Oleoresin,AWA Bio,AWA Bio,,24 months,,Onion Oleoresin 80/20,25 kg,"Store in a cool, dry place away from direct sunlight",None declared,,"Onion Oleoresin 80/20, food grade industrial ingredient."
268,Onion Oleoresin 90/10,Onion Oleoresin,Snacks & Savory Seasonings,Topical Seasonings & Dusting,Potato Chips / Extruded Snacks,Authentic pungent allium sulfur aroma and fresh taste notes at micro-dosage.,Yes,"No, but copied variant",Analyst Proposed,Inherited Sibling Specs (Direct TDS Required),[Catalog TDS Reference Linked]: Onion Oil (Essential Oils).pdf | Note: Grade-specific active concentration & dosage left blank pending Supplier CoA.,Concentration / Grade Variant (Same Application),Onion Oleoresin 1001; Onion Oleoresin 1002; Onion Oleoresin 1003; Onion Oleoresin 1004; Onion Oleoresin 50/50; Onion Oleoresin 60/40; Onion Oleoresin 70/30; Onion Oleoresin 80/20,Onion Oil (Essential Oils).pdf,Oleoresin,AWA Bio,AWA Bio,,24 months,,Onion Oleoresin 90/10,25 kg,"Store in a cool, dry place away from direct sunlight",None declared,,"Onion Oleoresin 90/10, food grade industrial ingredient."
269,Paprika Oleoresin 1000,Paprika Oleoresin,Snacks & Savory Seasonings,Topical Seasonings & Dusting,Potato Chips / Extruded Snacks,Standardized carotenoid color (ASTA / Color Units) combined with authentic sweet paprika aroma.,Yes,"No, but copied variant",Analyst Proposed,Inherited Sibling Specs (Direct TDS Required),[Catalog TDS Reference Linked]: TDS.Specif. PP 60 asta ST hot 20.000 shu-rev. 3.pdf | Note: Grade-specific active concentration & dosage left blank pending Supplier CoA.,Concentration / Grade Variant (Same Application),"Paprika Oleoresin 20,000 CU; Paprika Oleoresin 100,000 CU; Paprika Oleoresin 1001; Paprika Oleoresin 1002; Paprika Oleoresin 1003; Paprika Oleoresin 1004; Paprika Oleoresin 1005; Paprika Oleoresin 1006; Paprika Oleoresin 1007; Paprika Oleoresin 1008; Paprika Oleoresin 1009; Paprika Oleoresin 1010; Paprika Oleoresin 1011; Paprika Oleoresin 1012; Paprika Oleoresin 1013; Paprika Oleoresin 1014; Paprika Oleoresin 1015; Paprika Oleoresin 1016; Paprika Oleoresin 1017; Paprika Oleoresin 1018; Paprika Oleoresin 1019; Paprika Oleoresin 1020; Paprika Oleoresin 1021; Paprika Oleoresin 1022; Paprika Oleoresin 1023; Paprika Oleoresin 40,000 CU; Paprika Oleoresin 40,000 CU OS; Paprika Oleoresin 40,000 CU WS; Paprika Oleoresin 60,000 CU; Paprika Oleoresin 80,000 CU",TDS.Specif. PP 60 asta ST hot 20.000 shu-rev. 3.pdf,Oleoresin,AWA Bio,AWA Bio,,24 months,,Paprika Oleoresin 1000,HDPE containers / standard food grade packaging,"Store in a cool, dry place away from direct sunlight",None declared,Dark red oil liquid Visual,"OLEORESIN PAPRIKA (Paprika): is obtained by solvent extraction of paprika, Capsicum annuum L.(family: Solanaceae) followed by washing with an alcoholic solvent to remove pungency"
270,Paprika Oleoresin 1001,Paprika Oleoresin,Snacks & Savory Seasonings,Topical Seasonings & Dusting,Potato Chips / Extruded Snacks,Standardized carotenoid color (ASTA / Color Units) combined with authentic sweet paprika aroma.,Yes,"No, but copied variant",Analyst Proposed,Inherited Sibling Specs (Direct TDS Required),[Catalog TDS Reference Linked]: TDS.Specif. PP 60 asta ST hot 20.000 shu-rev. 3.pdf | Note: Grade-specific active concentration & dosage left blank pending Supplier CoA.,Concentration / Grade Variant (Same Application),"Paprika Oleoresin 20,000 CU; Paprika Oleoresin 100,000 CU; Paprika Oleoresin 1000; Paprika Oleoresin 1002; Paprika Oleoresin 1003; Paprika Oleoresin 1004; Paprika Oleoresin 1005; Paprika Oleoresin 1006; Paprika Oleoresin 1007; Paprika Oleoresin 1008; Paprika Oleoresin 1009; Paprika Oleoresin 1010; Paprika Oleoresin 1011; Paprika Oleoresin 1012; Paprika Oleoresin 1013; Paprika Oleoresin 1014; Paprika Oleoresin 1015; Paprika Oleoresin 1016; Paprika Oleoresin 1017; Paprika Oleoresin 1018; Paprika Oleoresin 1019; Paprika Oleoresin 1020; Paprika Oleoresin 1021; Paprika Oleoresin 1022; Paprika Oleoresin 1023; Paprika Oleoresin 40,000 CU; Paprika Oleoresin 40,000 CU OS; Paprika Oleoresin 40,000 CU WS; Paprika Oleoresin 60,000 CU; Paprika Oleoresin 80,000 CU",TDS.Specif. PP 60 asta ST hot 20.000 shu-rev. 3.pdf,Oleoresin,AWA Bio,AWA Bio,,24 months,,Paprika Oleoresin 1001,HDPE containers / standard food grade packaging,"Store in a cool, dry place away from direct sunlight",None declared,Dark red oil liquid Visual,"OLEORESIN PAPRIKA (Paprika): is obtained by solvent extraction of paprika, Capsicum annuum L.(family: Solanaceae) followed by washing with an alcoholic solvent to remove pungency"
271,Paprika Oleoresin 1002,Paprika Oleoresin,Snacks & Savory Seasonings,Topical Seasonings & Dusting,Potato Chips / Extruded Snacks,Standardized carotenoid color (ASTA / Color Units) combined with authentic sweet paprika aroma.,Yes,"No, but copied variant",Analyst Proposed,Inherited Sibling Specs (Direct TDS Required),[Catalog TDS Reference Linked]: TDS.Specif. PP 60 asta ST hot 20.000 shu-rev. 3.pdf | Note: Grade-specific active concentration & dosage left blank pending Supplier CoA.,Concentration / Grade Variant (Same Application),"Paprika Oleoresin 20,000 CU; Paprika Oleoresin 100,000 CU; Paprika Oleoresin 1000; Paprika Oleoresin 1001; Paprika Oleoresin 1003; Paprika Oleoresin 1004; Paprika Oleoresin 1005; Paprika Oleoresin 1006; Paprika Oleoresin 1007; Paprika Oleoresin 1008; Paprika Oleoresin 1009; Paprika Oleoresin 1010; Paprika Oleoresin 1011; Paprika Oleoresin 1012; Paprika Oleoresin 1013; Paprika Oleoresin 1014; Paprika Oleoresin 1015; Paprika Oleoresin 1016; Paprika Oleoresin 1017; Paprika Oleoresin 1018; Paprika Oleoresin 1019; Paprika Oleoresin 1020; Paprika Oleoresin 1021; Paprika Oleoresin 1022; Paprika Oleoresin 1023; Paprika Oleoresin 40,000 CU; Paprika Oleoresin 40,000 CU OS; Paprika Oleoresin 40,000 CU WS; Paprika Oleoresin 60,000 CU; Paprika Oleoresin 80,000 CU",TDS.Specif. PP 60 asta ST hot 20.000 shu-rev. 3.pdf,Oleoresin,AWA Bio,AWA Bio,,24 months,,Paprika Oleoresin 1002,HDPE containers / standard food grade packaging,"Store in a cool, dry place away from direct sunlight",None declared,Dark red oil liquid Visual,"OLEORESIN PAPRIKA (Paprika): is obtained by solvent extraction of paprika, Capsicum annuum L.(family: Solanaceae) followed by washing with an alcoholic solvent to remove pungency"
272,Paprika Oleoresin 1003,Paprika Oleoresin,Snacks & Savory Seasonings,Topical Seasonings & Dusting,Potato Chips / Extruded Snacks,Standardized carotenoid color (ASTA / Color Units) combined with authentic sweet paprika aroma.,Yes,"No, but copied variant",Analyst Proposed,Inherited Sibling Specs (Direct TDS Required),[Catalog TDS Reference Linked]: TDS.Specif. PP 60 asta ST hot 20.000 shu-rev. 3.pdf | Note: Grade-specific active concentration & dosage left blank pending Supplier CoA.,Concentration / Grade Variant (Same Application),"Paprika Oleoresin 20,000 CU; Paprika Oleoresin 100,000 CU; Paprika Oleoresin 1000; Paprika Oleoresin 1001; Paprika Oleoresin 1002; Paprika Oleoresin 1004; Paprika Oleoresin 1005; Paprika Oleoresin 1006; Paprika Oleoresin 1007; Paprika Oleoresin 1008; Paprika Oleoresin 1009; Paprika Oleoresin 1010; Paprika Oleoresin 1011; Paprika Oleoresin 1012; Paprika Oleoresin 1013; Paprika Oleoresin 1014; Paprika Oleoresin 1015; Paprika Oleoresin 1016; Paprika Oleoresin 1017; Paprika Oleoresin 1018; Paprika Oleoresin 1019; Paprika Oleoresin 1020; Paprika Oleoresin 1021; Paprika Oleoresin 1022; Paprika Oleoresin 1023; Paprika Oleoresin 40,000 CU; Paprika Oleoresin 40,000 CU OS; Paprika Oleoresin 40,000 CU WS; Paprika Oleoresin 60,000 CU; Paprika Oleoresin 80,000 CU",TDS.Specif. PP 60 asta ST hot 20.000 shu-rev. 3.pdf,Oleoresin,AWA Bio,AWA Bio,,24 months,,Paprika Oleoresin 1003,HDPE containers / standard food grade packaging,"Store in a cool, dry place away from direct sunlight",None declared,Dark red oil liquid Visual,"OLEORESIN PAPRIKA (Paprika): is obtained by solvent extraction of paprika, Capsicum annuum L.(family: Solanaceae) followed by washing with an alcoholic solvent to remove pungency"
273,Paprika Oleoresin 1004,Paprika Oleoresin,Snacks & Savory Seasonings,Topical Seasonings & Dusting,Potato Chips / Extruded Snacks,Standardized carotenoid color (ASTA / Color Units) combined with authentic sweet paprika aroma.,Yes,"No, but copied variant",Analyst Proposed,Inherited Sibling Specs (Direct TDS Required),[Catalog TDS Reference Linked]: TDS.Specif. PP 60 asta ST hot 20.000 shu-rev. 3.pdf | Note: Grade-specific active concentration & dosage left blank pending Supplier CoA.,Concentration / Grade Variant (Same Application),"Paprika Oleoresin 20,000 CU; Paprika Oleoresin 100,000 CU; Paprika Oleoresin 1000; Paprika Oleoresin 1001; Paprika Oleoresin 1002; Paprika Oleoresin 1003; Paprika Oleoresin 1005; Paprika Oleoresin 1006; Paprika Oleoresin 1007; Paprika Oleoresin 1008; Paprika Oleoresin 1009; Paprika Oleoresin 1010; Paprika Oleoresin 1011; Paprika Oleoresin 1012; Paprika Oleoresin 1013; Paprika Oleoresin 1014; Paprika Oleoresin 1015; Paprika Oleoresin 1016; Paprika Oleoresin 1017; Paprika Oleoresin 1018; Paprika Oleoresin 1019; Paprika Oleoresin 1020; Paprika Oleoresin 1021; Paprika Oleoresin 1022; Paprika Oleoresin 1023; Paprika Oleoresin 40,000 CU; Paprika Oleoresin 40,000 CU OS; Paprika Oleoresin 40,000 CU WS; Paprika Oleoresin 60,000 CU; Paprika Oleoresin 80,000 CU",TDS.Specif. PP 60 asta ST hot 20.000 shu-rev. 3.pdf,Oleoresin,AWA Bio,AWA Bio,,24 months,,Paprika Oleoresin 1004,HDPE containers / standard food grade packaging,"Store in a cool, dry place away from direct sunlight",None declared,Dark red oil liquid Visual,"OLEORESIN PAPRIKA (Paprika): is obtained by solvent extraction of paprika, Capsicum annuum L.(family: Solanaceae) followed by washing with an alcoholic solvent to remove pungency"
274,Paprika Oleoresin 1005,Paprika Oleoresin,Snacks & Savory Seasonings,Topical Seasonings & Dusting,Potato Chips / Extruded Snacks,Standardized carotenoid color (ASTA / Color Units) combined with authentic sweet paprika aroma.,Yes,"No, but copied variant",Analyst Proposed,Inherited Sibling Specs (Direct TDS Required),[Catalog TDS Reference Linked]: TDS.Specif. PP 60 asta ST hot 20.000 shu-rev. 3.pdf | Note: Grade-specific active concentration & dosage left blank pending Supplier CoA.,Concentration / Grade Variant (Same Application),"Paprika Oleoresin 20,000 CU; Paprika Oleoresin 100,000 CU; Paprika Oleoresin 1000; Paprika Oleoresin 1001; Paprika Oleoresin 1002; Paprika Oleoresin 1003; Paprika Oleoresin 1004; Paprika Oleoresin 1006; Paprika Oleoresin 1007; Paprika Oleoresin 1008; Paprika Oleoresin 1009; Paprika Oleoresin 1010; Paprika Oleoresin 1011; Paprika Oleoresin 1012; Paprika Oleoresin 1013; Paprika Oleoresin 1014; Paprika Oleoresin 1015; Paprika Oleoresin 1016; Paprika Oleoresin 1017; Paprika Oleoresin 1018; Paprika Oleoresin 1019; Paprika Oleoresin 1020; Paprika Oleoresin 1021; Paprika Oleoresin 1022; Paprika Oleoresin 1023; Paprika Oleoresin 40,000 CU; Paprika Oleoresin 40,000 CU OS; Paprika Oleoresin 40,000 CU WS; Paprika Oleoresin 60,000 CU; Paprika Oleoresin 80,000 CU",TDS.Specif. PP 60 asta ST hot 20.000 shu-rev. 3.pdf,Oleoresin,AWA Bio,AWA Bio,,24 months,,Paprika Oleoresin 1005,HDPE containers / standard food grade packaging,"Store in a cool, dry place away from direct sunlight",None declared,Dark red oil liquid Visual,"OLEORESIN PAPRIKA (Paprika): is obtained by solvent extraction of paprika, Capsicum annuum L.(family: Solanaceae) followed by washing with an alcoholic solvent to remove pungency"
275,Paprika Oleoresin 1006,Paprika Oleoresin,Snacks & Savory Seasonings,Topical Seasonings & Dusting,Potato Chips / Extruded Snacks,Standardized carotenoid color (ASTA / Color Units) combined with authentic sweet paprika aroma.,Yes,"No, but copied variant",Analyst Proposed,Inherited Sibling Specs (Direct TDS Required),[Catalog TDS Reference Linked]: TDS.Specif. PP 60 asta ST hot 20.000 shu-rev. 3.pdf | Note: Grade-specific active concentration & dosage left blank pending Supplier CoA.,Concentration / Grade Variant (Same Application),"Paprika Oleoresin 20,000 CU; Paprika Oleoresin 100,000 CU; Paprika Oleoresin 1000; Paprika Oleoresin 1001; Paprika Oleoresin 1002; Paprika Oleoresin 1003; Paprika Oleoresin 1004; Paprika Oleoresin 1005; Paprika Oleoresin 1007; Paprika Oleoresin 1008; Paprika Oleoresin 1009; Paprika Oleoresin 1010; Paprika Oleoresin 1011; Paprika Oleoresin 1012; Paprika Oleoresin 1013; Paprika Oleoresin 1014; Paprika Oleoresin 1015; Paprika Oleoresin 1016; Paprika Oleoresin 1017; Paprika Oleoresin 1018; Paprika Oleoresin 1019; Paprika Oleoresin 1020; Paprika Oleoresin 1021; Paprika Oleoresin 1022; Paprika Oleoresin 1023; Paprika Oleoresin 40,000 CU; Paprika Oleoresin 40,000 CU OS; Paprika Oleoresin 40,000 CU WS; Paprika Oleoresin 60,000 CU; Paprika Oleoresin 80,000 CU",TDS.Specif. PP 60 asta ST hot 20.000 shu-rev. 3.pdf,Oleoresin,AWA Bio,AWA Bio,,24 months,,Paprika Oleoresin 1006,HDPE containers / standard food grade packaging,"Store in a cool, dry place away from direct sunlight",None declared,Dark red oil liquid Visual,"OLEORESIN PAPRIKA (Paprika): is obtained by solvent extraction of paprika, Capsicum annuum L.(family: Solanaceae) followed by washing with an alcoholic solvent to remove pungency"
276,Paprika Oleoresin 1007,Paprika Oleoresin,Snacks & Savory Seasonings,Topical Seasonings & Dusting,Potato Chips / Extruded Snacks,Standardized carotenoid color (ASTA / Color Units) combined with authentic sweet paprika aroma.,Yes,"No, but copied variant",Analyst Proposed,Inherited Sibling Specs (Direct TDS Required),[Catalog TDS Reference Linked]: TDS.Specif. PP 60 asta ST hot 20.000 shu-rev. 3.pdf | Note: Grade-specific active concentration & dosage left blank pending Supplier CoA.,Concentration / Grade Variant (Same Application),"Paprika Oleoresin 20,000 CU; Paprika Oleoresin 100,000 CU; Paprika Oleoresin 1000; Paprika Oleoresin 1001; Paprika Oleoresin 1002; Paprika Oleoresin 1003; Paprika Oleoresin 1004; Paprika Oleoresin 1005; Paprika Oleoresin 1006; Paprika Oleoresin 1008; Paprika Oleoresin 1009; Paprika Oleoresin 1010; Paprika Oleoresin 1011; Paprika Oleoresin 1012; Paprika Oleoresin 1013; Paprika Oleoresin 1014; Paprika Oleoresin 1015; Paprika Oleoresin 1016; Paprika Oleoresin 1017; Paprika Oleoresin 1018; Paprika Oleoresin 1019; Paprika Oleoresin 1020; Paprika Oleoresin 1021; Paprika Oleoresin 1022; Paprika Oleoresin 1023; Paprika Oleoresin 40,000 CU; Paprika Oleoresin 40,000 CU OS; Paprika Oleoresin 40,000 CU WS; Paprika Oleoresin 60,000 CU; Paprika Oleoresin 80,000 CU",TDS.Specif. PP 60 asta ST hot 20.000 shu-rev. 3.pdf,Oleoresin,AWA Bio,AWA Bio,,24 months,,Paprika Oleoresin 1007,HDPE containers / standard food grade packaging,"Store in a cool, dry place away from direct sunlight",None declared,Dark red oil liquid Visual,"OLEORESIN PAPRIKA (Paprika): is obtained by solvent extraction of paprika, Capsicum annuum L.(family: Solanaceae) followed by washing with an alcoholic solvent to remove pungency"
277,Paprika Oleoresin 1008,Paprika Oleoresin,Snacks & Savory Seasonings,Topical Seasonings & Dusting,Potato Chips / Extruded Snacks,Standardized carotenoid color (ASTA / Color Units) combined with authentic sweet paprika aroma.,Yes,"No, but copied variant",Analyst Proposed,Inherited Sibling Specs (Direct TDS Required),[Catalog TDS Reference Linked]: TDS.Specif. PP 60 asta ST hot 20.000 shu-rev. 3.pdf | Note: Grade-specific active concentration & dosage left blank pending Supplier CoA.,Concentration / Grade Variant (Same Application),"Paprika Oleoresin 20,000 CU; Paprika Oleoresin 100,000 CU; Paprika Oleoresin 1000; Paprika Oleoresin 1001; Paprika Oleoresin 1002; Paprika Oleoresin 1003; Paprika Oleoresin 1004; Paprika Oleoresin 1005; Paprika Oleoresin 1006; Paprika Oleoresin 1007; Paprika Oleoresin 1009; Paprika Oleoresin 1010; Paprika Oleoresin 1011; Paprika Oleoresin 1012; Paprika Oleoresin 1013; Paprika Oleoresin 1014; Paprika Oleoresin 1015; Paprika Oleoresin 1016; Paprika Oleoresin 1017; Paprika Oleoresin 1018; Paprika Oleoresin 1019; Paprika Oleoresin 1020; Paprika Oleoresin 1021; Paprika Oleoresin 1022; Paprika Oleoresin 1023; Paprika Oleoresin 40,000 CU; Paprika Oleoresin 40,000 CU OS; Paprika Oleoresin 40,000 CU WS; Paprika Oleoresin 60,000 CU; Paprika Oleoresin 80,000 CU",TDS.Specif. PP 60 asta ST hot 20.000 shu-rev. 3.pdf,Oleoresin,AWA Bio,AWA Bio,,24 months,,Paprika Oleoresin 1008,HDPE containers / standard food grade packaging,"Store in a cool, dry place away from direct sunlight",None declared,Dark red oil liquid Visual,"OLEORESIN PAPRIKA (Paprika): is obtained by solvent extraction of paprika, Capsicum annuum L.(family: Solanaceae) followed by washing with an alcoholic solvent to remove pungency"
278,Paprika Oleoresin 1009,Paprika Oleoresin,Snacks & Savory Seasonings,Topical Seasonings & Dusting,Potato Chips / Extruded Snacks,Standardized carotenoid color (ASTA / Color Units) combined with authentic sweet paprika aroma.,Yes,"No, but copied variant",Analyst Proposed,Inherited Sibling Specs (Direct TDS Required),[Catalog TDS Reference Linked]: TDS.Specif. PP 60 asta ST hot 20.000 shu-rev. 3.pdf | Note: Grade-specific active concentration & dosage left blank pending Supplier CoA.,Concentration / Grade Variant (Same Application),"Paprika Oleoresin 20,000 CU; Paprika Oleoresin 100,000 CU; Paprika Oleoresin 1000; Paprika Oleoresin 1001; Paprika Oleoresin 1002; Paprika Oleoresin 1003; Paprika Oleoresin 1004; Paprika Oleoresin 1005; Paprika Oleoresin 1006; Paprika Oleoresin 1007; Paprika Oleoresin 1008; Paprika Oleoresin 1010; Paprika Oleoresin 1011; Paprika Oleoresin 1012; Paprika Oleoresin 1013; Paprika Oleoresin 1014; Paprika Oleoresin 1015; Paprika Oleoresin 1016; Paprika Oleoresin 1017; Paprika Oleoresin 1018; Paprika Oleoresin 1019; Paprika Oleoresin 1020; Paprika Oleoresin 1021; Paprika Oleoresin 1022; Paprika Oleoresin 1023; Paprika Oleoresin 40,000 CU; Paprika Oleoresin 40,000 CU OS; Paprika Oleoresin 40,000 CU WS; Paprika Oleoresin 60,000 CU; Paprika Oleoresin 80,000 CU",TDS.Specif. PP 60 asta ST hot 20.000 shu-rev. 3.pdf,Oleoresin,AWA Bio,AWA Bio,,24 months,,Paprika Oleoresin 1009,HDPE containers / standard food grade packaging,"Store in a cool, dry place away from direct sunlight",None declared,Dark red oil liquid Visual,"OLEORESIN PAPRIKA (Paprika): is obtained by solvent extraction of paprika, Capsicum annuum L.(family: Solanaceae) followed by washing with an alcoholic solvent to remove pungency"
279,Paprika Oleoresin 1010,Paprika Oleoresin,Snacks & Savory Seasonings,Topical Seasonings & Dusting,Potato Chips / Extruded Snacks,Standardized carotenoid color (ASTA / Color Units) combined with authentic sweet paprika aroma.,Yes,"No, but copied variant",Analyst Proposed,Inherited Sibling Specs (Direct TDS Required),[Catalog TDS Reference Linked]: TDS.Specif. PP 60 asta ST hot 20.000 shu-rev. 3.pdf | Note: Grade-specific active concentration & dosage left blank pending Supplier CoA.,Concentration / Grade Variant (Same Application),"Paprika Oleoresin 20,000 CU; Paprika Oleoresin 100,000 CU; Paprika Oleoresin 1000; Paprika Oleoresin 1001; Paprika Oleoresin 1002; Paprika Oleoresin 1003; Paprika Oleoresin 1004; Paprika Oleoresin 1005; Paprika Oleoresin 1006; Paprika Oleoresin 1007; Paprika Oleoresin 1008; Paprika Oleoresin 1009; Paprika Oleoresin 1011; Paprika Oleoresin 1012; Paprika Oleoresin 1013; Paprika Oleoresin 1014; Paprika Oleoresin 1015; Paprika Oleoresin 1016; Paprika Oleoresin 1017; Paprika Oleoresin 1018; Paprika Oleoresin 1019; Paprika Oleoresin 1020; Paprika Oleoresin 1021; Paprika Oleoresin 1022; Paprika Oleoresin 1023; Paprika Oleoresin 40,000 CU; Paprika Oleoresin 40,000 CU OS; Paprika Oleoresin 40,000 CU WS; Paprika Oleoresin 60,000 CU; Paprika Oleoresin 80,000 CU",TDS.Specif. PP 60 asta ST hot 20.000 shu-rev. 3.pdf,Oleoresin,AWA Bio,AWA Bio,,24 months,,Paprika Oleoresin 1010,HDPE containers / standard food grade packaging,"Store in a cool, dry place away from direct sunlight",None declared,Dark red oil liquid Visual,"OLEORESIN PAPRIKA (Paprika): is obtained by solvent extraction of paprika, Capsicum annuum L.(family: Solanaceae) followed by washing with an alcoholic solvent to remove pungency"
280,Paprika Oleoresin 1011,Paprika Oleoresin,Snacks & Savory Seasonings,Topical Seasonings & Dusting,Potato Chips / Extruded Snacks,Standardized carotenoid color (ASTA / Color Units) combined with authentic sweet paprika aroma.,Yes,"No, but copied variant",Analyst Proposed,Inherited Sibling Specs (Direct TDS Required),[Catalog TDS Reference Linked]: TDS.Specif. PP 60 asta ST hot 20.000 shu-rev. 3.pdf | Note: Grade-specific active concentration & dosage left blank pending Supplier CoA.,Concentration / Grade Variant (Same Application),"Paprika Oleoresin 20,000 CU; Paprika Oleoresin 100,000 CU; Paprika Oleoresin 1000; Paprika Oleoresin 1001; Paprika Oleoresin 1002; Paprika Oleoresin 1003; Paprika Oleoresin 1004; Paprika Oleoresin 1005; Paprika Oleoresin 1006; Paprika Oleoresin 1007; Paprika Oleoresin 1008; Paprika Oleoresin 1009; Paprika Oleoresin 1010; Paprika Oleoresin 1012; Paprika Oleoresin 1013; Paprika Oleoresin 1014; Paprika Oleoresin 1015; Paprika Oleoresin 1016; Paprika Oleoresin 1017; Paprika Oleoresin 1018; Paprika Oleoresin 1019; Paprika Oleoresin 1020; Paprika Oleoresin 1021; Paprika Oleoresin 1022; Paprika Oleoresin 1023; Paprika Oleoresin 40,000 CU; Paprika Oleoresin 40,000 CU OS; Paprika Oleoresin 40,000 CU WS; Paprika Oleoresin 60,000 CU; Paprika Oleoresin 80,000 CU",TDS.Specif. PP 60 asta ST hot 20.000 shu-rev. 3.pdf,Oleoresin,AWA Bio,AWA Bio,,24 months,,Paprika Oleoresin 1011,HDPE containers / standard food grade packaging,"Store in a cool, dry place away from direct sunlight",None declared,Dark red oil liquid Visual,"OLEORESIN PAPRIKA (Paprika): is obtained by solvent extraction of paprika, Capsicum annuum L.(family: Solanaceae) followed by washing with an alcoholic solvent to remove pungency"
281,Paprika Oleoresin 1012,Paprika Oleoresin,Snacks & Savory Seasonings,Topical Seasonings & Dusting,Potato Chips / Extruded Snacks,Standardized carotenoid color (ASTA / Color Units) combined with authentic sweet paprika aroma.,Yes,"No, but copied variant",Analyst Proposed,Inherited Sibling Specs (Direct TDS Required),[Catalog TDS Reference Linked]: TDS.Specif. PP 60 asta ST hot 20.000 shu-rev. 3.pdf | Note: Grade-specific active concentration & dosage left blank pending Supplier CoA.,Concentration / Grade Variant (Same Application),"Paprika Oleoresin 20,000 CU; Paprika Oleoresin 100,000 CU; Paprika Oleoresin 1000; Paprika Oleoresin 1001; Paprika Oleoresin 1002; Paprika Oleoresin 1003; Paprika Oleoresin 1004; Paprika Oleoresin 1005; Paprika Oleoresin 1006; Paprika Oleoresin 1007; Paprika Oleoresin 1008; Paprika Oleoresin 1009; Paprika Oleoresin 1010; Paprika Oleoresin 1011; Paprika Oleoresin 1013; Paprika Oleoresin 1014; Paprika Oleoresin 1015; Paprika Oleoresin 1016; Paprika Oleoresin 1017; Paprika Oleoresin 1018; Paprika Oleoresin 1019; Paprika Oleoresin 1020; Paprika Oleoresin 1021; Paprika Oleoresin 1022; Paprika Oleoresin 1023; Paprika Oleoresin 40,000 CU; Paprika Oleoresin 40,000 CU OS; Paprika Oleoresin 40,000 CU WS; Paprika Oleoresin 60,000 CU; Paprika Oleoresin 80,000 CU",TDS.Specif. PP 60 asta ST hot 20.000 shu-rev. 3.pdf,Oleoresin,AWA Bio,AWA Bio,,24 months,,Paprika Oleoresin 1012,HDPE containers / standard food grade packaging,"Store in a cool, dry place away from direct sunlight",None declared,Dark red oil liquid Visual,"OLEORESIN PAPRIKA (Paprika): is obtained by solvent extraction of paprika, Capsicum annuum L.(family: Solanaceae) followed by washing with an alcoholic solvent to remove pungency"
282,Paprika Oleoresin 1013,Paprika Oleoresin,Snacks & Savory Seasonings,Topical Seasonings & Dusting,Potato Chips / Extruded Snacks,Standardized carotenoid color (ASTA / Color Units) combined with authentic sweet paprika aroma.,Yes,"No, but copied variant",Analyst Proposed,Inherited Sibling Specs (Direct TDS Required),[Catalog TDS Reference Linked]: TDS.Specif. PP 60 asta ST hot 20.000 shu-rev. 3.pdf | Note: Grade-specific active concentration & dosage left blank pending Supplier CoA.,Concentration / Grade Variant (Same Application),"Paprika Oleoresin 20,000 CU; Paprika Oleoresin 100,000 CU; Paprika Oleoresin 1000; Paprika Oleoresin 1001; Paprika Oleoresin 1002; Paprika Oleoresin 1003; Paprika Oleoresin 1004; Paprika Oleoresin 1005; Paprika Oleoresin 1006; Paprika Oleoresin 1007; Paprika Oleoresin 1008; Paprika Oleoresin 1009; Paprika Oleoresin 1010; Paprika Oleoresin 1011; Paprika Oleoresin 1012; Paprika Oleoresin 1014; Paprika Oleoresin 1015; Paprika Oleoresin 1016; Paprika Oleoresin 1017; Paprika Oleoresin 1018; Paprika Oleoresin 1019; Paprika Oleoresin 1020; Paprika Oleoresin 1021; Paprika Oleoresin 1022; Paprika Oleoresin 1023; Paprika Oleoresin 40,000 CU; Paprika Oleoresin 40,000 CU OS; Paprika Oleoresin 40,000 CU WS; Paprika Oleoresin 60,000 CU; Paprika Oleoresin 80,000 CU",TDS.Specif. PP 60 asta ST hot 20.000 shu-rev. 3.pdf,Oleoresin,AWA Bio,AWA Bio,,24 months,,Paprika Oleoresin 1013,HDPE containers / standard food grade packaging,"Store in a cool, dry place away from direct sunlight",None declared,Dark red oil liquid Visual,"OLEORESIN PAPRIKA (Paprika): is obtained by solvent extraction of paprika, Capsicum annuum L.(family: Solanaceae) followed by washing with an alcoholic solvent to remove pungency"
283,Paprika Oleoresin 1014,Paprika Oleoresin,Snacks & Savory Seasonings,Topical Seasonings & Dusting,Potato Chips / Extruded Snacks,Standardized carotenoid color (ASTA / Color Units) combined with authentic sweet paprika aroma.,Yes,"No, but copied variant",Analyst Proposed,Inherited Sibling Specs (Direct TDS Required),[Catalog TDS Reference Linked]: TDS.Specif. PP 60 asta ST hot 20.000 shu-rev. 3.pdf | Note: Grade-specific active concentration & dosage left blank pending Supplier CoA.,Concentration / Grade Variant (Same Application),"Paprika Oleoresin 20,000 CU; Paprika Oleoresin 100,000 CU; Paprika Oleoresin 1000; Paprika Oleoresin 1001; Paprika Oleoresin 1002; Paprika Oleoresin 1003; Paprika Oleoresin 1004; Paprika Oleoresin 1005; Paprika Oleoresin 1006; Paprika Oleoresin 1007; Paprika Oleoresin 1008; Paprika Oleoresin 1009; Paprika Oleoresin 1010; Paprika Oleoresin 1011; Paprika Oleoresin 1012; Paprika Oleoresin 1013; Paprika Oleoresin 1015; Paprika Oleoresin 1016; Paprika Oleoresin 1017; Paprika Oleoresin 1018; Paprika Oleoresin 1019; Paprika Oleoresin 1020; Paprika Oleoresin 1021; Paprika Oleoresin 1022; Paprika Oleoresin 1023; Paprika Oleoresin 40,000 CU; Paprika Oleoresin 40,000 CU OS; Paprika Oleoresin 40,000 CU WS; Paprika Oleoresin 60,000 CU; Paprika Oleoresin 80,000 CU",TDS.Specif. PP 60 asta ST hot 20.000 shu-rev. 3.pdf,Oleoresin,AWA Bio,AWA Bio,,24 months,,Paprika Oleoresin 1014,HDPE containers / standard food grade packaging,"Store in a cool, dry place away from direct sunlight",None declared,Dark red oil liquid Visual,"OLEORESIN PAPRIKA (Paprika): is obtained by solvent extraction of paprika, Capsicum annuum L.(family: Solanaceae) followed by washing with an alcoholic solvent to remove pungency"
284,Paprika Oleoresin 1015,Paprika Oleoresin,Snacks & Savory Seasonings,Topical Seasonings & Dusting,Potato Chips / Extruded Snacks,Standardized carotenoid color (ASTA / Color Units) combined with authentic sweet paprika aroma.,Yes,"No, but copied variant",Analyst Proposed,Inherited Sibling Specs (Direct TDS Required),[Catalog TDS Reference Linked]: TDS.Specif. PP 60 asta ST hot 20.000 shu-rev. 3.pdf | Note: Grade-specific active concentration & dosage left blank pending Supplier CoA.,Concentration / Grade Variant (Same Application),"Paprika Oleoresin 20,000 CU; Paprika Oleoresin 100,000 CU; Paprika Oleoresin 1000; Paprika Oleoresin 1001; Paprika Oleoresin 1002; Paprika Oleoresin 1003; Paprika Oleoresin 1004; Paprika Oleoresin 1005; Paprika Oleoresin 1006; Paprika Oleoresin 1007; Paprika Oleoresin 1008; Paprika Oleoresin 1009; Paprika Oleoresin 1010; Paprika Oleoresin 1011; Paprika Oleoresin 1012; Paprika Oleoresin 1013; Paprika Oleoresin 1014; Paprika Oleoresin 1016; Paprika Oleoresin 1017; Paprika Oleoresin 1018; Paprika Oleoresin 1019; Paprika Oleoresin 1020; Paprika Oleoresin 1021; Paprika Oleoresin 1022; Paprika Oleoresin 1023; Paprika Oleoresin 40,000 CU; Paprika Oleoresin 40,000 CU OS; Paprika Oleoresin 40,000 CU WS; Paprika Oleoresin 60,000 CU; Paprika Oleoresin 80,000 CU",TDS.Specif. PP 60 asta ST hot 20.000 shu-rev. 3.pdf,Oleoresin,AWA Bio,AWA Bio,,24 months,,Paprika Oleoresin 1015,HDPE containers / standard food grade packaging,"Store in a cool, dry place away from direct sunlight",None declared,Dark red oil liquid Visual,"OLEORESIN PAPRIKA (Paprika): is obtained by solvent extraction of paprika, Capsicum annuum L.(family: Solanaceae) followed by washing with an alcoholic solvent to remove pungency"
285,Paprika Oleoresin 1016,Paprika Oleoresin,Snacks & Savory Seasonings,Topical Seasonings & Dusting,Potato Chips / Extruded Snacks,Standardized carotenoid color (ASTA / Color Units) combined with authentic sweet paprika aroma.,Yes,"No, but copied variant",Analyst Proposed,Inherited Sibling Specs (Direct TDS Required),[Catalog TDS Reference Linked]: TDS.Specif. PP 60 asta ST hot 20.000 shu-rev. 3.pdf | Note: Grade-specific active concentration & dosage left blank pending Supplier CoA.,Concentration / Grade Variant (Same Application),"Paprika Oleoresin 20,000 CU; Paprika Oleoresin 100,000 CU; Paprika Oleoresin 1000; Paprika Oleoresin 1001; Paprika Oleoresin 1002; Paprika Oleoresin 1003; Paprika Oleoresin 1004; Paprika Oleoresin 1005; Paprika Oleoresin 1006; Paprika Oleoresin 1007; Paprika Oleoresin 1008; Paprika Oleoresin 1009; Paprika Oleoresin 1010; Paprika Oleoresin 1011; Paprika Oleoresin 1012; Paprika Oleoresin 1013; Paprika Oleoresin 1014; Paprika Oleoresin 1015; Paprika Oleoresin 1017; Paprika Oleoresin 1018; Paprika Oleoresin 1019; Paprika Oleoresin 1020; Paprika Oleoresin 1021; Paprika Oleoresin 1022; Paprika Oleoresin 1023; Paprika Oleoresin 40,000 CU; Paprika Oleoresin 40,000 CU OS; Paprika Oleoresin 40,000 CU WS; Paprika Oleoresin 60,000 CU; Paprika Oleoresin 80,000 CU",TDS.Specif. PP 60 asta ST hot 20.000 shu-rev. 3.pdf,Oleoresin,AWA Bio,AWA Bio,,24 months,,Paprika Oleoresin 1016,HDPE containers / standard food grade packaging,"Store in a cool, dry place away from direct sunlight",None declared,Dark red oil liquid Visual,"OLEORESIN PAPRIKA (Paprika): is obtained by solvent extraction of paprika, Capsicum annuum L.(family: Solanaceae) followed by washing with an alcoholic solvent to remove pungency"
286,Paprika Oleoresin 1017,Paprika Oleoresin,Snacks & Savory Seasonings,Topical Seasonings & Dusting,Potato Chips / Extruded Snacks,Standardized carotenoid color (ASTA / Color Units) combined with authentic sweet paprika aroma.,Yes,"No, but copied variant",Analyst Proposed,Inherited Sibling Specs (Direct TDS Required),[Catalog TDS Reference Linked]: TDS.Specif. PP 60 asta ST hot 20.000 shu-rev. 3.pdf | Note: Grade-specific active concentration & dosage left blank pending Supplier CoA.,Concentration / Grade Variant (Same Application),"Paprika Oleoresin 20,000 CU; Paprika Oleoresin 100,000 CU; Paprika Oleoresin 1000; Paprika Oleoresin 1001; Paprika Oleoresin 1002; Paprika Oleoresin 1003; Paprika Oleoresin 1004; Paprika Oleoresin 1005; Paprika Oleoresin 1006; Paprika Oleoresin 1007; Paprika Oleoresin 1008; Paprika Oleoresin 1009; Paprika Oleoresin 1010; Paprika Oleoresin 1011; Paprika Oleoresin 1012; Paprika Oleoresin 1013; Paprika Oleoresin 1014; Paprika Oleoresin 1015; Paprika Oleoresin 1016; Paprika Oleoresin 1018; Paprika Oleoresin 1019; Paprika Oleoresin 1020; Paprika Oleoresin 1021; Paprika Oleoresin 1022; Paprika Oleoresin 1023; Paprika Oleoresin 40,000 CU; Paprika Oleoresin 40,000 CU OS; Paprika Oleoresin 40,000 CU WS; Paprika Oleoresin 60,000 CU; Paprika Oleoresin 80,000 CU",TDS.Specif. PP 60 asta ST hot 20.000 shu-rev. 3.pdf,Oleoresin,AWA Bio,AWA Bio,,24 months,,Paprika Oleoresin 1017,HDPE containers / standard food grade packaging,"Store in a cool, dry place away from direct sunlight",None declared,Dark red oil liquid Visual,"OLEORESIN PAPRIKA (Paprika): is obtained by solvent extraction of paprika, Capsicum annuum L.(family: Solanaceae) followed by washing with an alcoholic solvent to remove pungency"
287,Paprika Oleoresin 1018,Paprika Oleoresin,Snacks & Savory Seasonings,Topical Seasonings & Dusting,Potato Chips / Extruded Snacks,Standardized carotenoid color (ASTA / Color Units) combined with authentic sweet paprika aroma.,Yes,"No, but copied variant",Analyst Proposed,Inherited Sibling Specs (Direct TDS Required),[Catalog TDS Reference Linked]: TDS.Specif. PP 60 asta ST hot 20.000 shu-rev. 3.pdf | Note: Grade-specific active concentration & dosage left blank pending Supplier CoA.,Concentration / Grade Variant (Same Application),"Paprika Oleoresin 20,000 CU; Paprika Oleoresin 100,000 CU; Paprika Oleoresin 1000; Paprika Oleoresin 1001; Paprika Oleoresin 1002; Paprika Oleoresin 1003; Paprika Oleoresin 1004; Paprika Oleoresin 1005; Paprika Oleoresin 1006; Paprika Oleoresin 1007; Paprika Oleoresin 1008; Paprika Oleoresin 1009; Paprika Oleoresin 1010; Paprika Oleoresin 1011; Paprika Oleoresin 1012; Paprika Oleoresin 1013; Paprika Oleoresin 1014; Paprika Oleoresin 1015; Paprika Oleoresin 1016; Paprika Oleoresin 1017; Paprika Oleoresin 1019; Paprika Oleoresin 1020; Paprika Oleoresin 1021; Paprika Oleoresin 1022; Paprika Oleoresin 1023; Paprika Oleoresin 40,000 CU; Paprika Oleoresin 40,000 CU OS; Paprika Oleoresin 40,000 CU WS; Paprika Oleoresin 60,000 CU; Paprika Oleoresin 80,000 CU",TDS.Specif. PP 60 asta ST hot 20.000 shu-rev. 3.pdf,Oleoresin,AWA Bio,AWA Bio,,24 months,,Paprika Oleoresin 1018,HDPE containers / standard food grade packaging,"Store in a cool, dry place away from direct sunlight",None declared,Dark red oil liquid Visual,"OLEORESIN PAPRIKA (Paprika): is obtained by solvent extraction of paprika, Capsicum annuum L.(family: Solanaceae) followed by washing with an alcoholic solvent to remove pungency"
288,Paprika Oleoresin 1019,Paprika Oleoresin,Snacks & Savory Seasonings,Topical Seasonings & Dusting,Potato Chips / Extruded Snacks,Standardized carotenoid color (ASTA / Color Units) combined with authentic sweet paprika aroma.,Yes,"No, but copied variant",Analyst Proposed,Inherited Sibling Specs (Direct TDS Required),[Catalog TDS Reference Linked]: TDS.Specif. PP 60 asta ST hot 20.000 shu-rev. 3.pdf | Note: Grade-specific active concentration & dosage left blank pending Supplier CoA.,Concentration / Grade Variant (Same Application),"Paprika Oleoresin 20,000 CU; Paprika Oleoresin 100,000 CU; Paprika Oleoresin 1000; Paprika Oleoresin 1001; Paprika Oleoresin 1002; Paprika Oleoresin 1003; Paprika Oleoresin 1004; Paprika Oleoresin 1005; Paprika Oleoresin 1006; Paprika Oleoresin 1007; Paprika Oleoresin 1008; Paprika Oleoresin 1009; Paprika Oleoresin 1010; Paprika Oleoresin 1011; Paprika Oleoresin 1012; Paprika Oleoresin 1013; Paprika Oleoresin 1014; Paprika Oleoresin 1015; Paprika Oleoresin 1016; Paprika Oleoresin 1017; Paprika Oleoresin 1018; Paprika Oleoresin 1020; Paprika Oleoresin 1021; Paprika Oleoresin 1022; Paprika Oleoresin 1023; Paprika Oleoresin 40,000 CU; Paprika Oleoresin 40,000 CU OS; Paprika Oleoresin 40,000 CU WS; Paprika Oleoresin 60,000 CU; Paprika Oleoresin 80,000 CU",TDS.Specif. PP 60 asta ST hot 20.000 shu-rev. 3.pdf,Oleoresin,AWA Bio,AWA Bio,,24 months,,Paprika Oleoresin 1019,HDPE containers / standard food grade packaging,"Store in a cool, dry place away from direct sunlight",None declared,Dark red oil liquid Visual,"OLEORESIN PAPRIKA (Paprika): is obtained by solvent extraction of paprika, Capsicum annuum L.(family: Solanaceae) followed by washing with an alcoholic solvent to remove pungency"
289,Paprika Oleoresin 1020,Paprika Oleoresin,Snacks & Savory Seasonings,Topical Seasonings & Dusting,Potato Chips / Extruded Snacks,Standardized carotenoid color (ASTA / Color Units) combined with authentic sweet paprika aroma.,Yes,"No, but copied variant",Analyst Proposed,Inherited Sibling Specs (Direct TDS Required),[Catalog TDS Reference Linked]: TDS.Specif. PP 60 asta ST hot 20.000 shu-rev. 3.pdf | Note: Grade-specific active concentration & dosage left blank pending Supplier CoA.,Concentration / Grade Variant (Same Application),"Paprika Oleoresin 20,000 CU; Paprika Oleoresin 100,000 CU; Paprika Oleoresin 1000; Paprika Oleoresin 1001; Paprika Oleoresin 1002; Paprika Oleoresin 1003; Paprika Oleoresin 1004; Paprika Oleoresin 1005; Paprika Oleoresin 1006; Paprika Oleoresin 1007; Paprika Oleoresin 1008; Paprika Oleoresin 1009; Paprika Oleoresin 1010; Paprika Oleoresin 1011; Paprika Oleoresin 1012; Paprika Oleoresin 1013; Paprika Oleoresin 1014; Paprika Oleoresin 1015; Paprika Oleoresin 1016; Paprika Oleoresin 1017; Paprika Oleoresin 1018; Paprika Oleoresin 1019; Paprika Oleoresin 1021; Paprika Oleoresin 1022; Paprika Oleoresin 1023; Paprika Oleoresin 40,000 CU; Paprika Oleoresin 40,000 CU OS; Paprika Oleoresin 40,000 CU WS; Paprika Oleoresin 60,000 CU; Paprika Oleoresin 80,000 CU",TDS.Specif. PP 60 asta ST hot 20.000 shu-rev. 3.pdf,Oleoresin,AWA Bio,AWA Bio,,24 months,,Paprika Oleoresin 1020,HDPE containers / standard food grade packaging,"Store in a cool, dry place away from direct sunlight",None declared,Dark red oil liquid Visual,"OLEORESIN PAPRIKA (Paprika): is obtained by solvent extraction of paprika, Capsicum annuum L.(family: Solanaceae) followed by washing with an alcoholic solvent to remove pungency"
290,Paprika Oleoresin 1021,Paprika Oleoresin,Snacks & Savory Seasonings,Topical Seasonings & Dusting,Potato Chips / Extruded Snacks,Standardized carotenoid color (ASTA / Color Units) combined with authentic sweet paprika aroma.,Yes,"No, but copied variant",Analyst Proposed,Inherited Sibling Specs (Direct TDS Required),[Catalog TDS Reference Linked]: TDS.Specif. PP 60 asta ST hot 20.000 shu-rev. 3.pdf | Note: Grade-specific active concentration & dosage left blank pending Supplier CoA.,Concentration / Grade Variant (Same Application),"Paprika Oleoresin 20,000 CU; Paprika Oleoresin 100,000 CU; Paprika Oleoresin 1000; Paprika Oleoresin 1001; Paprika Oleoresin 1002; Paprika Oleoresin 1003; Paprika Oleoresin 1004; Paprika Oleoresin 1005; Paprika Oleoresin 1006; Paprika Oleoresin 1007; Paprika Oleoresin 1008; Paprika Oleoresin 1009; Paprika Oleoresin 1010; Paprika Oleoresin 1011; Paprika Oleoresin 1012; Paprika Oleoresin 1013; Paprika Oleoresin 1014; Paprika Oleoresin 1015; Paprika Oleoresin 1016; Paprika Oleoresin 1017; Paprika Oleoresin 1018; Paprika Oleoresin 1019; Paprika Oleoresin 1020; Paprika Oleoresin 1022; Paprika Oleoresin 1023; Paprika Oleoresin 40,000 CU; Paprika Oleoresin 40,000 CU OS; Paprika Oleoresin 40,000 CU WS; Paprika Oleoresin 60,000 CU; Paprika Oleoresin 80,000 CU",TDS.Specif. PP 60 asta ST hot 20.000 shu-rev. 3.pdf,Oleoresin,AWA Bio,AWA Bio,,24 months,,Paprika Oleoresin 1021,HDPE containers / standard food grade packaging,"Store in a cool, dry place away from direct sunlight",None declared,Dark red oil liquid Visual,"OLEORESIN PAPRIKA (Paprika): is obtained by solvent extraction of paprika, Capsicum annuum L.(family: Solanaceae) followed by washing with an alcoholic solvent to remove pungency"
291,Paprika Oleoresin 1022,Paprika Oleoresin,Snacks & Savory Seasonings,Topical Seasonings & Dusting,Potato Chips / Extruded Snacks,Standardized carotenoid color (ASTA / Color Units) combined with authentic sweet paprika aroma.,Yes,"No, but copied variant",Analyst Proposed,Inherited Sibling Specs (Direct TDS Required),[Catalog TDS Reference Linked]: TDS.Specif. PP 60 asta ST hot 20.000 shu-rev. 3.pdf | Note: Grade-specific active concentration & dosage left blank pending Supplier CoA.,Concentration / Grade Variant (Same Application),"Paprika Oleoresin 20,000 CU; Paprika Oleoresin 100,000 CU; Paprika Oleoresin 1000; Paprika Oleoresin 1001; Paprika Oleoresin 1002; Paprika Oleoresin 1003; Paprika Oleoresin 1004; Paprika Oleoresin 1005; Paprika Oleoresin 1006; Paprika Oleoresin 1007; Paprika Oleoresin 1008; Paprika Oleoresin 1009; Paprika Oleoresin 1010; Paprika Oleoresin 1011; Paprika Oleoresin 1012; Paprika Oleoresin 1013; Paprika Oleoresin 1014; Paprika Oleoresin 1015; Paprika Oleoresin 1016; Paprika Oleoresin 1017; Paprika Oleoresin 1018; Paprika Oleoresin 1019; Paprika Oleoresin 1020; Paprika Oleoresin 1021; Paprika Oleoresin 1023; Paprika Oleoresin 40,000 CU; Paprika Oleoresin 40,000 CU OS; Paprika Oleoresin 40,000 CU WS; Paprika Oleoresin 60,000 CU; Paprika Oleoresin 80,000 CU",TDS.Specif. PP 60 asta ST hot 20.000 shu-rev. 3.pdf,Oleoresin,AWA Bio,AWA Bio,,24 months,,Paprika Oleoresin 1022,HDPE containers / standard food grade packaging,"Store in a cool, dry place away from direct sunlight",None declared,Dark red oil liquid Visual,"OLEORESIN PAPRIKA (Paprika): is obtained by solvent extraction of paprika, Capsicum annuum L.(family: Solanaceae) followed by washing with an alcoholic solvent to remove pungency"
292,Paprika Oleoresin 1023,Paprika Oleoresin,Snacks & Savory Seasonings,Topical Seasonings & Dusting,Potato Chips / Extruded Snacks,Standardized carotenoid color (ASTA / Color Units) combined with authentic sweet paprika aroma.,Yes,"No, but copied variant",Analyst Proposed,Inherited Sibling Specs (Direct TDS Required),[Catalog TDS Reference Linked]: TDS.Specif. PP 60 asta ST hot 20.000 shu-rev. 3.pdf | Note: Grade-specific active concentration & dosage left blank pending Supplier CoA.,Concentration / Grade Variant (Same Application),"Paprika Oleoresin 20,000 CU; Paprika Oleoresin 100,000 CU; Paprika Oleoresin 1000; Paprika Oleoresin 1001; Paprika Oleoresin 1002; Paprika Oleoresin 1003; Paprika Oleoresin 1004; Paprika Oleoresin 1005; Paprika Oleoresin 1006; Paprika Oleoresin 1007; Paprika Oleoresin 1008; Paprika Oleoresin 1009; Paprika Oleoresin 1010; Paprika Oleoresin 1011; Paprika Oleoresin 1012; Paprika Oleoresin 1013; Paprika Oleoresin 1014; Paprika Oleoresin 1015; Paprika Oleoresin 1016; Paprika Oleoresin 1017; Paprika Oleoresin 1018; Paprika Oleoresin 1019; Paprika Oleoresin 1020; Paprika Oleoresin 1021; Paprika Oleoresin 1022; Paprika Oleoresin 40,000 CU; Paprika Oleoresin 40,000 CU OS; Paprika Oleoresin 40,000 CU WS; Paprika Oleoresin 60,000 CU; Paprika Oleoresin 80,000 CU",TDS.Specif. PP 60 asta ST hot 20.000 shu-rev. 3.pdf,Oleoresin,AWA Bio,AWA Bio,,24 months,,Paprika Oleoresin 1023,HDPE containers / standard food grade packaging,"Store in a cool, dry place away from direct sunlight",None declared,Dark red oil liquid Visual,"OLEORESIN PAPRIKA (Paprika): is obtained by solvent extraction of paprika, Capsicum annuum L.(family: Solanaceae) followed by washing with an alcoholic solvent to remove pungency"
293,"Paprika Oleoresin 40,000 CU",Paprika Oleoresin,Snacks & Savory Seasonings,Topical Seasonings & Dusting,Potato Chips / Extruded Snacks,Standardized carotenoid color (ASTA / Color Units) combined with authentic sweet paprika aroma.,Yes,"No, but copied variant",Analyst Proposed,Inherited Sibling Specs (Direct TDS Required),[Catalog TDS Reference Linked]: TDS.Specif. PP 60 asta ST hot 20.000 shu-rev. 3.pdf | Note: Grade-specific active concentration & dosage left blank pending Supplier CoA.,Concentration / Grade Variant (Same Application),"Paprika Oleoresin 20,000 CU; Paprika Oleoresin 100,000 CU; Paprika Oleoresin 1000; Paprika Oleoresin 1001; Paprika Oleoresin 1002; Paprika Oleoresin 1003; Paprika Oleoresin 1004; Paprika Oleoresin 1005; Paprika Oleoresin 1006; Paprika Oleoresin 1007; Paprika Oleoresin 1008; Paprika Oleoresin 1009; Paprika Oleoresin 1010; Paprika Oleoresin 1011; Paprika Oleoresin 1012; Paprika Oleoresin 1013; Paprika Oleoresin 1014; Paprika Oleoresin 1015; Paprika Oleoresin 1016; Paprika Oleoresin 1017; Paprika Oleoresin 1018; Paprika Oleoresin 1019; Paprika Oleoresin 1020; Paprika Oleoresin 1021; Paprika Oleoresin 1022; Paprika Oleoresin 1023; Paprika Oleoresin 40,000 CU OS; Paprika Oleoresin 40,000 CU WS; Paprika Oleoresin 60,000 CU; Paprika Oleoresin 80,000 CU",TDS.Specif. PP 60 asta ST hot 20.000 shu-rev. 3.pdf,Oleoresin,AWA Bio,AWA Bio,,24 months,,"Paprika Oleoresin 40,000 CU",000 CU,"Store in a cool, dry place away from direct sunlight",None declared,Dark red oil liquid Visual,"OLEORESIN PAPRIKA (Paprika): is obtained by solvent extraction of paprika, Capsicum annuum L.(family: Solanaceae) followed by washing with an alcoholic solvent to remove pungency"
294,"Paprika Oleoresin 40,000 CU OS",Paprika Oleoresin,Snacks & Savory Seasonings,Topical Seasonings & Dusting,Potato Chips / Extruded Snacks,Standardized carotenoid color (ASTA / Color Units) combined with authentic sweet paprika aroma.,Yes,"No, but copied variant",Analyst Proposed,Inherited Sibling Specs (Direct TDS Required),[Catalog TDS Reference Linked]: TDS.Specif. PP 60 asta ST hot 20.000 shu-rev. 3.pdf | Note: Grade-specific active concentration & dosage left blank pending Supplier CoA.,Concentration / Grade Variant (Same Application),"Paprika Oleoresin 20,000 CU; Paprika Oleoresin 100,000 CU; Paprika Oleoresin 1000; Paprika Oleoresin 1001; Paprika Oleoresin 1002; Paprika Oleoresin 1003; Paprika Oleoresin 1004; Paprika Oleoresin 1005; Paprika Oleoresin 1006; Paprika Oleoresin 1007; Paprika Oleoresin 1008; Paprika Oleoresin 1009; Paprika Oleoresin 1010; Paprika Oleoresin 1011; Paprika Oleoresin 1012; Paprika Oleoresin 1013; Paprika Oleoresin 1014; Paprika Oleoresin 1015; Paprika Oleoresin 1016; Paprika Oleoresin 1017; Paprika Oleoresin 1018; Paprika Oleoresin 1019; Paprika Oleoresin 1020; Paprika Oleoresin 1021; Paprika Oleoresin 1022; Paprika Oleoresin 1023; Paprika Oleoresin 40,000 CU; Paprika Oleoresin 40,000 CU WS; Paprika Oleoresin 60,000 CU; Paprika Oleoresin 80,000 CU",TDS.Specif. PP 60 asta ST hot 20.000 shu-rev. 3.pdf,Oleoresin,AWA Bio,AWA Bio,,24 months,,"Paprika Oleoresin 40,000 CU OS",000 CU,"Store in a cool, dry place away from direct sunlight",None declared,Dark red oil liquid Visual,"OLEORESIN PAPRIKA (Paprika): is obtained by solvent extraction of paprika, Capsicum annuum L.(family: Solanaceae) followed by washing with an alcoholic solvent to remove pungency"
295,"Paprika Oleoresin 40,000 CU WS",Paprika Oleoresin,Snacks & Savory Seasonings,Topical Seasonings & Dusting,Potato Chips / Extruded Snacks,Standardized carotenoid color (ASTA / Color Units) combined with authentic sweet paprika aroma.,Yes,"No, but copied variant",Analyst Proposed,Inherited Sibling Specs (Direct TDS Required),[Catalog TDS Reference Linked]: TDS.Specif. PP 60 asta ST hot 20.000 shu-rev. 3.pdf | Note: Grade-specific active concentration & dosage left blank pending Supplier CoA.,Concentration / Grade Variant (Same Application),"Paprika Oleoresin 20,000 CU; Paprika Oleoresin 100,000 CU; Paprika Oleoresin 1000; Paprika Oleoresin 1001; Paprika Oleoresin 1002; Paprika Oleoresin 1003; Paprika Oleoresin 1004; Paprika Oleoresin 1005; Paprika Oleoresin 1006; Paprika Oleoresin 1007; Paprika Oleoresin 1008; Paprika Oleoresin 1009; Paprika Oleoresin 1010; Paprika Oleoresin 1011; Paprika Oleoresin 1012; Paprika Oleoresin 1013; Paprika Oleoresin 1014; Paprika Oleoresin 1015; Paprika Oleoresin 1016; Paprika Oleoresin 1017; Paprika Oleoresin 1018; Paprika Oleoresin 1019; Paprika Oleoresin 1020; Paprika Oleoresin 1021; Paprika Oleoresin 1022; Paprika Oleoresin 1023; Paprika Oleoresin 40,000 CU; Paprika Oleoresin 40,000 CU OS; Paprika Oleoresin 60,000 CU; Paprika Oleoresin 80,000 CU",TDS.Specif. PP 60 asta ST hot 20.000 shu-rev. 3.pdf,Oleoresin,AWA Bio,AWA Bio,,24 months,,"Paprika Oleoresin 40,000 CU WS",000 CU,"Store in a cool, dry place away from direct sunlight",None declared,Dark red oil liquid Visual,"OLEORESIN PAPRIKA (Paprika): is obtained by solvent extraction of paprika, Capsicum annuum L.(family: Solanaceae) followed by washing with an alcoholic solvent to remove pungency"
296,"Paprika Oleoresin 60,000 CU",Paprika Oleoresin,Snacks & Savory Seasonings,Topical Seasonings & Dusting,Potato Chips / Extruded Snacks,Standardized carotenoid color (ASTA / Color Units) combined with authentic sweet paprika aroma.,Yes,"No, but copied variant",Analyst Proposed,Inherited Sibling Specs (Direct TDS Required),[Catalog TDS Reference Linked]: TDS.Specif. PP 60 asta ST hot 20.000 shu-rev. 3.pdf | Note: Grade-specific active concentration & dosage left blank pending Supplier CoA.,Concentration / Grade Variant (Same Application),"Paprika Oleoresin 20,000 CU; Paprika Oleoresin 100,000 CU; Paprika Oleoresin 1000; Paprika Oleoresin 1001; Paprika Oleoresin 1002; Paprika Oleoresin 1003; Paprika Oleoresin 1004; Paprika Oleoresin 1005; Paprika Oleoresin 1006; Paprika Oleoresin 1007; Paprika Oleoresin 1008; Paprika Oleoresin 1009; Paprika Oleoresin 1010; Paprika Oleoresin 1011; Paprika Oleoresin 1012; Paprika Oleoresin 1013; Paprika Oleoresin 1014; Paprika Oleoresin 1015; Paprika Oleoresin 1016; Paprika Oleoresin 1017; Paprika Oleoresin 1018; Paprika Oleoresin 1019; Paprika Oleoresin 1020; Paprika Oleoresin 1021; Paprika Oleoresin 1022; Paprika Oleoresin 1023; Paprika Oleoresin 40,000 CU; Paprika Oleoresin 40,000 CU OS; Paprika Oleoresin 40,000 CU WS; Paprika Oleoresin 80,000 CU",TDS.Specif. PP 60 asta ST hot 20.000 shu-rev. 3.pdf,Oleoresin,AWA Bio,AWA Bio,,24 months,,"Paprika Oleoresin 60,000 CU",000 CU,"Store in a cool, dry place away from direct sunlight",None declared,Dark red oil liquid Visual,"OLEORESIN PAPRIKA (Paprika): is obtained by solvent extraction of paprika, Capsicum annuum L.(family: Solanaceae) followed by washing with an alcoholic solvent to remove pungency"
297,"Paprika Oleoresin 80,000 CU",Paprika Oleoresin,Snacks & Savory Seasonings,Topical Seasonings & Dusting,Potato Chips / Extruded Snacks,Standardized carotenoid color (ASTA / Color Units) combined with authentic sweet paprika aroma.,Yes,"No, but copied variant",Analyst Proposed,Inherited Sibling Specs (Direct TDS Required),[Catalog TDS Reference Linked]: TDS.Specif. PP 60 asta ST hot 20.000 shu-rev. 3.pdf | Note: Grade-specific active concentration & dosage left blank pending Supplier CoA.,Concentration / Grade Variant (Same Application),"Paprika Oleoresin 20,000 CU; Paprika Oleoresin 100,000 CU; Paprika Oleoresin 1000; Paprika Oleoresin 1001; Paprika Oleoresin 1002; Paprika Oleoresin 1003; Paprika Oleoresin 1004; Paprika Oleoresin 1005; Paprika Oleoresin 1006; Paprika Oleoresin 1007; Paprika Oleoresin 1008; Paprika Oleoresin 1009; Paprika Oleoresin 1010; Paprika Oleoresin 1011; Paprika Oleoresin 1012; Paprika Oleoresin 1013; Paprika Oleoresin 1014; Paprika Oleoresin 1015; Paprika Oleoresin 1016; Paprika Oleoresin 1017; Paprika Oleoresin 1018; Paprika Oleoresin 1019; Paprika Oleoresin 1020; Paprika Oleoresin 1021; Paprika Oleoresin 1022; Paprika Oleoresin 1023; Paprika Oleoresin 40,000 CU; Paprika Oleoresin 40,000 CU OS; Paprika Oleoresin 40,000 CU WS; Paprika Oleoresin 60,000 CU",TDS.Specif. PP 60 asta ST hot 20.000 shu-rev. 3.pdf,Oleoresin,AWA Bio,AWA Bio,,24 months,,"Paprika Oleoresin 80,000 CU",000 CU,"Store in a cool, dry place away from direct sunlight",None declared,Dark red oil liquid Visual,"OLEORESIN PAPRIKA (Paprika): is obtained by solvent extraction of paprika, Capsicum annuum L.(family: Solanaceae) followed by washing with an alcoholic solvent to remove pungency"
298,Parsley Oleoresin 1001,Parsley Oleoresin,Snacks & Savory Seasonings,Topical Seasonings & Dusting,Potato Chips / Extruded Snacks,Concentrated standardized spice flavor profile for topical dusting and snacks.,Yes,Not found for any variants,Analyst Proposed,Missing TDS - Urgent R&D Request,[Catalog TDS Reference Linked]: Oleoresins (TDS)s.pdf | Note: Grade-specific active concentration & dosage left blank pending Supplier CoA.,Concentration / Grade Variant (Same Application),Parsley Oleoresin 1002; Parsley Oleoresin 1003,Oleoresins (TDS)s.pdf,Oleoresin,AWA Bio,AWA Bio,,24 months,,Parsley Oleoresin 1001,25 kg,"Store in a cool, dry place away from direct sunlight",None declared,,"Parsley Oleoresin 1001, food grade industrial ingredient."
299,Parsley Oleoresin 1002,Parsley Oleoresin,Snacks & Savory Seasonings,Topical Seasonings & Dusting,Potato Chips / Extruded Snacks,Concentrated standardized spice flavor profile for topical dusting and snacks.,Yes,Not found for any variants,Analyst Proposed,Missing TDS - Urgent R&D Request,[Catalog TDS Reference Linked]: Oleoresins (TDS)s.pdf | Note: Grade-specific active concentration & dosage left blank pending Supplier CoA.,Concentration / Grade Variant (Same Application),Parsley Oleoresin 1001; Parsley Oleoresin 1003,Oleoresins (TDS)s.pdf,Oleoresin,AWA Bio,AWA Bio,,24 months,,Parsley Oleoresin 1002,25 kg,"Store in a cool, dry place away from direct sunlight",None declared,,"Parsley Oleoresin 1002, food grade industrial ingredient."
300,Parsley Oleoresin 1003,Parsley Oleoresin,Snacks & Savory Seasonings,Topical Seasonings & Dusting,Potato Chips / Extruded Snacks,Concentrated standardized spice flavor profile for topical dusting and snacks.,Yes,Not found for any variants,Analyst Proposed,Missing TDS - Urgent R&D Request,[Catalog TDS Reference Linked]: Oleoresins (TDS)s.pdf | Note: Grade-specific active concentration & dosage left blank pending Supplier CoA.,Concentration / Grade Variant (Same Application),Parsley Oleoresin 1001; Parsley Oleoresin 1002,Oleoresins (TDS)s.pdf,Oleoresin,AWA Bio,AWA Bio,,24 months,,Parsley Oleoresin 1003,25 kg,"Store in a cool, dry place away from direct sunlight",None declared,,"Parsley Oleoresin 1003, food grade industrial ingredient."
301,PDI Salt-Local-50kg,PDI Salt-Local-50kg,Meat & Poultry,Processed Meat,Emulsified Sausages & Restructured Meat,"Optimizes meat protein binding, cured color fixation, texture cross-linking, and shelf-life extension in sausages, luncheon, and beef pastrami.",No,"No, and doesn't have variants",Analyst Proposed,Missing TDS - Urgent R&D Request,[Catalog TDS Reference Linked]: Bio Ingredints Portfolio B2B.PDF | Note: Grade-specific active concentration & dosage left blank pending Supplier CoA.,Single Product,None,Bio Ingredints Portfolio B2B.PDF,Food Ingredient,AWA Food Solutions,AWA Food Solutions,,24 months,,PDI Salt-Local-50kg,50kg,"Store in a cool, dry place away from direct sunlight",None declared,,"PDI Salt-Local-50kg, food grade industrial ingredient."
302,Pectin 105C,Pectin Functional Systems,Bakery,Pastry Fillings,Bake-Stable Jams & Pie Fillings,Bake-stable gelling resisting boil-out during oven baking.,Yes,Not found for any variants,Analyst Proposed,Missing TDS - Urgent R&D Request,[Catalog TDS Reference Linked]: Bio Ingredints Portfolio B2B.PDF | Note: Grade-specific active concentration & dosage left blank pending Supplier CoA.,Concentration / Grade Variant (Same Application),AGLUPECTIN HS-MR; AGLUPECTIN HS-R-E440(I); AGLUPECTIN HS-SB13Z; Pectin CE 514; Pectin LM 101 AS; Pectin LM 102 AS; Pectin LM 104 AS; Pectin LM 104 AS - FS; Pectin LM 106 AS-YA; Pectin LM104 AS (100); Pectin Ultra,Bio Ingredints Portfolio B2B.PDF,Pectin / Hydrocolloid,AWA Food Solutions,Ingreva,,24 months,,Pectin 105C,25 kg,"Store in a cool, dry place away from direct sunlight",None declared,,"Pectin 105C, food grade industrial ingredient."
303,Pectin CE 514,Pectin Functional Systems,Confectionery,Gel Confectionery,Gummies / Jellies,Produces clear elastic gummy jellies with fast setting time and high heat stability.,Yes,Not found for any variants,Analyst Proposed,Missing TDS - Urgent R&D Request,[Catalog TDS Reference Linked]: Bio Ingredints Portfolio B2B.PDF | Note: Grade-specific active concentration & dosage left blank pending Supplier CoA.,Concentration / Grade Variant (Same Application),AGLUPECTIN HS-MR; AGLUPECTIN HS-R-E440(I); AGLUPECTIN HS-SB13Z; Pectin 105C; Pectin LM 101 AS; Pectin LM 102 AS; Pectin LM 104 AS; Pectin LM 104 AS - FS; Pectin LM 106 AS-YA; Pectin LM104 AS (100); Pectin Ultra,Bio Ingredints Portfolio B2B.PDF,Pectin / Hydrocolloid,AWA Food Solutions,Ingreva,,24 months,,Pectin CE 514,25 kg,"Store in a cool, dry place away from direct sunlight",None declared,,"Pectin CE 514, food grade industrial ingredient."
304,Pectin LM 101 AS,Pectin Functional Systems,Bakery,Pastry Fillings,Bake-Stable Jams & Pie Fillings,Bake-stable gelling resisting boil-out during oven baking.,Yes,Not found for any variants,Analyst Proposed,Missing TDS - Urgent R&D Request,[Catalog TDS Reference Linked]: Bio Ingredints Portfolio B2B.PDF | Note: Grade-specific active concentration & dosage left blank pending Supplier CoA.,Concentration / Grade Variant (Same Application),AGLUPECTIN HS-MR; AGLUPECTIN HS-R-E440(I); AGLUPECTIN HS-SB13Z; Pectin 105C; Pectin CE 514; Pectin LM 102 AS; Pectin LM 104 AS; Pectin LM 104 AS - FS; Pectin LM 106 AS-YA; Pectin LM104 AS (100); Pectin Ultra,Bio Ingredints Portfolio B2B.PDF,Pectin / Hydrocolloid,AWA Food Solutions,Ingreva,,24 months,,Pectin LM 101 AS,25 kg,"Store in a cool, dry place away from direct sunlight",None declared,,"Pectin LM 101 AS, food grade industrial ingredient."
305,Pectin LM 102 AS,Pectin Functional Systems,Bakery,Pastry Fillings,Bake-Stable Jams & Pie Fillings,Bake-stable gelling resisting boil-out during oven baking.,Yes,Not found for any variants,Analyst Proposed,Missing TDS - Urgent R&D Request,[Catalog TDS Reference Linked]: Bio Ingredints Portfolio B2B.PDF | Note: Grade-specific active concentration & dosage left blank pending Supplier CoA.,Concentration / Grade Variant (Same Application),AGLUPECTIN HS-MR; AGLUPECTIN HS-R-E440(I); AGLUPECTIN HS-SB13Z; Pectin 105C; Pectin CE 514; Pectin LM 101 AS; Pectin LM 104 AS; Pectin LM 104 AS - FS; Pectin LM 106 AS-YA; Pectin LM104 AS (100); Pectin Ultra,Bio Ingredints Portfolio B2B.PDF,Pectin / Hydrocolloid,AWA Food Solutions,Ingreva,,24 months,,Pectin LM 102 AS,25 kg,"Store in a cool, dry place away from direct sunlight",None declared,,"Pectin LM 102 AS, food grade industrial ingredient."
306,Pectin LM 104 AS,Pectin Functional Systems,Bakery,Pastry Fillings,Bake-Stable Jams & Pie Fillings,Bake-stable gelling resisting boil-out during oven baking.,Yes,Not found for any variants,Analyst Proposed,Missing TDS - Urgent R&D Request,[Catalog TDS Reference Linked]: Bio Ingredints Portfolio B2B.PDF | Note: Grade-specific active concentration & dosage left blank pending Supplier CoA.,Concentration / Grade Variant (Same Application),AGLUPECTIN HS-MR; AGLUPECTIN HS-R-E440(I); AGLUPECTIN HS-SB13Z; Pectin 105C; Pectin CE 514; Pectin LM 101 AS; Pectin LM 102 AS; Pectin LM 104 AS - FS; Pectin LM 106 AS-YA; Pectin LM104 AS (100); Pectin Ultra,Bio Ingredints Portfolio B2B.PDF,Pectin / Hydrocolloid,AWA Food Solutions,Ingreva,,24 months,,Pectin LM 104 AS,25 kg,"Store in a cool, dry place away from direct sunlight",None declared,,"Pectin LM 104 AS, food grade industrial ingredient."
307,Pectin LM 104 AS - FS,Pectin Functional Systems,Bakery,Pastry Fillings,Bake-Stable Jams & Pie Fillings,Bake-stable gelling resisting boil-out during oven baking.,Yes,Not found for any variants,Analyst Proposed,Missing TDS - Urgent R&D Request,[Catalog TDS Reference Linked]: Bio Ingredints Portfolio B2B.PDF | Note: Grade-specific active concentration & dosage left blank pending Supplier CoA.,Concentration / Grade Variant (Same Application),AGLUPECTIN HS-MR; AGLUPECTIN HS-R-E440(I); AGLUPECTIN HS-SB13Z; Pectin 105C; Pectin CE 514; Pectin LM 101 AS; Pectin LM 102 AS; Pectin LM 104 AS; Pectin LM 106 AS-YA; Pectin LM104 AS (100); Pectin Ultra,Bio Ingredints Portfolio B2B.PDF,Pectin / Hydrocolloid,AWA Food Solutions,Ingreva,,24 months,,Pectin LM 104 AS - FS,25 kg,"Store in a cool, dry place away from direct sunlight",None declared,,"Pectin LM 104 AS - FS, food grade industrial ingredient."
308,Pectin LM 106 AS-YA,Pectin Functional Systems,Bakery,Pastry Fillings,Bake-Stable Jams & Pie Fillings,Bake-stable gelling resisting boil-out during oven baking.,Yes,Not found for any variants,Analyst Proposed,Missing TDS - Urgent R&D Request,[Catalog TDS Reference Linked]: Bio Ingredints Portfolio B2B.PDF | Note: Grade-specific active concentration & dosage left blank pending Supplier CoA.,Concentration / Grade Variant (Same Application),AGLUPECTIN HS-MR; AGLUPECTIN HS-R-E440(I); AGLUPECTIN HS-SB13Z; Pectin 105C; Pectin CE 514; Pectin LM 101 AS; Pectin LM 102 AS; Pectin LM 104 AS; Pectin LM 104 AS - FS; Pectin LM104 AS (100); Pectin Ultra,Bio Ingredints Portfolio B2B.PDF,Pectin / Hydrocolloid,AWA Food Solutions,Ingreva,,24 months,,Pectin LM 106 AS-YA,25 kg,"Store in a cool, dry place away from direct sunlight",None declared,,"Pectin LM 106 AS-YA, food grade industrial ingredient."
309,Pectin LM104 AS (100),Pectin Functional Systems,Bakery,Pastry Fillings,Bake-Stable Jams & Pie Fillings,Bake-stable gelling resisting boil-out during oven baking.,Yes,Not found for any variants,Analyst Proposed,Missing TDS - Urgent R&D Request,[Catalog TDS Reference Linked]: Bio Ingredints Portfolio B2B.PDF | Note: Grade-specific active concentration & dosage left blank pending Supplier CoA.,Concentration / Grade Variant (Same Application),AGLUPECTIN HS-MR; AGLUPECTIN HS-R-E440(I); AGLUPECTIN HS-SB13Z; Pectin 105C; Pectin CE 514; Pectin LM 101 AS; Pectin LM 102 AS; Pectin LM 104 AS; Pectin LM 104 AS - FS; Pectin LM 106 AS-YA; Pectin Ultra,Bio Ingredints Portfolio B2B.PDF,Pectin / Hydrocolloid,AWA Food Solutions,Ingreva,,24 months,,Pectin LM104 AS (100),25 kg,"Store in a cool, dry place away from direct sunlight",None declared,,"Pectin LM104 AS (100), food grade industrial ingredient."
310,Pectin Ultra,Pectin Functional Systems,Confectionery,Gel Confectionery,Gummies / Jellies,Produces clear elastic gummy jellies with fast setting time and high heat stability.,Yes,Not found for any variants,Analyst Proposed,Missing TDS - Urgent R&D Request,[Catalog TDS Reference Linked]: Bio Ingredints Portfolio B2B.PDF | Note: Grade-specific active concentration & dosage left blank pending Supplier CoA.,Concentration / Grade Variant (Same Application),AGLUPECTIN HS-MR; AGLUPECTIN HS-R-E440(I); AGLUPECTIN HS-SB13Z; Pectin 105C; Pectin CE 514; Pectin LM 101 AS; Pectin LM 102 AS; Pectin LM 104 AS; Pectin LM 104 AS - FS; Pectin LM 106 AS-YA; Pectin LM104 AS (100),Bio Ingredints Portfolio B2B.PDF,Pectin / Hydrocolloid,AWA Food Solutions,Ingreva,,24 months,,Pectin Ultra,25 kg,"Store in a cool, dry place away from direct sunlight",None declared,,"Pectin Ultra, food grade industrial ingredient."
311,Pepper Black Oleoresin 1002,Pepper Black Oleoresin,Snacks & Savory Seasonings,Topical Seasonings & Dusting,Potato Chips / Extruded Snacks,Instant pungent piperine impact and uniform distribution on potato/corn chips.,Yes,"No, but copied variant",Analyst Proposed,Inherited Sibling Specs (Direct TDS Required),[Catalog TDS Reference Linked]: Oleoresin Black Pepper (Oleoresins).pdf | Note: Grade-specific active concentration & dosage left blank pending Supplier CoA.,Concentration / Grade Variant (Same Application),Pepper Black Oleoresin 1001; Pepper Black Oleoresin 1001; Pepper Black Oleoresin 1003; Pepper Black Oleoresin 1004; Pepper Black Oleoresin 1005; Pepper Black Oleoresin 1006; Pepper Black Oleoresin 1007; Pepper Black Oleoresin 1008; Pepper Black Oleoresin 1009; Pepper Black Oleoresin 1010; Pepper Black Oleoresin 1011; Pepper Black Oleoresin 1012; Pepper Black Oleoresin 1013; Pepper Black Oleoresin 1014; Pepper Black Oleoresin 1015; Pepper Black Oleoresin 1016; Pepper Black Oleoresin 1017; Pepper Black Oleoresin 1018; Pepper Black Oleoresin 1019; Pepper Black Oleoresin 1020; Pepper Black Oleoresin 1021; Pepper Black Oleoresin 1022; Pepper Black Oleoresin 1023; Pepper Black Oleoresin 1024; Pepper Black Oleoresin 1025; Pepper Black Oleoresin 1026; Pepper Black Oleoresin 1027; Pepper Black Oleoresin 1028; Pepper Black Oleoresin 1029; Pepper Black Oleoresin 1030; Pepper Black Oleoresin 1031; Pepper Black Oleoresin 1032; Pepper Black Oleoresin 40/20,Oleoresin Black Pepper (Oleoresins).pdf,Oleoresin,AWA Bio,AWA Bio,,24 months,,Pepper Black Oleoresin 1002,25 kg,"Store in a cool, dry place away from direct sunlight",None declared,,"Pepper Black Oleoresin 1002, food grade industrial ingredient."
312,Pepper Black Oleoresin 1003,Pepper Black Oleoresin,Snacks & Savory Seasonings,Topical Seasonings & Dusting,Potato Chips / Extruded Snacks,Instant pungent piperine impact and uniform distribution on potato/corn chips.,Yes,"No, but copied variant",Analyst Proposed,Inherited Sibling Specs (Direct TDS Required),[Catalog TDS Reference Linked]: Oleoresin Black Pepper (Oleoresins).pdf | Note: Grade-specific active concentration & dosage left blank pending Supplier CoA.,Concentration / Grade Variant (Same Application),Pepper Black Oleoresin 1001; Pepper Black Oleoresin 1001; Pepper Black Oleoresin 1002; Pepper Black Oleoresin 1004; Pepper Black Oleoresin 1005; Pepper Black Oleoresin 1006; Pepper Black Oleoresin 1007; Pepper Black Oleoresin 1008; Pepper Black Oleoresin 1009; Pepper Black Oleoresin 1010; Pepper Black Oleoresin 1011; Pepper Black Oleoresin 1012; Pepper Black Oleoresin 1013; Pepper Black Oleoresin 1014; Pepper Black Oleoresin 1015; Pepper Black Oleoresin 1016; Pepper Black Oleoresin 1017; Pepper Black Oleoresin 1018; Pepper Black Oleoresin 1019; Pepper Black Oleoresin 1020; Pepper Black Oleoresin 1021; Pepper Black Oleoresin 1022; Pepper Black Oleoresin 1023; Pepper Black Oleoresin 1024; Pepper Black Oleoresin 1025; Pepper Black Oleoresin 1026; Pepper Black Oleoresin 1027; Pepper Black Oleoresin 1028; Pepper Black Oleoresin 1029; Pepper Black Oleoresin 1030; Pepper Black Oleoresin 1031; Pepper Black Oleoresin 1032; Pepper Black Oleoresin 40/20,Oleoresin Black Pepper (Oleoresins).pdf,Oleoresin,AWA Bio,AWA Bio,,24 months,,Pepper Black Oleoresin 1003,25 kg,"Store in a cool, dry place away from direct sunlight",None declared,,"Pepper Black Oleoresin 1003, food grade industrial ingredient."
313,Pepper Black Oleoresin 1004,Pepper Black Oleoresin,Snacks & Savory Seasonings,Topical Seasonings & Dusting,Potato Chips / Extruded Snacks,Instant pungent piperine impact and uniform distribution on potato/corn chips.,Yes,"No, but copied variant",Analyst Proposed,Inherited Sibling Specs (Direct TDS Required),[Catalog TDS Reference Linked]: Oleoresin Black Pepper (Oleoresins).pdf | Note: Grade-specific active concentration & dosage left blank pending Supplier CoA.,Concentration / Grade Variant (Same Application),Pepper Black Oleoresin 1001; Pepper Black Oleoresin 1001; Pepper Black Oleoresin 1002; Pepper Black Oleoresin 1003; Pepper Black Oleoresin 1005; Pepper Black Oleoresin 1006; Pepper Black Oleoresin 1007; Pepper Black Oleoresin 1008; Pepper Black Oleoresin 1009; Pepper Black Oleoresin 1010; Pepper Black Oleoresin 1011; Pepper Black Oleoresin 1012; Pepper Black Oleoresin 1013; Pepper Black Oleoresin 1014; Pepper Black Oleoresin 1015; Pepper Black Oleoresin 1016; Pepper Black Oleoresin 1017; Pepper Black Oleoresin 1018; Pepper Black Oleoresin 1019; Pepper Black Oleoresin 1020; Pepper Black Oleoresin 1021; Pepper Black Oleoresin 1022; Pepper Black Oleoresin 1023; Pepper Black Oleoresin 1024; Pepper Black Oleoresin 1025; Pepper Black Oleoresin 1026; Pepper Black Oleoresin 1027; Pepper Black Oleoresin 1028; Pepper Black Oleoresin 1029; Pepper Black Oleoresin 1030; Pepper Black Oleoresin 1031; Pepper Black Oleoresin 1032; Pepper Black Oleoresin 40/20,Oleoresin Black Pepper (Oleoresins).pdf,Oleoresin,AWA Bio,AWA Bio,,24 months,,Pepper Black Oleoresin 1004,25 kg,"Store in a cool, dry place away from direct sunlight",None declared,,"Pepper Black Oleoresin 1004, food grade industrial ingredient."
314,Pepper Black Oleoresin 1005,Pepper Black Oleoresin,Snacks & Savory Seasonings,Topical Seasonings & Dusting,Potato Chips / Extruded Snacks,Instant pungent piperine impact and uniform distribution on potato/corn chips.,Yes,"No, but copied variant",Analyst Proposed,Inherited Sibling Specs (Direct TDS Required),[Catalog TDS Reference Linked]: Oleoresin Black Pepper (Oleoresins).pdf | Note: Grade-specific active concentration & dosage left blank pending Supplier CoA.,Concentration / Grade Variant (Same Application),Pepper Black Oleoresin 1001; Pepper Black Oleoresin 1001; Pepper Black Oleoresin 1002; Pepper Black Oleoresin 1003; Pepper Black Oleoresin 1004; Pepper Black Oleoresin 1006; Pepper Black Oleoresin 1007; Pepper Black Oleoresin 1008; Pepper Black Oleoresin 1009; Pepper Black Oleoresin 1010; Pepper Black Oleoresin 1011; Pepper Black Oleoresin 1012; Pepper Black Oleoresin 1013; Pepper Black Oleoresin 1014; Pepper Black Oleoresin 1015; Pepper Black Oleoresin 1016; Pepper Black Oleoresin 1017; Pepper Black Oleoresin 1018; Pepper Black Oleoresin 1019; Pepper Black Oleoresin 1020; Pepper Black Oleoresin 1021; Pepper Black Oleoresin 1022; Pepper Black Oleoresin 1023; Pepper Black Oleoresin 1024; Pepper Black Oleoresin 1025; Pepper Black Oleoresin 1026; Pepper Black Oleoresin 1027; Pepper Black Oleoresin 1028; Pepper Black Oleoresin 1029; Pepper Black Oleoresin 1030; Pepper Black Oleoresin 1031; Pepper Black Oleoresin 1032; Pepper Black Oleoresin 40/20,Oleoresin Black Pepper (Oleoresins).pdf,Oleoresin,AWA Bio,AWA Bio,,24 months,,Pepper Black Oleoresin 1005,25 kg,"Store in a cool, dry place away from direct sunlight",None declared,,"Pepper Black Oleoresin 1005, food grade industrial ingredient."
315,Pepper Black Oleoresin 1006,Pepper Black Oleoresin,Snacks & Savory Seasonings,Topical Seasonings & Dusting,Potato Chips / Extruded Snacks,Instant pungent piperine impact and uniform distribution on potato/corn chips.,Yes,"No, but copied variant",Analyst Proposed,Inherited Sibling Specs (Direct TDS Required),[Catalog TDS Reference Linked]: Oleoresin Black Pepper (Oleoresins).pdf | Note: Grade-specific active concentration & dosage left blank pending Supplier CoA.,Concentration / Grade Variant (Same Application),Pepper Black Oleoresin 1001; Pepper Black Oleoresin 1001; Pepper Black Oleoresin 1002; Pepper Black Oleoresin 1003; Pepper Black Oleoresin 1004; Pepper Black Oleoresin 1005; Pepper Black Oleoresin 1007; Pepper Black Oleoresin 1008; Pepper Black Oleoresin 1009; Pepper Black Oleoresin 1010; Pepper Black Oleoresin 1011; Pepper Black Oleoresin 1012; Pepper Black Oleoresin 1013; Pepper Black Oleoresin 1014; Pepper Black Oleoresin 1015; Pepper Black Oleoresin 1016; Pepper Black Oleoresin 1017; Pepper Black Oleoresin 1018; Pepper Black Oleoresin 1019; Pepper Black Oleoresin 1020; Pepper Black Oleoresin 1021; Pepper Black Oleoresin 1022; Pepper Black Oleoresin 1023; Pepper Black Oleoresin 1024; Pepper Black Oleoresin 1025; Pepper Black Oleoresin 1026; Pepper Black Oleoresin 1027; Pepper Black Oleoresin 1028; Pepper Black Oleoresin 1029; Pepper Black Oleoresin 1030; Pepper Black Oleoresin 1031; Pepper Black Oleoresin 1032; Pepper Black Oleoresin 40/20,Oleoresin Black Pepper (Oleoresins).pdf,Oleoresin,AWA Bio,AWA Bio,,24 months,,Pepper Black Oleoresin 1006,25 kg,"Store in a cool, dry place away from direct sunlight",None declared,,"Pepper Black Oleoresin 1006, food grade industrial ingredient."
316,Pepper Black Oleoresin 1007,Pepper Black Oleoresin,Snacks & Savory Seasonings,Topical Seasonings & Dusting,Potato Chips / Extruded Snacks,Instant pungent piperine impact and uniform distribution on potato/corn chips.,Yes,"No, but copied variant",Analyst Proposed,Inherited Sibling Specs (Direct TDS Required),[Catalog TDS Reference Linked]: Oleoresin Black Pepper (Oleoresins).pdf | Note: Grade-specific active concentration & dosage left blank pending Supplier CoA.,Concentration / Grade Variant (Same Application),Pepper Black Oleoresin 1001; Pepper Black Oleoresin 1001; Pepper Black Oleoresin 1002; Pepper Black Oleoresin 1003; Pepper Black Oleoresin 1004; Pepper Black Oleoresin 1005; Pepper Black Oleoresin 1006; Pepper Black Oleoresin 1008; Pepper Black Oleoresin 1009; Pepper Black Oleoresin 1010; Pepper Black Oleoresin 1011; Pepper Black Oleoresin 1012; Pepper Black Oleoresin 1013; Pepper Black Oleoresin 1014; Pepper Black Oleoresin 1015; Pepper Black Oleoresin 1016; Pepper Black Oleoresin 1017; Pepper Black Oleoresin 1018; Pepper Black Oleoresin 1019; Pepper Black Oleoresin 1020; Pepper Black Oleoresin 1021; Pepper Black Oleoresin 1022; Pepper Black Oleoresin 1023; Pepper Black Oleoresin 1024; Pepper Black Oleoresin 1025; Pepper Black Oleoresin 1026; Pepper Black Oleoresin 1027; Pepper Black Oleoresin 1028; Pepper Black Oleoresin 1029; Pepper Black Oleoresin 1030; Pepper Black Oleoresin 1031; Pepper Black Oleoresin 1032; Pepper Black Oleoresin 40/20,Oleoresin Black Pepper (Oleoresins).pdf,Oleoresin,AWA Bio,AWA Bio,,24 months,,Pepper Black Oleoresin 1007,25 kg,"Store in a cool, dry place away from direct sunlight",None declared,,"Pepper Black Oleoresin 1007, food grade industrial ingredient."
317,Pepper Black Oleoresin 1008,Pepper Black Oleoresin,Snacks & Savory Seasonings,Topical Seasonings & Dusting,Potato Chips / Extruded Snacks,Instant pungent piperine impact and uniform distribution on potato/corn chips.,Yes,"No, but copied variant",Analyst Proposed,Inherited Sibling Specs (Direct TDS Required),[Catalog TDS Reference Linked]: Oleoresin Black Pepper (Oleoresins).pdf | Note: Grade-specific active concentration & dosage left blank pending Supplier CoA.,Concentration / Grade Variant (Same Application),Pepper Black Oleoresin 1001; Pepper Black Oleoresin 1001; Pepper Black Oleoresin 1002; Pepper Black Oleoresin 1003; Pepper Black Oleoresin 1004; Pepper Black Oleoresin 1005; Pepper Black Oleoresin 1006; Pepper Black Oleoresin 1007; Pepper Black Oleoresin 1009; Pepper Black Oleoresin 1010; Pepper Black Oleoresin 1011; Pepper Black Oleoresin 1012; Pepper Black Oleoresin 1013; Pepper Black Oleoresin 1014; Pepper Black Oleoresin 1015; Pepper Black Oleoresin 1016; Pepper Black Oleoresin 1017; Pepper Black Oleoresin 1018; Pepper Black Oleoresin 1019; Pepper Black Oleoresin 1020; Pepper Black Oleoresin 1021; Pepper Black Oleoresin 1022; Pepper Black Oleoresin 1023; Pepper Black Oleoresin 1024; Pepper Black Oleoresin 1025; Pepper Black Oleoresin 1026; Pepper Black Oleoresin 1027; Pepper Black Oleoresin 1028; Pepper Black Oleoresin 1029; Pepper Black Oleoresin 1030; Pepper Black Oleoresin 1031; Pepper Black Oleoresin 1032; Pepper Black Oleoresin 40/20,Oleoresin Black Pepper (Oleoresins).pdf,Oleoresin,AWA Bio,AWA Bio,,24 months,,Pepper Black Oleoresin 1008,25 kg,"Store in a cool, dry place away from direct sunlight",None declared,,"Pepper Black Oleoresin 1008, food grade industrial ingredient."
318,Pepper Black Oleoresin 1009,Pepper Black Oleoresin,Snacks & Savory Seasonings,Topical Seasonings & Dusting,Potato Chips / Extruded Snacks,Instant pungent piperine impact and uniform distribution on potato/corn chips.,Yes,"No, but copied variant",Analyst Proposed,Inherited Sibling Specs (Direct TDS Required),[Catalog TDS Reference Linked]: Oleoresin Black Pepper (Oleoresins).pdf | Note: Grade-specific active concentration & dosage left blank pending Supplier CoA.,Concentration / Grade Variant (Same Application),Pepper Black Oleoresin 1001; Pepper Black Oleoresin 1001; Pepper Black Oleoresin 1002; Pepper Black Oleoresin 1003; Pepper Black Oleoresin 1004; Pepper Black Oleoresin 1005; Pepper Black Oleoresin 1006; Pepper Black Oleoresin 1007; Pepper Black Oleoresin 1008; Pepper Black Oleoresin 1010; Pepper Black Oleoresin 1011; Pepper Black Oleoresin 1012; Pepper Black Oleoresin 1013; Pepper Black Oleoresin 1014; Pepper Black Oleoresin 1015; Pepper Black Oleoresin 1016; Pepper Black Oleoresin 1017; Pepper Black Oleoresin 1018; Pepper Black Oleoresin 1019; Pepper Black Oleoresin 1020; Pepper Black Oleoresin 1021; Pepper Black Oleoresin 1022; Pepper Black Oleoresin 1023; Pepper Black Oleoresin 1024; Pepper Black Oleoresin 1025; Pepper Black Oleoresin 1026; Pepper Black Oleoresin 1027; Pepper Black Oleoresin 1028; Pepper Black Oleoresin 1029; Pepper Black Oleoresin 1030; Pepper Black Oleoresin 1031; Pepper Black Oleoresin 1032; Pepper Black Oleoresin 40/20,Oleoresin Black Pepper (Oleoresins).pdf,Oleoresin,AWA Bio,AWA Bio,,24 months,,Pepper Black Oleoresin 1009,25 kg,"Store in a cool, dry place away from direct sunlight",None declared,,"Pepper Black Oleoresin 1009, food grade industrial ingredient."
319,Pepper Black Oleoresin 1010,Pepper Black Oleoresin,Snacks & Savory Seasonings,Topical Seasonings & Dusting,Potato Chips / Extruded Snacks,Instant pungent piperine impact and uniform distribution on potato/corn chips.,Yes,"No, but copied variant",Analyst Proposed,Inherited Sibling Specs (Direct TDS Required),[Catalog TDS Reference Linked]: Oleoresin Black Pepper (Oleoresins).pdf | Note: Grade-specific active concentration & dosage left blank pending Supplier CoA.,Concentration / Grade Variant (Same Application),Pepper Black Oleoresin 1001; Pepper Black Oleoresin 1001; Pepper Black Oleoresin 1002; Pepper Black Oleoresin 1003; Pepper Black Oleoresin 1004; Pepper Black Oleoresin 1005; Pepper Black Oleoresin 1006; Pepper Black Oleoresin 1007; Pepper Black Oleoresin 1008; Pepper Black Oleoresin 1009; Pepper Black Oleoresin 1011; Pepper Black Oleoresin 1012; Pepper Black Oleoresin 1013; Pepper Black Oleoresin 1014; Pepper Black Oleoresin 1015; Pepper Black Oleoresin 1016; Pepper Black Oleoresin 1017; Pepper Black Oleoresin 1018; Pepper Black Oleoresin 1019; Pepper Black Oleoresin 1020; Pepper Black Oleoresin 1021; Pepper Black Oleoresin 1022; Pepper Black Oleoresin 1023; Pepper Black Oleoresin 1024; Pepper Black Oleoresin 1025; Pepper Black Oleoresin 1026; Pepper Black Oleoresin 1027; Pepper Black Oleoresin 1028; Pepper Black Oleoresin 1029; Pepper Black Oleoresin 1030; Pepper Black Oleoresin 1031; Pepper Black Oleoresin 1032; Pepper Black Oleoresin 40/20,Oleoresin Black Pepper (Oleoresins).pdf,Oleoresin,AWA Bio,AWA Bio,,24 months,,Pepper Black Oleoresin 1010,25 kg,"Store in a cool, dry place away from direct sunlight",None declared,,"Pepper Black Oleoresin 1010, food grade industrial ingredient."
320,Pepper Black Oleoresin 1011,Pepper Black Oleoresin,Snacks & Savory Seasonings,Topical Seasonings & Dusting,Potato Chips / Extruded Snacks,Instant pungent piperine impact and uniform distribution on potato/corn chips.,Yes,"No, but copied variant",Analyst Proposed,Inherited Sibling Specs (Direct TDS Required),[Catalog TDS Reference Linked]: Oleoresin Black Pepper (Oleoresins).pdf | Note: Grade-specific active concentration & dosage left blank pending Supplier CoA.,Concentration / Grade Variant (Same Application),Pepper Black Oleoresin 1001; Pepper Black Oleoresin 1001; Pepper Black Oleoresin 1002; Pepper Black Oleoresin 1003; Pepper Black Oleoresin 1004; Pepper Black Oleoresin 1005; Pepper Black Oleoresin 1006; Pepper Black Oleoresin 1007; Pepper Black Oleoresin 1008; Pepper Black Oleoresin 1009; Pepper Black Oleoresin 1010; Pepper Black Oleoresin 1012; Pepper Black Oleoresin 1013; Pepper Black Oleoresin 1014; Pepper Black Oleoresin 1015; Pepper Black Oleoresin 1016; Pepper Black Oleoresin 1017; Pepper Black Oleoresin 1018; Pepper Black Oleoresin 1019; Pepper Black Oleoresin 1020; Pepper Black Oleoresin 1021; Pepper Black Oleoresin 1022; Pepper Black Oleoresin 1023; Pepper Black Oleoresin 1024; Pepper Black Oleoresin 1025; Pepper Black Oleoresin 1026; Pepper Black Oleoresin 1027; Pepper Black Oleoresin 1028; Pepper Black Oleoresin 1029; Pepper Black Oleoresin 1030; Pepper Black Oleoresin 1031; Pepper Black Oleoresin 1032; Pepper Black Oleoresin 40/20,Oleoresin Black Pepper (Oleoresins).pdf,Oleoresin,AWA Bio,AWA Bio,,24 months,,Pepper Black Oleoresin 1011,25 kg,"Store in a cool, dry place away from direct sunlight",None declared,,"Pepper Black Oleoresin 1011, food grade industrial ingredient."
321,Pepper Black Oleoresin 1012,Pepper Black Oleoresin,Snacks & Savory Seasonings,Topical Seasonings & Dusting,Potato Chips / Extruded Snacks,Instant pungent piperine impact and uniform distribution on potato/corn chips.,Yes,"No, but copied variant",Analyst Proposed,Inherited Sibling Specs (Direct TDS Required),[Catalog TDS Reference Linked]: Oleoresin Black Pepper (Oleoresins).pdf | Note: Grade-specific active concentration & dosage left blank pending Supplier CoA.,Concentration / Grade Variant (Same Application),Pepper Black Oleoresin 1001; Pepper Black Oleoresin 1001; Pepper Black Oleoresin 1002; Pepper Black Oleoresin 1003; Pepper Black Oleoresin 1004; Pepper Black Oleoresin 1005; Pepper Black Oleoresin 1006; Pepper Black Oleoresin 1007; Pepper Black Oleoresin 1008; Pepper Black Oleoresin 1009; Pepper Black Oleoresin 1010; Pepper Black Oleoresin 1011; Pepper Black Oleoresin 1013; Pepper Black Oleoresin 1014; Pepper Black Oleoresin 1015; Pepper Black Oleoresin 1016; Pepper Black Oleoresin 1017; Pepper Black Oleoresin 1018; Pepper Black Oleoresin 1019; Pepper Black Oleoresin 1020; Pepper Black Oleoresin 1021; Pepper Black Oleoresin 1022; Pepper Black Oleoresin 1023; Pepper Black Oleoresin 1024; Pepper Black Oleoresin 1025; Pepper Black Oleoresin 1026; Pepper Black Oleoresin 1027; Pepper Black Oleoresin 1028; Pepper Black Oleoresin 1029; Pepper Black Oleoresin 1030; Pepper Black Oleoresin 1031; Pepper Black Oleoresin 1032; Pepper Black Oleoresin 40/20,Oleoresin Black Pepper (Oleoresins).pdf,Oleoresin,AWA Bio,AWA Bio,,24 months,,Pepper Black Oleoresin 1012,25 kg,"Store in a cool, dry place away from direct sunlight",None declared,,"Pepper Black Oleoresin 1012, food grade industrial ingredient."
322,Pepper Black Oleoresin 1013,Pepper Black Oleoresin,Snacks & Savory Seasonings,Topical Seasonings & Dusting,Potato Chips / Extruded Snacks,Instant pungent piperine impact and uniform distribution on potato/corn chips.,Yes,"No, but copied variant",Analyst Proposed,Inherited Sibling Specs (Direct TDS Required),[Catalog TDS Reference Linked]: Oleoresin Black Pepper (Oleoresins).pdf | Note: Grade-specific active concentration & dosage left blank pending Supplier CoA.,Concentration / Grade Variant (Same Application),Pepper Black Oleoresin 1001; Pepper Black Oleoresin 1001; Pepper Black Oleoresin 1002; Pepper Black Oleoresin 1003; Pepper Black Oleoresin 1004; Pepper Black Oleoresin 1005; Pepper Black Oleoresin 1006; Pepper Black Oleoresin 1007; Pepper Black Oleoresin 1008; Pepper Black Oleoresin 1009; Pepper Black Oleoresin 1010; Pepper Black Oleoresin 1011; Pepper Black Oleoresin 1012; Pepper Black Oleoresin 1014; Pepper Black Oleoresin 1015; Pepper Black Oleoresin 1016; Pepper Black Oleoresin 1017; Pepper Black Oleoresin 1018; Pepper Black Oleoresin 1019; Pepper Black Oleoresin 1020; Pepper Black Oleoresin 1021; Pepper Black Oleoresin 1022; Pepper Black Oleoresin 1023; Pepper Black Oleoresin 1024; Pepper Black Oleoresin 1025; Pepper Black Oleoresin 1026; Pepper Black Oleoresin 1027; Pepper Black Oleoresin 1028; Pepper Black Oleoresin 1029; Pepper Black Oleoresin 1030; Pepper Black Oleoresin 1031; Pepper Black Oleoresin 1032; Pepper Black Oleoresin 40/20,Oleoresin Black Pepper (Oleoresins).pdf,Oleoresin,AWA Bio,AWA Bio,,24 months,,Pepper Black Oleoresin 1013,25 kg,"Store in a cool, dry place away from direct sunlight",None declared,,"Pepper Black Oleoresin 1013, food grade industrial ingredient."
323,Pepper Black Oleoresin 1014,Pepper Black Oleoresin,Snacks & Savory Seasonings,Topical Seasonings & Dusting,Potato Chips / Extruded Snacks,Instant pungent piperine impact and uniform distribution on potato/corn chips.,Yes,"No, but copied variant",Analyst Proposed,Inherited Sibling Specs (Direct TDS Required),[Catalog TDS Reference Linked]: Oleoresin Black Pepper (Oleoresins).pdf | Note: Grade-specific active concentration & dosage left blank pending Supplier CoA.,Concentration / Grade Variant (Same Application),Pepper Black Oleoresin 1001; Pepper Black Oleoresin 1001; Pepper Black Oleoresin 1002; Pepper Black Oleoresin 1003; Pepper Black Oleoresin 1004; Pepper Black Oleoresin 1005; Pepper Black Oleoresin 1006; Pepper Black Oleoresin 1007; Pepper Black Oleoresin 1008; Pepper Black Oleoresin 1009; Pepper Black Oleoresin 1010; Pepper Black Oleoresin 1011; Pepper Black Oleoresin 1012; Pepper Black Oleoresin 1013; Pepper Black Oleoresin 1015; Pepper Black Oleoresin 1016; Pepper Black Oleoresin 1017; Pepper Black Oleoresin 1018; Pepper Black Oleoresin 1019; Pepper Black Oleoresin 1020; Pepper Black Oleoresin 1021; Pepper Black Oleoresin 1022; Pepper Black Oleoresin 1023; Pepper Black Oleoresin 1024; Pepper Black Oleoresin 1025; Pepper Black Oleoresin 1026; Pepper Black Oleoresin 1027; Pepper Black Oleoresin 1028; Pepper Black Oleoresin 1029; Pepper Black Oleoresin 1030; Pepper Black Oleoresin 1031; Pepper Black Oleoresin 1032; Pepper Black Oleoresin 40/20,Oleoresin Black Pepper (Oleoresins).pdf,Oleoresin,AWA Bio,AWA Bio,,24 months,,Pepper Black Oleoresin 1014,25 kg,"Store in a cool, dry place away from direct sunlight",None declared,,"Pepper Black Oleoresin 1014, food grade industrial ingredient."
324,Pepper Black Oleoresin 1015,Pepper Black Oleoresin,Snacks & Savory Seasonings,Topical Seasonings & Dusting,Potato Chips / Extruded Snacks,Instant pungent piperine impact and uniform distribution on potato/corn chips.,Yes,"No, but copied variant",Analyst Proposed,Inherited Sibling Specs (Direct TDS Required),[Catalog TDS Reference Linked]: Oleoresin Black Pepper (Oleoresins).pdf | Note: Grade-specific active concentration & dosage left blank pending Supplier CoA.,Concentration / Grade Variant (Same Application),Pepper Black Oleoresin 1001; Pepper Black Oleoresin 1001; Pepper Black Oleoresin 1002; Pepper Black Oleoresin 1003; Pepper Black Oleoresin 1004; Pepper Black Oleoresin 1005; Pepper Black Oleoresin 1006; Pepper Black Oleoresin 1007; Pepper Black Oleoresin 1008; Pepper Black Oleoresin 1009; Pepper Black Oleoresin 1010; Pepper Black Oleoresin 1011; Pepper Black Oleoresin 1012; Pepper Black Oleoresin 1013; Pepper Black Oleoresin 1014; Pepper Black Oleoresin 1016; Pepper Black Oleoresin 1017; Pepper Black Oleoresin 1018; Pepper Black Oleoresin 1019; Pepper Black Oleoresin 1020; Pepper Black Oleoresin 1021; Pepper Black Oleoresin 1022; Pepper Black Oleoresin 1023; Pepper Black Oleoresin 1024; Pepper Black Oleoresin 1025; Pepper Black Oleoresin 1026; Pepper Black Oleoresin 1027; Pepper Black Oleoresin 1028; Pepper Black Oleoresin 1029; Pepper Black Oleoresin 1030; Pepper Black Oleoresin 1031; Pepper Black Oleoresin 1032; Pepper Black Oleoresin 40/20,Oleoresin Black Pepper (Oleoresins).pdf,Oleoresin,AWA Bio,AWA Bio,,24 months,,Pepper Black Oleoresin 1015,25 kg,"Store in a cool, dry place away from direct sunlight",None declared,,"Pepper Black Oleoresin 1015, food grade industrial ingredient."
325,Pepper Black Oleoresin 1016,Pepper Black Oleoresin,Snacks & Savory Seasonings,Topical Seasonings & Dusting,Potato Chips / Extruded Snacks,Instant pungent piperine impact and uniform distribution on potato/corn chips.,Yes,"No, but copied variant",Analyst Proposed,Inherited Sibling Specs (Direct TDS Required),[Catalog TDS Reference Linked]: Oleoresin Black Pepper (Oleoresins).pdf | Note: Grade-specific active concentration & dosage left blank pending Supplier CoA.,Concentration / Grade Variant (Same Application),Pepper Black Oleoresin 1001; Pepper Black Oleoresin 1001; Pepper Black Oleoresin 1002; Pepper Black Oleoresin 1003; Pepper Black Oleoresin 1004; Pepper Black Oleoresin 1005; Pepper Black Oleoresin 1006; Pepper Black Oleoresin 1007; Pepper Black Oleoresin 1008; Pepper Black Oleoresin 1009; Pepper Black Oleoresin 1010; Pepper Black Oleoresin 1011; Pepper Black Oleoresin 1012; Pepper Black Oleoresin 1013; Pepper Black Oleoresin 1014; Pepper Black Oleoresin 1015; Pepper Black Oleoresin 1017; Pepper Black Oleoresin 1018; Pepper Black Oleoresin 1019; Pepper Black Oleoresin 1020; Pepper Black Oleoresin 1021; Pepper Black Oleoresin 1022; Pepper Black Oleoresin 1023; Pepper Black Oleoresin 1024; Pepper Black Oleoresin 1025; Pepper Black Oleoresin 1026; Pepper Black Oleoresin 1027; Pepper Black Oleoresin 1028; Pepper Black Oleoresin 1029; Pepper Black Oleoresin 1030; Pepper Black Oleoresin 1031; Pepper Black Oleoresin 1032; Pepper Black Oleoresin 40/20,Oleoresin Black Pepper (Oleoresins).pdf,Oleoresin,AWA Bio,AWA Bio,,24 months,,Pepper Black Oleoresin 1016,25 kg,"Store in a cool, dry place away from direct sunlight",None declared,,"Pepper Black Oleoresin 1016, food grade industrial ingredient."
326,Pepper Black Oleoresin 1017,Pepper Black Oleoresin,Snacks & Savory Seasonings,Topical Seasonings & Dusting,Potato Chips / Extruded Snacks,Instant pungent piperine impact and uniform distribution on potato/corn chips.,Yes,"No, but copied variant",Analyst Proposed,Inherited Sibling Specs (Direct TDS Required),[Catalog TDS Reference Linked]: Oleoresin Black Pepper (Oleoresins).pdf | Note: Grade-specific active concentration & dosage left blank pending Supplier CoA.,Concentration / Grade Variant (Same Application),Pepper Black Oleoresin 1001; Pepper Black Oleoresin 1001; Pepper Black Oleoresin 1002; Pepper Black Oleoresin 1003; Pepper Black Oleoresin 1004; Pepper Black Oleoresin 1005; Pepper Black Oleoresin 1006; Pepper Black Oleoresin 1007; Pepper Black Oleoresin 1008; Pepper Black Oleoresin 1009; Pepper Black Oleoresin 1010; Pepper Black Oleoresin 1011; Pepper Black Oleoresin 1012; Pepper Black Oleoresin 1013; Pepper Black Oleoresin 1014; Pepper Black Oleoresin 1015; Pepper Black Oleoresin 1016; Pepper Black Oleoresin 1018; Pepper Black Oleoresin 1019; Pepper Black Oleoresin 1020; Pepper Black Oleoresin 1021; Pepper Black Oleoresin 1022; Pepper Black Oleoresin 1023; Pepper Black Oleoresin 1024; Pepper Black Oleoresin 1025; Pepper Black Oleoresin 1026; Pepper Black Oleoresin 1027; Pepper Black Oleoresin 1028; Pepper Black Oleoresin 1029; Pepper Black Oleoresin 1030; Pepper Black Oleoresin 1031; Pepper Black Oleoresin 1032; Pepper Black Oleoresin 40/20,Oleoresin Black Pepper (Oleoresins).pdf,Oleoresin,AWA Bio,AWA Bio,,24 months,,Pepper Black Oleoresin 1017,25 kg,"Store in a cool, dry place away from direct sunlight",None declared,,"Pepper Black Oleoresin 1017, food grade industrial ingredient."
327,Pepper Black Oleoresin 1018,Pepper Black Oleoresin,Snacks & Savory Seasonings,Topical Seasonings & Dusting,Potato Chips / Extruded Snacks,Instant pungent piperine impact and uniform distribution on potato/corn chips.,Yes,"No, but copied variant",Analyst Proposed,Inherited Sibling Specs (Direct TDS Required),[Catalog TDS Reference Linked]: Oleoresin Black Pepper (Oleoresins).pdf | Note: Grade-specific active concentration & dosage left blank pending Supplier CoA.,Concentration / Grade Variant (Same Application),Pepper Black Oleoresin 1001; Pepper Black Oleoresin 1001; Pepper Black Oleoresin 1002; Pepper Black Oleoresin 1003; Pepper Black Oleoresin 1004; Pepper Black Oleoresin 1005; Pepper Black Oleoresin 1006; Pepper Black Oleoresin 1007; Pepper Black Oleoresin 1008; Pepper Black Oleoresin 1009; Pepper Black Oleoresin 1010; Pepper Black Oleoresin 1011; Pepper Black Oleoresin 1012; Pepper Black Oleoresin 1013; Pepper Black Oleoresin 1014; Pepper Black Oleoresin 1015; Pepper Black Oleoresin 1016; Pepper Black Oleoresin 1017; Pepper Black Oleoresin 1019; Pepper Black Oleoresin 1020; Pepper Black Oleoresin 1021; Pepper Black Oleoresin 1022; Pepper Black Oleoresin 1023; Pepper Black Oleoresin 1024; Pepper Black Oleoresin 1025; Pepper Black Oleoresin 1026; Pepper Black Oleoresin 1027; Pepper Black Oleoresin 1028; Pepper Black Oleoresin 1029; Pepper Black Oleoresin 1030; Pepper Black Oleoresin 1031; Pepper Black Oleoresin 1032; Pepper Black Oleoresin 40/20,Oleoresin Black Pepper (Oleoresins).pdf,Oleoresin,AWA Bio,AWA Bio,,24 months,,Pepper Black Oleoresin 1018,25 kg,"Store in a cool, dry place away from direct sunlight",None declared,,"Pepper Black Oleoresin 1018, food grade industrial ingredient."
328,Pepper Black Oleoresin 1019,Pepper Black Oleoresin,Snacks & Savory Seasonings,Topical Seasonings & Dusting,Potato Chips / Extruded Snacks,Instant pungent piperine impact and uniform distribution on potato/corn chips.,Yes,"No, but copied variant",Analyst Proposed,Inherited Sibling Specs (Direct TDS Required),[Catalog TDS Reference Linked]: Oleoresin Black Pepper (Oleoresins).pdf | Note: Grade-specific active concentration & dosage left blank pending Supplier CoA.,Concentration / Grade Variant (Same Application),Pepper Black Oleoresin 1001; Pepper Black Oleoresin 1001; Pepper Black Oleoresin 1002; Pepper Black Oleoresin 1003; Pepper Black Oleoresin 1004; Pepper Black Oleoresin 1005; Pepper Black Oleoresin 1006; Pepper Black Oleoresin 1007; Pepper Black Oleoresin 1008; Pepper Black Oleoresin 1009; Pepper Black Oleoresin 1010; Pepper Black Oleoresin 1011; Pepper Black Oleoresin 1012; Pepper Black Oleoresin 1013; Pepper Black Oleoresin 1014; Pepper Black Oleoresin 1015; Pepper Black Oleoresin 1016; Pepper Black Oleoresin 1017; Pepper Black Oleoresin 1018; Pepper Black Oleoresin 1020; Pepper Black Oleoresin 1021; Pepper Black Oleoresin 1022; Pepper Black Oleoresin 1023; Pepper Black Oleoresin 1024; Pepper Black Oleoresin 1025; Pepper Black Oleoresin 1026; Pepper Black Oleoresin 1027; Pepper Black Oleoresin 1028; Pepper Black Oleoresin 1029; Pepper Black Oleoresin 1030; Pepper Black Oleoresin 1031; Pepper Black Oleoresin 1032; Pepper Black Oleoresin 40/20,Oleoresin Black Pepper (Oleoresins).pdf,Oleoresin,AWA Bio,AWA Bio,,24 months,,Pepper Black Oleoresin 1019,25 kg,"Store in a cool, dry place away from direct sunlight",None declared,,"Pepper Black Oleoresin 1019, food grade industrial ingredient."
329,Pepper Black Oleoresin 1020,Pepper Black Oleoresin,Snacks & Savory Seasonings,Topical Seasonings & Dusting,Potato Chips / Extruded Snacks,Instant pungent piperine impact and uniform distribution on potato/corn chips.,Yes,"No, but copied variant",Analyst Proposed,Inherited Sibling Specs (Direct TDS Required),[Catalog TDS Reference Linked]: Oleoresin Black Pepper (Oleoresins).pdf | Note: Grade-specific active concentration & dosage left blank pending Supplier CoA.,Concentration / Grade Variant (Same Application),Pepper Black Oleoresin 1001; Pepper Black Oleoresin 1001; Pepper Black Oleoresin 1002; Pepper Black Oleoresin 1003; Pepper Black Oleoresin 1004; Pepper Black Oleoresin 1005; Pepper Black Oleoresin 1006; Pepper Black Oleoresin 1007; Pepper Black Oleoresin 1008; Pepper Black Oleoresin 1009; Pepper Black Oleoresin 1010; Pepper Black Oleoresin 1011; Pepper Black Oleoresin 1012; Pepper Black Oleoresin 1013; Pepper Black Oleoresin 1014; Pepper Black Oleoresin 1015; Pepper Black Oleoresin 1016; Pepper Black Oleoresin 1017; Pepper Black Oleoresin 1018; Pepper Black Oleoresin 1019; Pepper Black Oleoresin 1021; Pepper Black Oleoresin 1022; Pepper Black Oleoresin 1023; Pepper Black Oleoresin 1024; Pepper Black Oleoresin 1025; Pepper Black Oleoresin 1026; Pepper Black Oleoresin 1027; Pepper Black Oleoresin 1028; Pepper Black Oleoresin 1029; Pepper Black Oleoresin 1030; Pepper Black Oleoresin 1031; Pepper Black Oleoresin 1032; Pepper Black Oleoresin 40/20,Oleoresin Black Pepper (Oleoresins).pdf,Oleoresin,AWA Bio,AWA Bio,,24 months,,Pepper Black Oleoresin 1020,25 kg,"Store in a cool, dry place away from direct sunlight",None declared,,"Pepper Black Oleoresin 1020, food grade industrial ingredient."
330,Pepper Black Oleoresin 1021,Pepper Black Oleoresin,Snacks & Savory Seasonings,Topical Seasonings & Dusting,Potato Chips / Extruded Snacks,Instant pungent piperine impact and uniform distribution on potato/corn chips.,Yes,"No, but copied variant",Analyst Proposed,Inherited Sibling Specs (Direct TDS Required),[Catalog TDS Reference Linked]: Oleoresin Black Pepper (Oleoresins).pdf | Note: Grade-specific active concentration & dosage left blank pending Supplier CoA.,Concentration / Grade Variant (Same Application),Pepper Black Oleoresin 1001; Pepper Black Oleoresin 1001; Pepper Black Oleoresin 1002; Pepper Black Oleoresin 1003; Pepper Black Oleoresin 1004; Pepper Black Oleoresin 1005; Pepper Black Oleoresin 1006; Pepper Black Oleoresin 1007; Pepper Black Oleoresin 1008; Pepper Black Oleoresin 1009; Pepper Black Oleoresin 1010; Pepper Black Oleoresin 1011; Pepper Black Oleoresin 1012; Pepper Black Oleoresin 1013; Pepper Black Oleoresin 1014; Pepper Black Oleoresin 1015; Pepper Black Oleoresin 1016; Pepper Black Oleoresin 1017; Pepper Black Oleoresin 1018; Pepper Black Oleoresin 1019; Pepper Black Oleoresin 1020; Pepper Black Oleoresin 1022; Pepper Black Oleoresin 1023; Pepper Black Oleoresin 1024; Pepper Black Oleoresin 1025; Pepper Black Oleoresin 1026; Pepper Black Oleoresin 1027; Pepper Black Oleoresin 1028; Pepper Black Oleoresin 1029; Pepper Black Oleoresin 1030; Pepper Black Oleoresin 1031; Pepper Black Oleoresin 1032; Pepper Black Oleoresin 40/20,Oleoresin Black Pepper (Oleoresins).pdf,Oleoresin,AWA Bio,AWA Bio,,24 months,,Pepper Black Oleoresin 1021,25 kg,"Store in a cool, dry place away from direct sunlight",None declared,,"Pepper Black Oleoresin 1021, food grade industrial ingredient."
331,Pepper Black Oleoresin 1022,Pepper Black Oleoresin,Snacks & Savory Seasonings,Topical Seasonings & Dusting,Potato Chips / Extruded Snacks,Instant pungent piperine impact and uniform distribution on potato/corn chips.,Yes,"No, but copied variant",Analyst Proposed,Inherited Sibling Specs (Direct TDS Required),[Catalog TDS Reference Linked]: Oleoresin Black Pepper (Oleoresins).pdf | Note: Grade-specific active concentration & dosage left blank pending Supplier CoA.,Concentration / Grade Variant (Same Application),Pepper Black Oleoresin 1001; Pepper Black Oleoresin 1001; Pepper Black Oleoresin 1002; Pepper Black Oleoresin 1003; Pepper Black Oleoresin 1004; Pepper Black Oleoresin 1005; Pepper Black Oleoresin 1006; Pepper Black Oleoresin 1007; Pepper Black Oleoresin 1008; Pepper Black Oleoresin 1009; Pepper Black Oleoresin 1010; Pepper Black Oleoresin 1011; Pepper Black Oleoresin 1012; Pepper Black Oleoresin 1013; Pepper Black Oleoresin 1014; Pepper Black Oleoresin 1015; Pepper Black Oleoresin 1016; Pepper Black Oleoresin 1017; Pepper Black Oleoresin 1018; Pepper Black Oleoresin 1019; Pepper Black Oleoresin 1020; Pepper Black Oleoresin 1021; Pepper Black Oleoresin 1023; Pepper Black Oleoresin 1024; Pepper Black Oleoresin 1025; Pepper Black Oleoresin 1026; Pepper Black Oleoresin 1027; Pepper Black Oleoresin 1028; Pepper Black Oleoresin 1029; Pepper Black Oleoresin 1030; Pepper Black Oleoresin 1031; Pepper Black Oleoresin 1032; Pepper Black Oleoresin 40/20,Oleoresin Black Pepper (Oleoresins).pdf,Oleoresin,AWA Bio,AWA Bio,,24 months,,Pepper Black Oleoresin 1022,25 kg,"Store in a cool, dry place away from direct sunlight",None declared,,"Pepper Black Oleoresin 1022, food grade industrial ingredient."
332,Pepper Black Oleoresin 1023,Pepper Black Oleoresin,Snacks & Savory Seasonings,Topical Seasonings & Dusting,Potato Chips / Extruded Snacks,Instant pungent piperine impact and uniform distribution on potato/corn chips.,Yes,"No, but copied variant",Analyst Proposed,Inherited Sibling Specs (Direct TDS Required),[Catalog TDS Reference Linked]: Oleoresin Black Pepper (Oleoresins).pdf | Note: Grade-specific active concentration & dosage left blank pending Supplier CoA.,Concentration / Grade Variant (Same Application),Pepper Black Oleoresin 1001; Pepper Black Oleoresin 1001; Pepper Black Oleoresin 1002; Pepper Black Oleoresin 1003; Pepper Black Oleoresin 1004; Pepper Black Oleoresin 1005; Pepper Black Oleoresin 1006; Pepper Black Oleoresin 1007; Pepper Black Oleoresin 1008; Pepper Black Oleoresin 1009; Pepper Black Oleoresin 1010; Pepper Black Oleoresin 1011; Pepper Black Oleoresin 1012; Pepper Black Oleoresin 1013; Pepper Black Oleoresin 1014; Pepper Black Oleoresin 1015; Pepper Black Oleoresin 1016; Pepper Black Oleoresin 1017; Pepper Black Oleoresin 1018; Pepper Black Oleoresin 1019; Pepper Black Oleoresin 1020; Pepper Black Oleoresin 1021; Pepper Black Oleoresin 1022; Pepper Black Oleoresin 1024; Pepper Black Oleoresin 1025; Pepper Black Oleoresin 1026; Pepper Black Oleoresin 1027; Pepper Black Oleoresin 1028; Pepper Black Oleoresin 1029; Pepper Black Oleoresin 1030; Pepper Black Oleoresin 1031; Pepper Black Oleoresin 1032; Pepper Black Oleoresin 40/20,Oleoresin Black Pepper (Oleoresins).pdf,Oleoresin,AWA Bio,AWA Bio,,24 months,,Pepper Black Oleoresin 1023,25 kg,"Store in a cool, dry place away from direct sunlight",None declared,,"Pepper Black Oleoresin 1023, food grade industrial ingredient."
333,Pepper Black Oleoresin 1024,Pepper Black Oleoresin,Snacks & Savory Seasonings,Topical Seasonings & Dusting,Potato Chips / Extruded Snacks,Instant pungent piperine impact and uniform distribution on potato/corn chips.,Yes,"No, but copied variant",Analyst Proposed,Inherited Sibling Specs (Direct TDS Required),[Catalog TDS Reference Linked]: Oleoresin Black Pepper (Oleoresins).pdf | Note: Grade-specific active concentration & dosage left blank pending Supplier CoA.,Concentration / Grade Variant (Same Application),Pepper Black Oleoresin 1001; Pepper Black Oleoresin 1001; Pepper Black Oleoresin 1002; Pepper Black Oleoresin 1003; Pepper Black Oleoresin 1004; Pepper Black Oleoresin 1005; Pepper Black Oleoresin 1006; Pepper Black Oleoresin 1007; Pepper Black Oleoresin 1008; Pepper Black Oleoresin 1009; Pepper Black Oleoresin 1010; Pepper Black Oleoresin 1011; Pepper Black Oleoresin 1012; Pepper Black Oleoresin 1013; Pepper Black Oleoresin 1014; Pepper Black Oleoresin 1015; Pepper Black Oleoresin 1016; Pepper Black Oleoresin 1017; Pepper Black Oleoresin 1018; Pepper Black Oleoresin 1019; Pepper Black Oleoresin 1020; Pepper Black Oleoresin 1021; Pepper Black Oleoresin 1022; Pepper Black Oleoresin 1023; Pepper Black Oleoresin 1025; Pepper Black Oleoresin 1026; Pepper Black Oleoresin 1027; Pepper Black Oleoresin 1028; Pepper Black Oleoresin 1029; Pepper Black Oleoresin 1030; Pepper Black Oleoresin 1031; Pepper Black Oleoresin 1032; Pepper Black Oleoresin 40/20,Oleoresin Black Pepper (Oleoresins).pdf,Oleoresin,AWA Bio,AWA Bio,,24 months,,Pepper Black Oleoresin 1024,25 kg,"Store in a cool, dry place away from direct sunlight",None declared,,"Pepper Black Oleoresin 1024, food grade industrial ingredient."
334,Pepper Black Oleoresin 1025,Pepper Black Oleoresin,Snacks & Savory Seasonings,Topical Seasonings & Dusting,Potato Chips / Extruded Snacks,Instant pungent piperine impact and uniform distribution on potato/corn chips.,Yes,"No, but copied variant",Analyst Proposed,Inherited Sibling Specs (Direct TDS Required),[Catalog TDS Reference Linked]: Oleoresin Black Pepper (Oleoresins).pdf | Note: Grade-specific active concentration & dosage left blank pending Supplier CoA.,Concentration / Grade Variant (Same Application),Pepper Black Oleoresin 1001; Pepper Black Oleoresin 1001; Pepper Black Oleoresin 1002; Pepper Black Oleoresin 1003; Pepper Black Oleoresin 1004; Pepper Black Oleoresin 1005; Pepper Black Oleoresin 1006; Pepper Black Oleoresin 1007; Pepper Black Oleoresin 1008; Pepper Black Oleoresin 1009; Pepper Black Oleoresin 1010; Pepper Black Oleoresin 1011; Pepper Black Oleoresin 1012; Pepper Black Oleoresin 1013; Pepper Black Oleoresin 1014; Pepper Black Oleoresin 1015; Pepper Black Oleoresin 1016; Pepper Black Oleoresin 1017; Pepper Black Oleoresin 1018; Pepper Black Oleoresin 1019; Pepper Black Oleoresin 1020; Pepper Black Oleoresin 1021; Pepper Black Oleoresin 1022; Pepper Black Oleoresin 1023; Pepper Black Oleoresin 1024; Pepper Black Oleoresin 1026; Pepper Black Oleoresin 1027; Pepper Black Oleoresin 1028; Pepper Black Oleoresin 1029; Pepper Black Oleoresin 1030; Pepper Black Oleoresin 1031; Pepper Black Oleoresin 1032; Pepper Black Oleoresin 40/20,Oleoresin Black Pepper (Oleoresins).pdf,Oleoresin,AWA Bio,AWA Bio,,24 months,,Pepper Black Oleoresin 1025,25 kg,"Store in a cool, dry place away from direct sunlight",None declared,,"Pepper Black Oleoresin 1025, food grade industrial ingredient."
335,Pepper Black Oleoresin 1026,Pepper Black Oleoresin,Snacks & Savory Seasonings,Topical Seasonings & Dusting,Potato Chips / Extruded Snacks,Instant pungent piperine impact and uniform distribution on potato/corn chips.,Yes,"No, but copied variant",Analyst Proposed,Inherited Sibling Specs (Direct TDS Required),[Catalog TDS Reference Linked]: Oleoresin Black Pepper (Oleoresins).pdf | Note: Grade-specific active concentration & dosage left blank pending Supplier CoA.,Concentration / Grade Variant (Same Application),Pepper Black Oleoresin 1001; Pepper Black Oleoresin 1001; Pepper Black Oleoresin 1002; Pepper Black Oleoresin 1003; Pepper Black Oleoresin 1004; Pepper Black Oleoresin 1005; Pepper Black Oleoresin 1006; Pepper Black Oleoresin 1007; Pepper Black Oleoresin 1008; Pepper Black Oleoresin 1009; Pepper Black Oleoresin 1010; Pepper Black Oleoresin 1011; Pepper Black Oleoresin 1012; Pepper Black Oleoresin 1013; Pepper Black Oleoresin 1014; Pepper Black Oleoresin 1015; Pepper Black Oleoresin 1016; Pepper Black Oleoresin 1017; Pepper Black Oleoresin 1018; Pepper Black Oleoresin 1019; Pepper Black Oleoresin 1020; Pepper Black Oleoresin 1021; Pepper Black Oleoresin 1022; Pepper Black Oleoresin 1023; Pepper Black Oleoresin 1024; Pepper Black Oleoresin 1025; Pepper Black Oleoresin 1027; Pepper Black Oleoresin 1028; Pepper Black Oleoresin 1029; Pepper Black Oleoresin 1030; Pepper Black Oleoresin 1031; Pepper Black Oleoresin 1032; Pepper Black Oleoresin 40/20,Oleoresin Black Pepper (Oleoresins).pdf,Oleoresin,AWA Bio,AWA Bio,,24 months,,Pepper Black Oleoresin 1026,25 kg,"Store in a cool, dry place away from direct sunlight",None declared,,"Pepper Black Oleoresin 1026, food grade industrial ingredient."
336,Pepper Black Oleoresin 1027,Pepper Black Oleoresin,Snacks & Savory Seasonings,Topical Seasonings & Dusting,Potato Chips / Extruded Snacks,Instant pungent piperine impact and uniform distribution on potato/corn chips.,Yes,"No, but copied variant",Analyst Proposed,Inherited Sibling Specs (Direct TDS Required),[Catalog TDS Reference Linked]: Oleoresin Black Pepper (Oleoresins).pdf | Note: Grade-specific active concentration & dosage left blank pending Supplier CoA.,Concentration / Grade Variant (Same Application),Pepper Black Oleoresin 1001; Pepper Black Oleoresin 1001; Pepper Black Oleoresin 1002; Pepper Black Oleoresin 1003; Pepper Black Oleoresin 1004; Pepper Black Oleoresin 1005; Pepper Black Oleoresin 1006; Pepper Black Oleoresin 1007; Pepper Black Oleoresin 1008; Pepper Black Oleoresin 1009; Pepper Black Oleoresin 1010; Pepper Black Oleoresin 1011; Pepper Black Oleoresin 1012; Pepper Black Oleoresin 1013; Pepper Black Oleoresin 1014; Pepper Black Oleoresin 1015; Pepper Black Oleoresin 1016; Pepper Black Oleoresin 1017; Pepper Black Oleoresin 1018; Pepper Black Oleoresin 1019; Pepper Black Oleoresin 1020; Pepper Black Oleoresin 1021; Pepper Black Oleoresin 1022; Pepper Black Oleoresin 1023; Pepper Black Oleoresin 1024; Pepper Black Oleoresin 1025; Pepper Black Oleoresin 1026; Pepper Black Oleoresin 1028; Pepper Black Oleoresin 1029; Pepper Black Oleoresin 1030; Pepper Black Oleoresin 1031; Pepper Black Oleoresin 1032; Pepper Black Oleoresin 40/20,Oleoresin Black Pepper (Oleoresins).pdf,Oleoresin,AWA Bio,AWA Bio,,24 months,,Pepper Black Oleoresin 1027,25 kg,"Store in a cool, dry place away from direct sunlight",None declared,,"Pepper Black Oleoresin 1027, food grade industrial ingredient."
337,Pepper Black Oleoresin 1028,Pepper Black Oleoresin,Snacks & Savory Seasonings,Topical Seasonings & Dusting,Potato Chips / Extruded Snacks,Instant pungent piperine impact and uniform distribution on potato/corn chips.,Yes,"No, but copied variant",Analyst Proposed,Inherited Sibling Specs (Direct TDS Required),[Catalog TDS Reference Linked]: Oleoresin Black Pepper (Oleoresins).pdf | Note: Grade-specific active concentration & dosage left blank pending Supplier CoA.,Concentration / Grade Variant (Same Application),Pepper Black Oleoresin 1001; Pepper Black Oleoresin 1001; Pepper Black Oleoresin 1002; Pepper Black Oleoresin 1003; Pepper Black Oleoresin 1004; Pepper Black Oleoresin 1005; Pepper Black Oleoresin 1006; Pepper Black Oleoresin 1007; Pepper Black Oleoresin 1008; Pepper Black Oleoresin 1009; Pepper Black Oleoresin 1010; Pepper Black Oleoresin 1011; Pepper Black Oleoresin 1012; Pepper Black Oleoresin 1013; Pepper Black Oleoresin 1014; Pepper Black Oleoresin 1015; Pepper Black Oleoresin 1016; Pepper Black Oleoresin 1017; Pepper Black Oleoresin 1018; Pepper Black Oleoresin 1019; Pepper Black Oleoresin 1020; Pepper Black Oleoresin 1021; Pepper Black Oleoresin 1022; Pepper Black Oleoresin 1023; Pepper Black Oleoresin 1024; Pepper Black Oleoresin 1025; Pepper Black Oleoresin 1026; Pepper Black Oleoresin 1027; Pepper Black Oleoresin 1029; Pepper Black Oleoresin 1030; Pepper Black Oleoresin 1031; Pepper Black Oleoresin 1032; Pepper Black Oleoresin 40/20,Oleoresin Black Pepper (Oleoresins).pdf,Oleoresin,AWA Bio,AWA Bio,,24 months,,Pepper Black Oleoresin 1028,25 kg,"Store in a cool, dry place away from direct sunlight",None declared,,"Pepper Black Oleoresin 1028, food grade industrial ingredient."
338,Pepper Black Oleoresin 1029,Pepper Black Oleoresin,Snacks & Savory Seasonings,Topical Seasonings & Dusting,Potato Chips / Extruded Snacks,Instant pungent piperine impact and uniform distribution on potato/corn chips.,Yes,"No, but copied variant",Analyst Proposed,Inherited Sibling Specs (Direct TDS Required),[Catalog TDS Reference Linked]: Oleoresin Black Pepper (Oleoresins).pdf | Note: Grade-specific active concentration & dosage left blank pending Supplier CoA.,Concentration / Grade Variant (Same Application),Pepper Black Oleoresin 1001; Pepper Black Oleoresin 1001; Pepper Black Oleoresin 1002; Pepper Black Oleoresin 1003; Pepper Black Oleoresin 1004; Pepper Black Oleoresin 1005; Pepper Black Oleoresin 1006; Pepper Black Oleoresin 1007; Pepper Black Oleoresin 1008; Pepper Black Oleoresin 1009; Pepper Black Oleoresin 1010; Pepper Black Oleoresin 1011; Pepper Black Oleoresin 1012; Pepper Black Oleoresin 1013; Pepper Black Oleoresin 1014; Pepper Black Oleoresin 1015; Pepper Black Oleoresin 1016; Pepper Black Oleoresin 1017; Pepper Black Oleoresin 1018; Pepper Black Oleoresin 1019; Pepper Black Oleoresin 1020; Pepper Black Oleoresin 1021; Pepper Black Oleoresin 1022; Pepper Black Oleoresin 1023; Pepper Black Oleoresin 1024; Pepper Black Oleoresin 1025; Pepper Black Oleoresin 1026; Pepper Black Oleoresin 1027; Pepper Black Oleoresin 1028; Pepper Black Oleoresin 1030; Pepper Black Oleoresin 1031; Pepper Black Oleoresin 1032; Pepper Black Oleoresin 40/20,Oleoresin Black Pepper (Oleoresins).pdf,Oleoresin,AWA Bio,AWA Bio,,24 months,,Pepper Black Oleoresin 1029,25 kg,"Store in a cool, dry place away from direct sunlight",None declared,,"Pepper Black Oleoresin 1029, food grade industrial ingredient."
339,Pepper Black Oleoresin 1030,Pepper Black Oleoresin,Snacks & Savory Seasonings,Topical Seasonings & Dusting,Potato Chips / Extruded Snacks,Instant pungent piperine impact and uniform distribution on potato/corn chips.,Yes,"No, but copied variant",Analyst Proposed,Inherited Sibling Specs (Direct TDS Required),[Catalog TDS Reference Linked]: Oleoresin Black Pepper (Oleoresins).pdf | Note: Grade-specific active concentration & dosage left blank pending Supplier CoA.,Concentration / Grade Variant (Same Application),Pepper Black Oleoresin 1001; Pepper Black Oleoresin 1001; Pepper Black Oleoresin 1002; Pepper Black Oleoresin 1003; Pepper Black Oleoresin 1004; Pepper Black Oleoresin 1005; Pepper Black Oleoresin 1006; Pepper Black Oleoresin 1007; Pepper Black Oleoresin 1008; Pepper Black Oleoresin 1009; Pepper Black Oleoresin 1010; Pepper Black Oleoresin 1011; Pepper Black Oleoresin 1012; Pepper Black Oleoresin 1013; Pepper Black Oleoresin 1014; Pepper Black Oleoresin 1015; Pepper Black Oleoresin 1016; Pepper Black Oleoresin 1017; Pepper Black Oleoresin 1018; Pepper Black Oleoresin 1019; Pepper Black Oleoresin 1020; Pepper Black Oleoresin 1021; Pepper Black Oleoresin 1022; Pepper Black Oleoresin 1023; Pepper Black Oleoresin 1024; Pepper Black Oleoresin 1025; Pepper Black Oleoresin 1026; Pepper Black Oleoresin 1027; Pepper Black Oleoresin 1028; Pepper Black Oleoresin 1029; Pepper Black Oleoresin 1031; Pepper Black Oleoresin 1032; Pepper Black Oleoresin 40/20,Oleoresin Black Pepper (Oleoresins).pdf,Oleoresin,AWA Bio,AWA Bio,,24 months,,Pepper Black Oleoresin 1030,25 kg,"Store in a cool, dry place away from direct sunlight",None declared,,"Pepper Black Oleoresin 1030, food grade industrial ingredient."
340,Pepper Black Oleoresin 1031,Pepper Black Oleoresin,Snacks & Savory Seasonings,Topical Seasonings & Dusting,Potato Chips / Extruded Snacks,Instant pungent piperine impact and uniform distribution on potato/corn chips.,Yes,"No, but copied variant",Analyst Proposed,Inherited Sibling Specs (Direct TDS Required),[Catalog TDS Reference Linked]: Oleoresin Black Pepper (Oleoresins).pdf | Note: Grade-specific active concentration & dosage left blank pending Supplier CoA.,Concentration / Grade Variant (Same Application),Pepper Black Oleoresin 1001; Pepper Black Oleoresin 1001; Pepper Black Oleoresin 1002; Pepper Black Oleoresin 1003; Pepper Black Oleoresin 1004; Pepper Black Oleoresin 1005; Pepper Black Oleoresin 1006; Pepper Black Oleoresin 1007; Pepper Black Oleoresin 1008; Pepper Black Oleoresin 1009; Pepper Black Oleoresin 1010; Pepper Black Oleoresin 1011; Pepper Black Oleoresin 1012; Pepper Black Oleoresin 1013; Pepper Black Oleoresin 1014; Pepper Black Oleoresin 1015; Pepper Black Oleoresin 1016; Pepper Black Oleoresin 1017; Pepper Black Oleoresin 1018; Pepper Black Oleoresin 1019; Pepper Black Oleoresin 1020; Pepper Black Oleoresin 1021; Pepper Black Oleoresin 1022; Pepper Black Oleoresin 1023; Pepper Black Oleoresin 1024; Pepper Black Oleoresin 1025; Pepper Black Oleoresin 1026; Pepper Black Oleoresin 1027; Pepper Black Oleoresin 1028; Pepper Black Oleoresin 1029; Pepper Black Oleoresin 1030; Pepper Black Oleoresin 1032; Pepper Black Oleoresin 40/20,Oleoresin Black Pepper (Oleoresins).pdf,Oleoresin,AWA Bio,AWA Bio,,24 months,,Pepper Black Oleoresin 1031,25 kg,"Store in a cool, dry place away from direct sunlight",None declared,,"Pepper Black Oleoresin 1031, food grade industrial ingredient."
341,Pepper Black Oleoresin 1032,Pepper Black Oleoresin,Snacks & Savory Seasonings,Topical Seasonings & Dusting,Potato Chips / Extruded Snacks,Instant pungent piperine impact and uniform distribution on potato/corn chips.,Yes,"No, but copied variant",Analyst Proposed,Inherited Sibling Specs (Direct TDS Required),[Catalog TDS Reference Linked]: Oleoresin Black Pepper (Oleoresins).pdf | Note: Grade-specific active concentration & dosage left blank pending Supplier CoA.,Concentration / Grade Variant (Same Application),Pepper Black Oleoresin 1001; Pepper Black Oleoresin 1001; Pepper Black Oleoresin 1002; Pepper Black Oleoresin 1003; Pepper Black Oleoresin 1004; Pepper Black Oleoresin 1005; Pepper Black Oleoresin 1006; Pepper Black Oleoresin 1007; Pepper Black Oleoresin 1008; Pepper Black Oleoresin 1009; Pepper Black Oleoresin 1010; Pepper Black Oleoresin 1011; Pepper Black Oleoresin 1012; Pepper Black Oleoresin 1013; Pepper Black Oleoresin 1014; Pepper Black Oleoresin 1015; Pepper Black Oleoresin 1016; Pepper Black Oleoresin 1017; Pepper Black Oleoresin 1018; Pepper Black Oleoresin 1019; Pepper Black Oleoresin 1020; Pepper Black Oleoresin 1021; Pepper Black Oleoresin 1022; Pepper Black Oleoresin 1023; Pepper Black Oleoresin 1024; Pepper Black Oleoresin 1025; Pepper Black Oleoresin 1026; Pepper Black Oleoresin 1027; Pepper Black Oleoresin 1028; Pepper Black Oleoresin 1029; Pepper Black Oleoresin 1030; Pepper Black Oleoresin 1031; Pepper Black Oleoresin 40/20,Oleoresin Black Pepper (Oleoresins).pdf,Oleoresin,AWA Bio,AWA Bio,,24 months,,Pepper Black Oleoresin 1032,25 kg,"Store in a cool, dry place away from direct sunlight",None declared,,"Pepper Black Oleoresin 1032, food grade industrial ingredient."
342,Pepper Black Oleoresin 40/20,Pepper Black Oleoresin,Snacks & Savory Seasonings,Topical Seasonings & Dusting,Potato Chips / Extruded Snacks,Instant pungent piperine impact and uniform distribution on potato/corn chips.,Yes,"No, but copied variant",Analyst Proposed,Inherited Sibling Specs (Direct TDS Required),[Catalog TDS Reference Linked]: Oleoresin Black Pepper (Oleoresins).pdf | Note: Grade-specific active concentration & dosage left blank pending Supplier CoA.,Concentration / Grade Variant (Same Application),Pepper Black Oleoresin 1001; Pepper Black Oleoresin 1001; Pepper Black Oleoresin 1002; Pepper Black Oleoresin 1003; Pepper Black Oleoresin 1004; Pepper Black Oleoresin 1005; Pepper Black Oleoresin 1006; Pepper Black Oleoresin 1007; Pepper Black Oleoresin 1008; Pepper Black Oleoresin 1009; Pepper Black Oleoresin 1010; Pepper Black Oleoresin 1011; Pepper Black Oleoresin 1012; Pepper Black Oleoresin 1013; Pepper Black Oleoresin 1014; Pepper Black Oleoresin 1015; Pepper Black Oleoresin 1016; Pepper Black Oleoresin 1017; Pepper Black Oleoresin 1018; Pepper Black Oleoresin 1019; Pepper Black Oleoresin 1020; Pepper Black Oleoresin 1021; Pepper Black Oleoresin 1022; Pepper Black Oleoresin 1023; Pepper Black Oleoresin 1024; Pepper Black Oleoresin 1025; Pepper Black Oleoresin 1026; Pepper Black Oleoresin 1027; Pepper Black Oleoresin 1028; Pepper Black Oleoresin 1029; Pepper Black Oleoresin 1030; Pepper Black Oleoresin 1031; Pepper Black Oleoresin 1032,Oleoresin Black Pepper (Oleoresins).pdf,Oleoresin,AWA Bio,AWA Bio,,24 months,,Pepper Black Oleoresin 40/20,25 kg,"Store in a cool, dry place away from direct sunlight",None declared,,"Pepper Black Oleoresin 40/20, food grade industrial ingredient."
343,Potassium Citrate-25kg,Potassium Citrate-25kg,Beverages,Carbonated Drinks,Cola / Carbonated Soft Drinks,"Provides crisp tart acidity, enhances fruit flavor perception, and regulates formulation pH.",No,"No, and doesn't have variants",Analyst Proposed,Missing TDS - Urgent R&D Request,[Catalog TDS Reference Linked]: Bio Ingredints Portfolio B2B.PDF | Note: Grade-specific active concentration & dosage left blank pending Supplier CoA.,Single Product,None,Bio Ingredints Portfolio B2B.PDF,Food Additive / Preservative / Buffer,AWA Food Solutions,AWA Food Solutions,,24 months,,Potassium Citrate-25kg,25kg,"Store in a cool, dry place away from direct sunlight",None declared,,"Potassium Citrate-25kg, food grade industrial ingredient."
344,Potassium Sorbate Granular-25kg,Potassium Sorbate,Beverages,Carbonated Drinks,Cola / Carbonated Soft Drinks,Broad-spectrum antimicrobial inhibition against yeasts and molds in acidic beverages.,Yes,Not found for any variants,Analyst Proposed,Missing TDS - Urgent R&D Request,[Catalog TDS Reference Linked]: Bio Ingredints Portfolio B2B.PDF | Note: Grade-specific active concentration & dosage left blank pending Supplier CoA.,Concentration / Grade Variant (Same Application),Potassium Sorbate Powder-25kg,Bio Ingredints Portfolio B2B.PDF,Food Additive / Preservative / Buffer,AWA Food Solutions,AWA Food Solutions,,24 months,,Potassium Sorbate Granular-25kg,25kg,"Store in a cool, dry place away from direct sunlight",None declared,,"Potassium Sorbate Granular-25kg, food grade industrial ingredient."
345,Potassium Sorbate Powder-25kg,Potassium Sorbate,Beverages,Carbonated Drinks,Cola / Carbonated Soft Drinks,Broad-spectrum antimicrobial inhibition against yeasts and molds in acidic beverages.,Yes,Not found for any variants,Analyst Proposed,Missing TDS - Urgent R&D Request,[Catalog TDS Reference Linked]: Bio Ingredints Portfolio B2B.PDF | Note: Grade-specific active concentration & dosage left blank pending Supplier CoA.,Concentration / Grade Variant (Same Application),Potassium Sorbate Granular-25kg,Bio Ingredints Portfolio B2B.PDF,Food Additive / Preservative / Buffer,AWA Food Solutions,AWA Food Solutions,,24 months,,Potassium Sorbate Powder-25kg,25kg,"Store in a cool, dry place away from direct sunlight",None declared,,"Potassium Sorbate Powder-25kg, food grade industrial ingredient."
346,Smoked casing - 23E*84,Cellulose Casings,Meat & Poultry,Sausage Casings,Shirred Cellulose Casings,"High mechanical tensile strength for automated stuffing of hot dogs, frankfurters, and smoked sausages, uniform caliber diameter, optimal smoke permeability, and clean peeling.",Yes,"No, but copied variant",Analyst Proposed,Inherited Sibling Specs (Direct TDS Required),[Catalog TDS Reference Linked]: Ingreva Cellulose Casing.pdf | Note: Grade-specific active concentration & dosage left blank pending Supplier CoA.,Concentration / Grade Variant (Same Application),Cellulose casing - 23E*84; Cellulose casing - 26E*84; Cellulose casing - 21E*84; Cellulose casing - 28E*84; Frankfurte casing 24/84,Ingreva Cellulose Casing.pdf,Cellulose Casing,AWA Food Additives,Ingreva,,24 months,,Smoked casing - 23E*84,25 kg,"Store in a cool, dry place away from direct sunlight",None declared,,"Smoked casing - 23E*84, food grade industrial ingredient."
347,Sodium Acid Pyrophosphate (SAPP28)-25kg,Sodium Acid Pyrophosphate (SAPP28)-25kg,Bakery,Cake & Bakery,Sponge Cake / Muffin Leavening,Controls acid-reaction rate in chemical leavening systems for cake batters and biscuits.,No,"No, and doesn't have variants",Analyst Proposed,Missing TDS - Urgent R&D Request,[Catalog TDS Reference Linked]: Bio Ingredints Portfolio B2B.PDF | Note: Grade-specific active concentration & dosage left blank pending Supplier CoA.,Single Product,None,Bio Ingredints Portfolio B2B.PDF,Food Additive / Preservative / Buffer,AWA Food Solutions,AWA Food Solutions,,24 months,,Sodium Acid Pyrophosphate (SAPP28)-25kg,25kg,"Store in a cool, dry place away from direct sunlight",None declared,,"Sodium Acid Pyrophosphate (SAPP28)-25kg, food grade industrial ingredient."
348,Sodium Ascorbate China,Sodium Ascorbate China,Meat & Poultry,Processed Meat,Emulsified Sausages & Restructured Meat,"Optimizes meat protein binding, cured color fixation, texture cross-linking, and shelf-life extension in sausages, luncheon, and beef pastrami.",No,"No, and doesn't have variants",Analyst Proposed,Missing TDS - Urgent R&D Request,[Catalog TDS Reference Linked]: Bio Ingredints Portfolio B2B.PDF | Note: Grade-specific active concentration & dosage left blank pending Supplier CoA.,Single Product,None,Bio Ingredints Portfolio B2B.PDF,Food Ingredient,AWA Food Solutions,AWA Food Solutions,,24 months,,Sodium Ascorbate China,25 kg,"Store in a cool, dry place away from direct sunlight",None declared,,"Sodium Ascorbate China, food grade industrial ingredient."
349,Sodium Benzoate China-25kg,Sodium Benzoate,Beverages,Carbonated Drinks,Cola / Carbonated Soft Drinks,Broad-spectrum antimicrobial inhibition against yeasts and molds in acidic beverages.,Yes,Not found for any variants,Analyst Proposed,Missing TDS - Urgent R&D Request,[Catalog TDS Reference Linked]: Bio Ingredints Portfolio B2B.PDF | Note: Grade-specific active concentration & dosage left blank pending Supplier CoA.,Concentration / Grade Variant (Same Application),Sodium Benzoate Wuhan-25kg,Bio Ingredints Portfolio B2B.PDF,Food Additive / Preservative / Buffer,AWA Food Solutions,AWA Food Solutions,,24 months,,Sodium Benzoate China-25kg,25kg,"Store in a cool, dry place away from direct sunlight",None declared,,"Sodium Benzoate China-25kg, food grade industrial ingredient."
350,Sodium Benzoate Wuhan-25kg,Sodium Benzoate,Beverages,Carbonated Drinks,Cola / Carbonated Soft Drinks,Broad-spectrum antimicrobial inhibition against yeasts and molds in acidic beverages.,Yes,Not found for any variants,Analyst Proposed,Missing TDS - Urgent R&D Request,[Catalog TDS Reference Linked]: Bio Ingredints Portfolio B2B.PDF | Note: Grade-specific active concentration & dosage left blank pending Supplier CoA.,Concentration / Grade Variant (Same Application),Sodium Benzoate China-25kg,Bio Ingredints Portfolio B2B.PDF,Food Additive / Preservative / Buffer,AWA Food Solutions,AWA Food Solutions,,24 months,,Sodium Benzoate Wuhan-25kg,25kg,"Store in a cool, dry place away from direct sunlight",None declared,,"Sodium Benzoate Wuhan-25kg, food grade industrial ingredient."
351,Sodium Citrate-25kg,Sodium Citrate-25kg,Beverages,Carbonated Drinks,Cola / Carbonated Soft Drinks,"Provides crisp tart acidity, enhances fruit flavor perception, and regulates formulation pH.",No,"No, and doesn't have variants",Analyst Proposed,Missing TDS - Urgent R&D Request,[Catalog TDS Reference Linked]: Bio Ingredints Portfolio B2B.PDF | Note: Grade-specific active concentration & dosage left blank pending Supplier CoA.,Single Product,None,Bio Ingredints Portfolio B2B.PDF,Food Additive / Preservative / Buffer,AWA Food Solutions,AWA Food Solutions,,24 months,,Sodium Citrate-25kg,25kg,"Store in a cool, dry place away from direct sunlight",None declared,,"Sodium Citrate-25kg, food grade industrial ingredient."
352,Sodium Diacetate-25kg,Sodium Diacetate-25kg,Meat & Poultry,Processed Meat,Emulsified Sausages & Restructured Meat,"Optimizes meat protein binding, cured color fixation, texture cross-linking, and shelf-life extension in sausages, luncheon, and beef pastrami.",No,"No, and doesn't have variants",Analyst Proposed,Missing TDS - Urgent R&D Request,[Catalog TDS Reference Linked]: Bio Ingredints Portfolio B2B.PDF | Note: Grade-specific active concentration & dosage left blank pending Supplier CoA.,Single Product,None,Bio Ingredints Portfolio B2B.PDF,Food Ingredient,AWA Food Solutions,AWA Food Solutions,,24 months,,Sodium Diacetate-25kg,25kg,"Store in a cool, dry place away from direct sunlight",None declared,,"Sodium Diacetate-25kg, food grade industrial ingredient."
353,Sodium Erythorbate China-25kg,Sodium Erythorbate China-25kg,Meat & Poultry,Processed Meat,Emulsified Sausages & Restructured Meat,"Optimizes meat protein binding, cured color fixation, texture cross-linking, and shelf-life extension in sausages, luncheon, and beef pastrami.",No,"No, and doesn't have variants",Analyst Proposed,Missing TDS - Urgent R&D Request,[Catalog TDS Reference Linked]: Bio Ingredints Portfolio B2B.PDF | Note: Grade-specific active concentration & dosage left blank pending Supplier CoA.,Single Product,None,Bio Ingredints Portfolio B2B.PDF,Food Ingredient,AWA Food Solutions,AWA Food Solutions,,24 months,,Sodium Erythorbate China-25kg,25kg,"Store in a cool, dry place away from direct sunlight",None declared,,"Sodium Erythorbate China-25kg, food grade industrial ingredient."
354,Sodium Hexametaphosphate (SHMP)-25kg,Sodium Hexametaphosphate (SHMP)-25kg,Meat & Poultry,Poultry Processing & Sausages,Injected Chicken / Turkey Breasts & Sausages,"Increases muscle protein ionic strength and pH, maximizing brine retention, reducing cooking purge, and enhancing sausage snap.",No,"No, and doesn't have variants",Analyst Proposed,Missing TDS - Urgent R&D Request,[Catalog TDS Reference Linked]: Bio Ingredints Portfolio B2B.PDF | Note: Grade-specific active concentration & dosage left blank pending Supplier CoA.,Single Product,None,Bio Ingredints Portfolio B2B.PDF,Food Additive / Preservative / Buffer,AWA Food Solutions,AWA Food Solutions,,24 months,,Sodium Hexametaphosphate (SHMP)-25kg,25kg,"Store in a cool, dry place away from direct sunlight",None declared,,"Sodium Hexametaphosphate (SHMP)-25kg, food grade industrial ingredient."
355,Sodium Lactate-25kg,Sodium Lactate-25kg,Meat & Poultry,Processed Meat,Emulsified Sausages & Restructured Meat,"Optimizes meat protein binding, cured color fixation, texture cross-linking, and shelf-life extension in sausages, luncheon, and beef pastrami.",No,"No, and doesn't have variants",Analyst Proposed,Missing TDS - Urgent R&D Request,[Catalog TDS Reference Linked]: Bio Ingredints Portfolio B2B.PDF | Note: Grade-specific active concentration & dosage left blank pending Supplier CoA.,Single Product,None,Bio Ingredints Portfolio B2B.PDF,Food Ingredient,AWA Food Solutions,AWA Food Solutions,,24 months,,Sodium Lactate-25kg,25kg,"Store in a cool, dry place away from direct sunlight",None declared,,"Sodium Lactate-25kg, food grade industrial ingredient."
356,Sodium Metabisulfite-25kg,Sodium Metabisulfite-25kg,Meat & Poultry,Processed Meat,Emulsified Sausages & Restructured Meat,"Optimizes meat protein binding, cured color fixation, texture cross-linking, and shelf-life extension in sausages, luncheon, and beef pastrami.",No,"No, and doesn't have variants",Analyst Proposed,Missing TDS - Urgent R&D Request,[Catalog TDS Reference Linked]: Bio Ingredints Portfolio B2B.PDF | Note: Grade-specific active concentration & dosage left blank pending Supplier CoA.,Single Product,None,Bio Ingredints Portfolio B2B.PDF,Food Ingredient,AWA Food Solutions,AWA Food Solutions,,24 months,,Sodium Metabisulfite-25kg,25kg,"Store in a cool, dry place away from direct sunlight",None declared,,"Sodium Metabisulfite-25kg, food grade industrial ingredient."
357,Sodium Tripolyphosphate (STPP)-25kg,STPP Phosphates,Meat & Poultry,Poultry Processing & Sausages,Injected Chicken / Turkey Breasts & Sausages,"Increases muscle protein ionic strength and pH, maximizing brine retention, reducing cooking purge, and enhancing sausage snap.",No,"No, and doesn't have variants",Analyst Proposed,Missing TDS - Urgent R&D Request,[Catalog TDS Reference Linked]: Bio Ingredints Portfolio B2B.PDF | Note: Grade-specific active concentration & dosage left blank pending Supplier CoA.,Single Product,None,Bio Ingredints Portfolio B2B.PDF,Food Additive / Preservative / Buffer,AWA Food Solutions,AWA Food Solutions,,24 months,,Sodium Tripolyphosphate (STPP)-25kg,25kg,"Store in a cool, dry place away from direct sunlight",None declared,,"Sodium Tripolyphosphate (STPP)-25kg, food grade industrial ingredient."
358,Soya Protein Concentrate 70%,Soya Proteins & TVP,Meat & Poultry,Minced Meat & Meat Alternatives,"Burgers, Kofta & Plant-Based Nuggets","Provides meat-like fibrous chewiness, binds fat and water, reduces formulation cost, and builds structure in meat patties and plant-based nuggets.",Yes,"No, but copied variant",Analyst Proposed,Inherited Sibling Specs (Direct TDS Required),[Catalog TDS Reference Linked]: Soy flour TDS.pdf | Note: Grade-specific active concentration & dosage left blank pending Supplier CoA.,Concentration / Grade Variant (Same Application),TVP Soya Local; Soya Protein Isolate 90%; Soya Protein Isolate 90% (Gelling); Soya Protein Isolate 90% (Injection); TVP Soya Local - S,Soy flour TDS.pdf,Protein,AWA Food Solutions,AWA Food Solutions,,24 months,,Soya Protein Concentrate 70%,25 kg,"Store in a cool, dry place away from direct sunlight",None declared,,"Soya Protein Concentrate 70%, food grade industrial ingredient."
359,Soya Protein Isolate 90%,Soya Proteins & TVP,Meat & Poultry,Minced Meat & Meat Alternatives,"Burgers, Kofta & Plant-Based Nuggets","Provides meat-like fibrous chewiness, binds fat and water, reduces formulation cost, and builds structure in meat patties and plant-based nuggets.",Yes,"No, but copied variant",Analyst Proposed,Inherited Sibling Specs (Direct TDS Required),[Catalog TDS Reference Linked]: Soy flour TDS.pdf | Note: Grade-specific active concentration & dosage left blank pending Supplier CoA.,Concentration / Grade Variant (Same Application),TVP Soya Local; Soya Protein Concentrate 70%; Soya Protein Isolate 90% (Gelling); Soya Protein Isolate 90% (Injection); TVP Soya Local - S,Soy flour TDS.pdf,Protein,AWA Food Solutions,AWA Food Solutions,,24 months,,Soya Protein Isolate 90%,25 kg,"Store in a cool, dry place away from direct sunlight",None declared,,"Soya Protein Isolate 90%, food grade industrial ingredient."
360,Soya Protein Isolate 90% (Gelling),Soya Proteins & TVP,Meat & Poultry,Minced Meat & Meat Alternatives,"Burgers, Kofta & Plant-Based Nuggets","Provides meat-like fibrous chewiness, binds fat and water, reduces formulation cost, and builds structure in meat patties and plant-based nuggets.",Yes,"No, but copied variant",Analyst Proposed,Inherited Sibling Specs (Direct TDS Required),[Catalog TDS Reference Linked]: Soy flour TDS.pdf | Note: Grade-specific active concentration & dosage left blank pending Supplier CoA.,Concentration / Grade Variant (Same Application),TVP Soya Local; Soya Protein Concentrate 70%; Soya Protein Isolate 90%; Soya Protein Isolate 90% (Injection); TVP Soya Local - S,Soy flour TDS.pdf,Protein,AWA Food Solutions,AWA Food Solutions,,24 months,,Soya Protein Isolate 90% (Gelling),25 kg,"Store in a cool, dry place away from direct sunlight",None declared,,"Soya Protein Isolate 90% (Gelling), food grade industrial ingredient."
361,Soya Protein Isolate 90% (Injection),Soya Proteins & TVP,Meat & Poultry,Minced Meat & Meat Alternatives,"Burgers, Kofta & Plant-Based Nuggets","Provides meat-like fibrous chewiness, binds fat and water, reduces formulation cost, and builds structure in meat patties and plant-based nuggets.",Yes,"No, but copied variant",Analyst Proposed,Inherited Sibling Specs (Direct TDS Required),[Catalog TDS Reference Linked]: Soy flour TDS.pdf | Note: Grade-specific active concentration & dosage left blank pending Supplier CoA.,Concentration / Grade Variant (Same Application),TVP Soya Local; Soya Protein Concentrate 70%; Soya Protein Isolate 90%; Soya Protein Isolate 90% (Gelling); TVP Soya Local - S,Soy flour TDS.pdf,Protein,AWA Food Solutions,AWA Food Solutions,,24 months,,Soya Protein Isolate 90% (Injection),25 kg,"Store in a cool, dry place away from direct sunlight",None declared,,"Soya Protein Isolate 90% (Injection), food grade industrial ingredient."
362,Sunset Yellow,Sunset Yellow,Confectionery,Sugar Confectionery,Hard / Soft Candies,Brilliant lemon-yellow natural shade with clean sensory profile.,No,"No, and doesn't have variants",Analyst Proposed,Missing TDS - Urgent R&D Request,[Catalog TDS Reference Linked]: Bio Ingredints Portfolio B2B.PDF | Note: Grade-specific active concentration & dosage left blank pending Supplier CoA.,Single Product,None,Bio Ingredints Portfolio B2B.PDF,Food Ingredient,AWA Food Solutions,AWA Food Solutions,,24 months,,Sunset Yellow,25 kg,"Store in a cool, dry place away from direct sunlight",None declared,,"Sunset Yellow, food grade industrial ingredient."
363,Textra P 103 25 kg,Textra / Revastab Meat & Gelling Blends,Meat & Poultry,Processed Meat,Emulsified Sausages,"Optimizes myofibrillar protein activation, binds fat and water tightly, and enhances casing bite in frankfurters.",Yes,"No, but copied variant",Analyst Proposed,Inherited Sibling Specs (Direct TDS Required),[Catalog TDS Reference Linked]: Ingreva RevaStab MC100 TDS.pdf | Note: Grade-specific active concentration & dosage left blank pending Supplier CoA.,Application-Specific Variant (Different Applications),Ingreva RevaStab MC100; Ingreva RevaStab MCG; Ingreva RevaStab MCV; Revastab MCG; Textra P 105; Textra P106; Textra P 108 AH; Textra P 125; Textra P 204; Textra P105K; Textra P106 R; Textra P106 X; Textra P53; TEXTRA P 104 25 kg; Textra P100; Textra P100 25 kg,Ingreva RevaStab MC100 TDS.pdf,Functional Blend,AWA Food Solutions,AWA Food Solutions,,24 months,,Textra P 103 25 kg,25 kg,"Store in a cool, dry place away from direct sunlight",None declared,,"Textra P 103 25 kg, food grade industrial ingredient."
364,TEXTRA P 104 25 kg,Textra / Revastab Meat & Gelling Blends,Meat & Poultry,Processed Meat,Emulsified Sausages,"Optimizes myofibrillar protein activation, binds fat and water tightly, and enhances casing bite in frankfurters.",Yes,"No, but copied variant",Analyst Proposed,Inherited Sibling Specs (Direct TDS Required),[Catalog TDS Reference Linked]: Ingreva RevaStab MC100 TDS.pdf | Note: Grade-specific active concentration & dosage left blank pending Supplier CoA.,Application-Specific Variant (Different Applications),Ingreva RevaStab MC100; Ingreva RevaStab MCG; Ingreva RevaStab MCV; Revastab MCG; Textra P 105; Textra P106; Textra P 108 AH; Textra P 125; Textra P 204; Textra P105K; Textra P106 R; Textra P106 X; Textra P53; Textra P 103 25 kg; Textra P100; Textra P100 25 kg,Ingreva RevaStab MC100 TDS.pdf,Functional Blend,AWA Food Solutions,AWA Food Solutions,,24 months,,TEXTRA P 104 25 kg,25 kg,"Store in a cool, dry place away from direct sunlight",None declared,,"TEXTRA P 104 25 kg, food grade industrial ingredient."
365,Textra P100,Textra / Revastab Meat & Gelling Blends,Meat & Poultry,Processed Meat,Emulsified Sausages,"Optimizes myofibrillar protein activation, binds fat and water tightly, and enhances casing bite in frankfurters.",Yes,"No, but copied variant",Analyst Proposed,Inherited Sibling Specs (Direct TDS Required),[Catalog TDS Reference Linked]: Ingreva RevaStab MC100 TDS.pdf | Note: Grade-specific active concentration & dosage left blank pending Supplier CoA.,Application-Specific Variant (Different Applications),Ingreva RevaStab MC100; Ingreva RevaStab MCG; Ingreva RevaStab MCV; Revastab MCG; Textra P 105; Textra P106; Textra P 108 AH; Textra P 125; Textra P 204; Textra P105K; Textra P106 R; Textra P106 X; Textra P53; Textra P 103 25 kg; TEXTRA P 104 25 kg; Textra P100 25 kg,Ingreva RevaStab MC100 TDS.pdf,Functional Blend,AWA Food Solutions,AWA Food Solutions,,24 months,,Textra P100,25 kg,"Store in a cool, dry place away from direct sunlight",None declared,,"Textra P100, food grade industrial ingredient."
366,Textra P100 25 kg,Textra / Revastab Meat & Gelling Blends,Meat & Poultry,Processed Meat,Emulsified Sausages,"Optimizes myofibrillar protein activation, binds fat and water tightly, and enhances casing bite in frankfurters.",Yes,"No, but copied variant",Analyst Proposed,Inherited Sibling Specs (Direct TDS Required),[Catalog TDS Reference Linked]: Ingreva RevaStab MC100 TDS.pdf | Note: Grade-specific active concentration & dosage left blank pending Supplier CoA.,Application-Specific Variant (Different Applications),Ingreva RevaStab MC100; Ingreva RevaStab MCG; Ingreva RevaStab MCV; Revastab MCG; Textra P 105; Textra P106; Textra P 108 AH; Textra P 125; Textra P 204; Textra P105K; Textra P106 R; Textra P106 X; Textra P53; Textra P 103 25 kg; TEXTRA P 104 25 kg; Textra P100,Ingreva RevaStab MC100 TDS.pdf,Functional Blend,AWA Food Solutions,AWA Food Solutions,,24 months,,Textra P100 25 kg,25 kg,"Store in a cool, dry place away from direct sunlight",None declared,,"Textra P100 25 kg, food grade industrial ingredient."
367,Transglutaminase (TG),Transglutaminase (TG),Meat & Poultry,Processed Meat,Emulsified Sausages & Restructured Meat,"Optimizes meat protein binding, cured color fixation, texture cross-linking, and shelf-life extension in sausages, luncheon, and beef pastrami.",No,"No, and doesn't have variants",Analyst Proposed,Missing TDS - Urgent R&D Request,[Catalog TDS Reference Linked]: Bio Ingredints Portfolio B2B.PDF | Note: Grade-specific active concentration & dosage left blank pending Supplier CoA.,Single Product,None,Bio Ingredints Portfolio B2B.PDF,Food Ingredient,AWA Food Solutions,AWA Food Solutions,,24 months,,Transglutaminase (TG),25 kg,"Store in a cool, dry place away from direct sunlight",None declared,,"Transglutaminase (TG), food grade industrial ingredient."
368,TVP Soya Local - S,Soya Proteins & TVP,Meat & Poultry,Minced Meat & Meat Alternatives,"Burgers, Kofta & Plant-Based Nuggets","Provides meat-like fibrous chewiness, binds fat and water, reduces formulation cost, and builds structure in meat patties and plant-based nuggets.",Yes,"No, but copied variant",Analyst Proposed,Inherited Sibling Specs (Direct TDS Required),[Catalog TDS Reference Linked]: Soy flour TDS.pdf | Note: Grade-specific active concentration & dosage left blank pending Supplier CoA.,Concentration / Grade Variant (Same Application),TVP Soya Local; Soya Protein Concentrate 70%; Soya Protein Isolate 90%; Soya Protein Isolate 90% (Gelling); Soya Protein Isolate 90% (Injection),Soy flour TDS.pdf,Protein,AWA Food Solutions,AWA Food Solutions,,24 months,,TVP Soya Local - S,25 kg,"Store in a cool, dry place away from direct sunlight",None declared,,"TVP Soya Local - S, food grade industrial ingredient."
369,Vegatable Carbon Black,Vegatable Carbon Black,Dairy,Cheese & Dairy Systems,Processed Cheese & Dairy Spreads,Standardized food grade functional ingredient.,No,"No, and doesn't have variants",Analyst Proposed,Missing TDS - Urgent R&D Request,[Catalog TDS Reference Linked]: Bio Ingredints Portfolio B2B.PDF | Note: Grade-specific active concentration & dosage left blank pending Supplier CoA.,Single Product,None,Bio Ingredints Portfolio B2B.PDF,Food Ingredient,AWA Food Solutions,AWA Food Solutions,,24 months,,Vegatable Carbon Black,25 kg,"Store in a cool, dry place away from direct sunlight",None declared,,"Vegatable Carbon Black, food grade industrial ingredient."
370,Whey Protein Concentrate 80% (WPC 80),Whey Protein Concentrate 80% (WPC 80),Meat & Poultry,Minced Meat & Meat Alternatives,"Burgers, Kofta & Plant-Based Nuggets","Provides meat-like fibrous chewiness, binds fat and water, reduces formulation cost, and builds structure in meat patties and plant-based nuggets.",No,"No, and doesn't have variants",Analyst Proposed,Missing TDS - Urgent R&D Request,[Catalog TDS Reference Linked]: Bio Ingredints Portfolio B2B.PDF | Note: Grade-specific active concentration & dosage left blank pending Supplier CoA.,Single Product,None,Bio Ingredints Portfolio B2B.PDF,Protein,AWA Food Solutions,AWA Food Solutions,,24 months,,Whey Protein Concentrate 80% (WPC 80),25 kg,"Store in a cool, dry place away from direct sunlight",None declared,,"Whey Protein Concentrate 80% (WPC 80), food grade industrial ingredient."
371,Xanthan Gum (200 Mesh),Xanthan Gum,"Sauces, Condiments & Dressings",Emulsified Sauces & Dips,Mayonnaise / Salad Dressings,"Pseudoplastic shear-thinning viscosity, permanent emulsion stability, and high cling.",Yes,Not found for any variants,Analyst Proposed,Missing TDS - Urgent R&D Request,[Catalog TDS Reference Linked]: Bio Ingredints Portfolio B2B.PDF | Note: Grade-specific active concentration & dosage left blank pending Supplier CoA.,Concentration / Grade Variant (Same Application),Xanthan Gum (80 Mesh); Xanthan Gum Clear; Xanthan Gum F80; Xanthan Gum Transparent,Bio Ingredints Portfolio B2B.PDF,Stabilizer / Hydrocolloid,AWA Food Solutions,AWA Food Solutions,,24 months,,Xanthan Gum (200 Mesh),25 kg,"Store in a cool, dry place away from direct sunlight",None declared,,"Xanthan Gum (200 Mesh), food grade industrial ingredient."
372,Xanthan Gum (80 Mesh),Xanthan Gum,"Sauces, Condiments & Dressings",Emulsified Sauces & Dips,Mayonnaise / Salad Dressings,"Pseudoplastic shear-thinning viscosity, permanent emulsion stability, and high cling.",Yes,Not found for any variants,Analyst Proposed,Missing TDS - Urgent R&D Request,[Catalog TDS Reference Linked]: Bio Ingredints Portfolio B2B.PDF | Note: Grade-specific active concentration & dosage left blank pending Supplier CoA.,Concentration / Grade Variant (Same Application),Xanthan Gum (200 Mesh); Xanthan Gum Clear; Xanthan Gum F80; Xanthan Gum Transparent,Bio Ingredints Portfolio B2B.PDF,Stabilizer / Hydrocolloid,AWA Food Solutions,AWA Food Solutions,,24 months,,Xanthan Gum (80 Mesh),25 kg,"Store in a cool, dry place away from direct sunlight",None declared,,"Xanthan Gum (80 Mesh), food grade industrial ingredient."
373,Xanthan Gum Clear,Xanthan Gum,"Sauces, Condiments & Dressings",Emulsified Sauces & Dips,Mayonnaise / Salad Dressings,"Pseudoplastic shear-thinning viscosity, permanent emulsion stability, and high cling.",Yes,Not found for any variants,Analyst Proposed,Missing TDS - Urgent R&D Request,[Catalog TDS Reference Linked]: Bio Ingredints Portfolio B2B.PDF | Note: Grade-specific active concentration & dosage left blank pending Supplier CoA.,Concentration / Grade Variant (Same Application),Xanthan Gum (200 Mesh); Xanthan Gum (80 Mesh); Xanthan Gum F80; Xanthan Gum Transparent,Bio Ingredints Portfolio B2B.PDF,Stabilizer / Hydrocolloid,AWA Food Solutions,AWA Food Solutions,,24 months,,Xanthan Gum Clear,25 kg,"Store in a cool, dry place away from direct sunlight",None declared,,"Xanthan Gum Clear, food grade industrial ingredient."
374,Xanthan Gum F80,Xanthan Gum,"Sauces, Condiments & Dressings",Emulsified Sauces & Dips,Mayonnaise / Salad Dressings,"Pseudoplastic shear-thinning viscosity, permanent emulsion stability, and high cling.",Yes,Not found for any variants,Analyst Proposed,Missing TDS - Urgent R&D Request,[Catalog TDS Reference Linked]: Bio Ingredints Portfolio B2B.PDF | Note: Grade-specific active concentration & dosage left blank pending Supplier CoA.,Concentration / Grade Variant (Same Application),Xanthan Gum (200 Mesh); Xanthan Gum (80 Mesh); Xanthan Gum Clear; Xanthan Gum Transparent,Bio Ingredints Portfolio B2B.PDF,Stabilizer / Hydrocolloid,AWA Food Solutions,AWA Food Solutions,,24 months,,Xanthan Gum F80,25 kg,"Store in a cool, dry place away from direct sunlight",None declared,,"Xanthan Gum F80, food grade industrial ingredient."
375,Xanthan Gum Transparent,Xanthan Gum,"Sauces, Condiments & Dressings",Emulsified Sauces & Dips,Mayonnaise / Salad Dressings,"Pseudoplastic shear-thinning viscosity, permanent emulsion stability, and high cling.",Yes,Not found for any variants,Analyst Proposed,Missing TDS - Urgent R&D Request,[Catalog TDS Reference Linked]: Bio Ingredints Portfolio B2B.PDF | Note: Grade-specific active concentration & dosage left blank pending Supplier CoA.,Concentration / Grade Variant (Same Application),Xanthan Gum (200 Mesh); Xanthan Gum (80 Mesh); Xanthan Gum Clear; Xanthan Gum F80,Bio Ingredints Portfolio B2B.PDF,Stabilizer / Hydrocolloid,AWA Food Solutions,AWA Food Solutions,,24 months,,Xanthan Gum Transparent,25 kg,"Store in a cool, dry place away from direct sunlight",None declared,,"Xanthan Gum Transparent, food grade industrial ingredient."
376,Yellow color W,Yellow color W,Confectionery,Sugar Confectionery,Hard / Soft Candies,Brilliant lemon-yellow natural shade with clean sensory profile.,No,"No, and doesn't have variants",Analyst Proposed,Missing TDS - Urgent R&D Request,[Catalog TDS Reference Linked]: Natural Colors (TDS)s.pdf | Note: Grade-specific active concentration & dosage left blank pending Supplier CoA.,Single Product,None,Natural Colors (TDS)s.pdf,Food Color,AWA Food Solutions,AWA Food Solutions,,24 months,,Yellow color W,25 kg,"Store in a cool, dry place away from direct sunlight",None declared,,"Yellow color W, food grade industrial ingredient."